INFO:     Will watch for changes in these directories: ['/Users/root1/Downloads/ RiskTrix/risktrix-backend']
INFO:     Uvicorn running on http://0.0.0.0:8000 (Press CTRL+C to quit)
INFO:     Started reloader process [87846] using WatchFiles
/Users/root1/Downloads/ RiskTrix/risktrix-backend/venv/lib/python3.11/site-packages/pydantic/_internal/_config.py:345: UserWarning: Valid config keys have changed in V2:
* 'orm_mode' has been renamed to 'from_attributes'
  warnings.warn(message, UserWarning)
INFO:     Started server process [87902]
INFO:     Waiting for application startup.
2025-12-30 17:20:33 - app.main - INFO - 🚀 Starting RiskTrix Backend Application...
2025-12-30 17:20:33 - app.main - INFO - Environment: development
2025-12-30 17:20:33 - app.main - INFO - API Version: 1.0.0
INFO:     Application startup complete.
2025-12-30 17:20:42 - app.main - INFO - 📨 GET http://localhost:8000/health
2025-12-30 17:20:42 - app.main - INFO - ⚡ Completed in 0.0009s - Status: 200
INFO:     127.0.0.1:49273 - "GET /health HTTP/1.1" 200 OK
2025-12-30 17:20:50 - app.main - INFO - 📨 POST http://localhost:8000/api/v1/users/
2025-12-30 17:20:50 - app.crud.crud_user - INFO - Password byte length: 12 for user standarduser@example.com
2025-12-30 17:20:51,004 INFO sqlalchemy.engine.Engine select pg_catalog.version()
2025-12-30 17:20:51,004 INFO sqlalchemy.engine.Engine [raw sql] ()
2025-12-30 17:20:51,005 INFO sqlalchemy.engine.Engine select current_schema()
2025-12-30 17:20:51,005 INFO sqlalchemy.engine.Engine [raw sql] ()
2025-12-30 17:20:51,005 INFO sqlalchemy.engine.Engine show standard_conforming_strings
2025-12-30 17:20:51,005 INFO sqlalchemy.engine.Engine [raw sql] ()
2025-12-30 17:20:51,005 INFO sqlalchemy.engine.Engine BEGIN (implicit)
2025-12-30 17:20:51,007 INFO sqlalchemy.engine.Engine INSERT INTO users (email, username, full_name, hashed_password, is_active, is_superuser, role, last_login, phone, department, profile_type, company, privilege_level, clearance_level, created_at, updated_at) VALUES ($1::VARCHAR, $2::VARCHAR, $3::VARCHAR, $4::VARCHAR, $5::BOOLEAN, $6::BOOLEAN, $7::userrole, $8::TIMESTAMP WITH TIME ZONE, $9::VARCHAR, $10::VARCHAR, $11::VARCHAR, $12::VARCHAR, $13::VARCHAR, $14::VARCHAR, now(), now()) RETURNING users.id, users.created_at, users.updated_at
2025-12-30 17:20:51,007 INFO sqlalchemy.engine.Engine [generated in 0.00012s] ('standarduser@example.com', 'standarduser', 'Standard User', '$2b$12$.SMNfXLuqGVIyXShAgKxjumXLprU2yYxoGXZk/qp0am.t4tuplN96', True, False, 'STANDARD', None, '555-9999', None, None, None, 'standard', 'low')
2025-12-30 17:20:51,013 INFO sqlalchemy.engine.Engine COMMIT
2025-12-30 17:20:51,014 INFO sqlalchemy.engine.Engine BEGIN (implicit)
2025-12-30 17:20:51,015 INFO sqlalchemy.engine.Engine SELECT users.id, users.email, users.username, users.full_name, users.hashed_password, users.is_active, users.is_superuser, users.role, users.last_login, users.phone, users.department, users.profile_type, users.company, users.privilege_level, users.clearance_level, users.created_at, users.updated_at 
FROM users 
WHERE users.id = $1::INTEGER
2025-12-30 17:20:51,015 INFO sqlalchemy.engine.Engine [generated in 0.00007s] (7,)
2025-12-30 17:20:51 - app.crud.crud_user - INFO - Created user: standarduser@example.com (ID: 7)
2025-12-30 17:20:51,016 INFO sqlalchemy.engine.Engine COMMIT
2025-12-30 17:20:51 - app.main - INFO - ⚡ Completed in 0.3143s - Status: 200
INFO:     127.0.0.1:49308 - "POST /api/v1/users/ HTTP/1.1" 200 OK
2025-12-30 17:20:58 - app.main - INFO - 📨 POST http://localhost:8000/api/v1/auth/login
2025-12-30 17:20:58,764 INFO sqlalchemy.engine.Engine BEGIN (implicit)
2025-12-30 17:20:58,764 INFO sqlalchemy.engine.Engine SELECT users.id, users.email, users.username, users.full_name, users.hashed_password, users.is_active, users.is_superuser, users.role, users.last_login, users.phone, users.department, users.profile_type, users.company, users.privilege_level, users.clearance_level, users.created_at, users.updated_at 
FROM users 
WHERE users.email = $1::VARCHAR
2025-12-30 17:20:58,764 INFO sqlalchemy.engine.Engine [generated in 0.00009s] ('standarduser@example.com',)
2025-12-30 17:20:59,001 INFO sqlalchemy.engine.Engine UPDATE users SET last_login=$1::TIMESTAMP WITH TIME ZONE, updated_at=now() WHERE users.id = $2::INTEGER
2025-12-30 17:20:59,002 INFO sqlalchemy.engine.Engine [generated in 0.00012s] (datetime.datetime(2025, 12, 30, 11, 50, 59, 1217), 7)
2025-12-30 17:20:59,003 INFO sqlalchemy.engine.Engine COMMIT
2025-12-30 17:20:59,005 INFO sqlalchemy.engine.Engine BEGIN (implicit)
2025-12-30 17:20:59,005 INFO sqlalchemy.engine.Engine SELECT users.id, users.email, users.username, users.full_name, users.hashed_password, users.is_active, users.is_superuser, users.role, users.last_login, users.phone, users.department, users.profile_type, users.company, users.privilege_level, users.clearance_level, users.created_at, users.updated_at 
FROM users 
WHERE users.id = $1::INTEGER
2025-12-30 17:20:59,005 INFO sqlalchemy.engine.Engine [cached since 7.99s ago] (7,)
2025-12-30 17:20:59 - app.crud.crud_user - INFO - Updated user: standarduser@example.com (ID: 7)
2025-12-30 17:20:59,008 INFO sqlalchemy.engine.Engine COMMIT
2025-12-30 17:20:59 - app.main - INFO - ⚡ Completed in 0.2465s - Status: 200
INFO:     127.0.0.1:49346 - "POST /api/v1/auth/login HTTP/1.1" 200 OK
2025-12-30 17:23:40 - app.main - INFO - 📨 OPTIONS http://localhost:8000/api/v1/users/
2025-12-30 17:23:40 - app.main - INFO - ⚡ Completed in 0.0030s - Status: 200
INFO:     127.0.0.1:50080 - "OPTIONS /api/v1/users/ HTTP/1.1" 200 OK
2025-12-30 17:23:40 - app.main - INFO - 📨 POST http://localhost:8000/api/v1/users/
2025-12-30 17:23:40 - app.crud.crud_user - INFO - Password byte length: 8 for user 1234mukesh@gmail.com
2025-12-30 17:23:40,880 INFO sqlalchemy.engine.Engine BEGIN (implicit)
2025-12-30 17:23:40,881 INFO sqlalchemy.engine.Engine INSERT INTO users (email, username, full_name, hashed_password, is_active, is_superuser, role, last_login, phone, department, profile_type, company, privilege_level, clearance_level, created_at, updated_at) VALUES ($1::VARCHAR, $2::VARCHAR, $3::VARCHAR, $4::VARCHAR, $5::BOOLEAN, $6::BOOLEAN, $7::userrole, $8::TIMESTAMP WITH TIME ZONE, $9::VARCHAR, $10::VARCHAR, $11::VARCHAR, $12::VARCHAR, $13::VARCHAR, $14::VARCHAR, now(), now()) RETURNING users.id, users.created_at, users.updated_at
2025-12-30 17:23:40,881 INFO sqlalchemy.engine.Engine [cached since 169.9s ago] ('1234mukesh@gmail.com', '1234mukesh', 'mukesh', '$2b$12$FYEAXM/BInF3YpeeDtde0ObZPiI/G0dPpWDuhFBXFa7hVvHJXwm5.', True, False, 'ADMIN', None, '7607966847', None, None, None, 'standard', 'low')
2025-12-30 17:23:40,883 INFO sqlalchemy.engine.Engine COMMIT
2025-12-30 17:23:40,885 INFO sqlalchemy.engine.Engine BEGIN (implicit)
2025-12-30 17:23:40,885 INFO sqlalchemy.engine.Engine SELECT users.id, users.email, users.username, users.full_name, users.hashed_password, users.is_active, users.is_superuser, users.role, users.last_login, users.phone, users.department, users.profile_type, users.company, users.privilege_level, users.clearance_level, users.created_at, users.updated_at 
FROM users 
WHERE users.id = $1::INTEGER
2025-12-30 17:23:40,885 INFO sqlalchemy.engine.Engine [cached since 169.9s ago] (8,)
2025-12-30 17:23:40 - app.crud.crud_user - INFO - Created user: 1234mukesh@gmail.com (ID: 8)
2025-12-30 17:23:40,886 INFO sqlalchemy.engine.Engine COMMIT
2025-12-30 17:23:40 - app.main - INFO - ⚡ Completed in 0.2679s - Status: 200
INFO:     127.0.0.1:50080 - "POST /api/v1/users/ HTTP/1.1" 200 OK
2025-12-30 17:24:26 - app.main - INFO - 📨 OPTIONS http://localhost:8000/api/v1/auth/login
2025-12-30 17:24:26 - app.main - INFO - ⚡ Completed in 0.0009s - Status: 200
INFO:     127.0.0.1:50082 - "OPTIONS /api/v1/auth/login HTTP/1.1" 200 OK
2025-12-30 17:24:26 - app.main - INFO - 📨 POST http://localhost:8000/api/v1/auth/login
2025-12-30 17:24:26,655 INFO sqlalchemy.engine.Engine BEGIN (implicit)
2025-12-30 17:24:26,670 INFO sqlalchemy.engine.Engine SELECT users.id, users.email, users.username, users.full_name, users.hashed_password, users.is_active, users.is_superuser, users.role, users.last_login, users.phone, users.department, users.profile_type, users.company, users.privilege_level, users.clearance_level, users.created_at, users.updated_at 
FROM users 
WHERE users.username = $1::VARCHAR
2025-12-30 17:24:26,670 INFO sqlalchemy.engine.Engine [generated in 0.00045s] ('1234mukesh',)
2025-12-30 17:24:26,937 INFO sqlalchemy.engine.Engine ROLLBACK
2025-12-30 17:24:26 - app.main - INFO - ⚡ Completed in 0.2968s - Status: 401
INFO:     127.0.0.1:50082 - "POST /api/v1/auth/login HTTP/1.1" 401 Unauthorized
2025-12-30 17:24:40 - app.main - INFO - 📨 POST http://localhost:8000/api/v1/auth/login
2025-12-30 17:24:40,837 INFO sqlalchemy.engine.Engine BEGIN (implicit)
2025-12-30 17:24:40,837 INFO sqlalchemy.engine.Engine SELECT users.id, users.email, users.username, users.full_name, users.hashed_password, users.is_active, users.is_superuser, users.role, users.last_login, users.phone, users.department, users.profile_type, users.company, users.privilege_level, users.clearance_level, users.created_at, users.updated_at 
FROM users 
WHERE users.username = $1::VARCHAR
2025-12-30 17:24:40,838 INFO sqlalchemy.engine.Engine [cached since 14.17s ago] ('1234mukesh',)
2025-12-30 17:24:41,108 INFO sqlalchemy.engine.Engine UPDATE users SET last_login=$1::TIMESTAMP WITH TIME ZONE, updated_at=now() WHERE users.id = $2::INTEGER
2025-12-30 17:24:41,108 INFO sqlalchemy.engine.Engine [cached since 222.1s ago] (datetime.datetime(2025, 12, 30, 11, 54, 41, 107904), 8)
2025-12-30 17:24:41,109 INFO sqlalchemy.engine.Engine COMMIT
2025-12-30 17:24:41 - app.main - INFO - ⚡ Completed in 0.2768s - Status: 200
INFO:     127.0.0.1:50291 - "POST /api/v1/auth/login HTTP/1.1" 200 OK
2025-12-30 17:24:41 - app.main - INFO - 📨 GET http://localhost:8000/api/v1/yourboard/yourboard-metrics
2025-12-30 17:24:41 - app.main - INFO - 📨 GET http://localhost:8000/api/v1/intelligence/weekly
2025-12-30 17:24:41,225 INFO sqlalchemy.engine.Engine BEGIN (implicit)
2025-12-30 17:24:41,226 INFO sqlalchemy.engine.Engine SELECT count(applications.id) AS count_1 
FROM applications 
WHERE EXTRACT(month FROM applications.created_at) = $1::INTEGER AND EXTRACT(year FROM applications.created_at) = $2::INTEGER
2025-12-30 17:24:41,226 INFO sqlalchemy.engine.Engine [generated in 0.00009s] (12, 2025)
2025-12-30 17:24:41,229 INFO sqlalchemy.engine.Engine SELECT count(applications.id) AS count_1 
FROM applications 
WHERE EXTRACT(month FROM applications.created_at) = $1::INTEGER AND EXTRACT(year FROM applications.created_at) = $2::INTEGER
2025-12-30 17:24:41,229 INFO sqlalchemy.engine.Engine [cached since 0.003104s ago] (11, 2025)
2025-12-30 17:24:41,230 INFO sqlalchemy.engine.Engine SELECT count(applications.id) AS count_1 
FROM applications
2025-12-30 17:24:41,230 INFO sqlalchemy.engine.Engine [generated in 0.00004s] ()
2025-12-30 17:24:41,231 INFO sqlalchemy.engine.Engine SELECT count(vulnerabilities.id) AS count_1 
FROM vulnerabilities 
WHERE EXTRACT(month FROM vulnerabilities.created_at) = $1::INTEGER AND EXTRACT(year FROM vulnerabilities.created_at) = $2::INTEGER
2025-12-30 17:24:41,231 INFO sqlalchemy.engine.Engine [generated in 0.00007s] (12, 2025)
2025-12-30 17:24:41,234 INFO sqlalchemy.engine.Engine SELECT count(vulnerabilities.id) AS count_1 
FROM vulnerabilities 
WHERE EXTRACT(month FROM vulnerabilities.created_at) = $1::INTEGER AND EXTRACT(year FROM vulnerabilities.created_at) = $2::INTEGER
2025-12-30 17:24:41,234 INFO sqlalchemy.engine.Engine [cached since 0.00263s ago] (11, 2025)
2025-12-30 17:24:41,234 INFO sqlalchemy.engine.Engine SELECT count(vulnerabilities.id) AS count_1 
FROM vulnerabilities
2025-12-30 17:24:41,234 INFO sqlalchemy.engine.Engine [generated in 0.00005s] ()
2025-12-30 17:24:41,236 INFO sqlalchemy.engine.Engine SELECT vendors.id, vendors.name, vendors.description, vendors.category, vendors.contact_email, vendors.contact_phone, vendors.website, vendors.risk_level, vendors.last_risk_assessment, vendors.next_risk_assessment, vendors.contract_start_date, vendors.contract_end_date, vendors.contract_value, vendors.compliance_status, vendors.compliance_rate, vendors.compliant_controls, vendors.non_compliant_controls, vendors.last_compliance_check, vendors.organization_id, vendors.created_at, vendors.updated_at 
FROM vendors
2025-12-30 17:24:41,236 INFO sqlalchemy.engine.Engine [generated in 0.00008s] ()
2025-12-30 17:24:41,245 INFO sqlalchemy.engine.Engine SELECT vendor_certificates.vendor_id AS vendor_certificates_vendor_id, vendor_certificates.id AS vendor_certificates_id, vendor_certificates.certificate_type AS vendor_certificates_certificate_type, vendor_certificates.certificate_number AS vendor_certificates_certificate_number, vendor_certificates.issue_date AS vendor_certificates_issue_date, vendor_certificates.expiry_date AS vendor_certificates_expiry_date, vendor_certificates.status AS vendor_certificates_status, vendor_certificates.issuing_authority AS vendor_certificates_issuing_authority, vendor_certificates.certificate_url AS vendor_certificates_certificate_url, vendor_certificates.scope AS vendor_certificates_scope, vendor_certificates.notes AS vendor_certificates_notes, vendor_certificates.application_id AS vendor_certificates_application_id, vendor_certificates.created_at AS vendor_certificates_created_at, vendor_certificates.updated_at AS vendor_certificates_updated_at 
FROM vendor_certificates 
WHERE vendor_certificates.vendor_id IN ($1::INTEGER, $2::INTEGER, $3::INTEGER, $4::INTEGER, $5::INTEGER, $6::INTEGER, $7::INTEGER, $8::INTEGER, $9::INTEGER, $10::INTEGER, $11::INTEGER, $12::INTEGER, $13::INTEGER, $14::INTEGER, $15::INTEGER, $16::INTEGER, $17::INTEGER, $18::INTEGER, $19::INTEGER, $20::INTEGER, $21::INTEGER, $22::INTEGER, $23::INTEGER, $24::INTEGER, $25::INTEGER, $26::INTEGER, $27::INTEGER, $28::INTEGER, $29::INTEGER, $30::INTEGER, $31::INTEGER, $32::INTEGER)
2025-12-30 17:24:41,245 INFO sqlalchemy.engine.Engine [generated in 0.00022s] (26, 27, 8, 7, 10, 11, 16, 17, 18, 19, 20, 21, 22, 23, 24, 25, 1, 2, 3, 4, 5, 6, 9, 12, 13, 14, 15, 28, 29, 30, 31, 32)
2025-12-30 17:24:41,248 INFO sqlalchemy.engine.Engine SELECT count(exceptions.id) AS count_1 
FROM exceptions 
WHERE EXTRACT(month FROM exceptions.created_at) = $1::INTEGER AND EXTRACT(year FROM exceptions.created_at) = $2::INTEGER
2025-12-30 17:24:41,248 INFO sqlalchemy.engine.Engine [generated in 0.00007s] (12, 2025)
2025-12-30 17:24:41,250 INFO sqlalchemy.engine.Engine SELECT count(exceptions.id) AS count_1 
FROM exceptions 
WHERE EXTRACT(month FROM exceptions.created_at) = $1::INTEGER AND EXTRACT(year FROM exceptions.created_at) = $2::INTEGER
2025-12-30 17:24:41,250 INFO sqlalchemy.engine.Engine [cached since 0.001636s ago] (11, 2025)
2025-12-30 17:24:41,250 INFO sqlalchemy.engine.Engine SELECT count(exceptions.id) AS count_1 
FROM exceptions
2025-12-30 17:24:41,251 INFO sqlalchemy.engine.Engine [generated in 0.00034s] ()
2025-12-30 17:24:41,252 INFO sqlalchemy.engine.Engine COMMIT
2025-12-30 17:24:41 - app.main - INFO - ⚡ Completed in 0.0831s - Status: 200
INFO:     127.0.0.1:50291 - "GET /api/v1/yourboard/yourboard-metrics HTTP/1.1" 200 OK
2025-12-30 17:24:41 - app.main - INFO - 📨 GET http://localhost:8000/api/v1/yourboard/yourboard-metrics
2025-12-30 17:24:41,255 INFO sqlalchemy.engine.Engine BEGIN (implicit)
2025-12-30 17:24:41,255 INFO sqlalchemy.engine.Engine SELECT count(applications.id) AS count_1 
FROM applications 
WHERE EXTRACT(month FROM applications.created_at) = $1::INTEGER AND EXTRACT(year FROM applications.created_at) = $2::INTEGER
2025-12-30 17:24:41,255 INFO sqlalchemy.engine.Engine [cached since 0.0291s ago] (12, 2025)
2025-12-30 17:24:41,256 INFO sqlalchemy.engine.Engine SELECT count(applications.id) AS count_1 
FROM applications 
WHERE EXTRACT(month FROM applications.created_at) = $1::INTEGER AND EXTRACT(year FROM applications.created_at) = $2::INTEGER
2025-12-30 17:24:41,256 INFO sqlalchemy.engine.Engine [cached since 0.02979s ago] (11, 2025)
2025-12-30 17:24:41,256 INFO sqlalchemy.engine.Engine SELECT count(applications.id) AS count_1 
FROM applications
2025-12-30 17:24:41,256 INFO sqlalchemy.engine.Engine [cached since 0.02627s ago] ()
2025-12-30 17:24:41,256 INFO sqlalchemy.engine.Engine SELECT count(vulnerabilities.id) AS count_1 
FROM vulnerabilities 
WHERE EXTRACT(month FROM vulnerabilities.created_at) = $1::INTEGER AND EXTRACT(year FROM vulnerabilities.created_at) = $2::INTEGER
2025-12-30 17:24:41,256 INFO sqlalchemy.engine.Engine [cached since 0.02544s ago] (12, 2025)
2025-12-30 17:24:41,257 INFO sqlalchemy.engine.Engine SELECT count(vulnerabilities.id) AS count_1 
FROM vulnerabilities 
WHERE EXTRACT(month FROM vulnerabilities.created_at) = $1::INTEGER AND EXTRACT(year FROM vulnerabilities.created_at) = $2::INTEGER
2025-12-30 17:24:41,257 INFO sqlalchemy.engine.Engine [cached since 0.02583s ago] (11, 2025)
2025-12-30 17:24:41,257 INFO sqlalchemy.engine.Engine SELECT count(vulnerabilities.id) AS count_1 
FROM vulnerabilities
2025-12-30 17:24:41,257 INFO sqlalchemy.engine.Engine [cached since 0.0228s ago] ()
2025-12-30 17:24:41,257 INFO sqlalchemy.engine.Engine SELECT vendors.id, vendors.name, vendors.description, vendors.category, vendors.contact_email, vendors.contact_phone, vendors.website, vendors.risk_level, vendors.last_risk_assessment, vendors.next_risk_assessment, vendors.contract_start_date, vendors.contract_end_date, vendors.contract_value, vendors.compliance_status, vendors.compliance_rate, vendors.compliant_controls, vendors.non_compliant_controls, vendors.last_compliance_check, vendors.organization_id, vendors.created_at, vendors.updated_at 
FROM vendors
2025-12-30 17:24:41,257 INFO sqlalchemy.engine.Engine [cached since 0.02119s ago] ()
2025-12-30 17:24:41,259 INFO sqlalchemy.engine.Engine SELECT vendor_certificates.vendor_id AS vendor_certificates_vendor_id, vendor_certificates.id AS vendor_certificates_id, vendor_certificates.certificate_type AS vendor_certificates_certificate_type, vendor_certificates.certificate_number AS vendor_certificates_certificate_number, vendor_certificates.issue_date AS vendor_certificates_issue_date, vendor_certificates.expiry_date AS vendor_certificates_expiry_date, vendor_certificates.status AS vendor_certificates_status, vendor_certificates.issuing_authority AS vendor_certificates_issuing_authority, vendor_certificates.certificate_url AS vendor_certificates_certificate_url, vendor_certificates.scope AS vendor_certificates_scope, vendor_certificates.notes AS vendor_certificates_notes, vendor_certificates.application_id AS vendor_certificates_application_id, vendor_certificates.created_at AS vendor_certificates_created_at, vendor_certificates.updated_at AS vendor_certificates_updated_at 
FROM vendor_certificates 
WHERE vendor_certificates.vendor_id IN ($1::INTEGER, $2::INTEGER, $3::INTEGER, $4::INTEGER, $5::INTEGER, $6::INTEGER, $7::INTEGER, $8::INTEGER, $9::INTEGER, $10::INTEGER, $11::INTEGER, $12::INTEGER, $13::INTEGER, $14::INTEGER, $15::INTEGER, $16::INTEGER, $17::INTEGER, $18::INTEGER, $19::INTEGER, $20::INTEGER, $21::INTEGER, $22::INTEGER, $23::INTEGER, $24::INTEGER, $25::INTEGER, $26::INTEGER, $27::INTEGER, $28::INTEGER, $29::INTEGER, $30::INTEGER, $31::INTEGER, $32::INTEGER)
2025-12-30 17:24:41,259 INFO sqlalchemy.engine.Engine [cached since 0.01414s ago] (26, 27, 8, 7, 10, 11, 16, 17, 18, 19, 20, 21, 22, 23, 24, 25, 1, 2, 3, 4, 5, 6, 9, 12, 13, 14, 15, 28, 29, 30, 31, 32)
2025-12-30 17:24:41,260 INFO sqlalchemy.engine.Engine SELECT count(exceptions.id) AS count_1 
FROM exceptions 
WHERE EXTRACT(month FROM exceptions.created_at) = $1::INTEGER AND EXTRACT(year FROM exceptions.created_at) = $2::INTEGER
2025-12-30 17:24:41,260 INFO sqlalchemy.engine.Engine [cached since 0.01211s ago] (12, 2025)
2025-12-30 17:24:41,261 INFO sqlalchemy.engine.Engine SELECT count(exceptions.id) AS count_1 
FROM exceptions 
WHERE EXTRACT(month FROM exceptions.created_at) = $1::INTEGER AND EXTRACT(year FROM exceptions.created_at) = $2::INTEGER
2025-12-30 17:24:41,261 INFO sqlalchemy.engine.Engine [cached since 0.01261s ago] (11, 2025)
2025-12-30 17:24:41,261 INFO sqlalchemy.engine.Engine SELECT count(exceptions.id) AS count_1 
FROM exceptions
2025-12-30 17:24:41,261 INFO sqlalchemy.engine.Engine [cached since 0.01083s ago] ()
2025-12-30 17:24:41,261 INFO sqlalchemy.engine.Engine COMMIT
2025-12-30 17:24:41 - app.main - INFO - ⚡ Completed in 0.0078s - Status: 200
INFO:     127.0.0.1:50291 - "GET /api/v1/yourboard/yourboard-metrics HTTP/1.1" 200 OK
2025-12-30 17:24:41 - app.main - INFO - 📨 GET http://localhost:8000/api/v1/activities?page=1&size=20&days=7
2025-12-30 17:24:41,341 INFO sqlalchemy.engine.Engine BEGIN (implicit)
2025-12-30 17:24:41,342 INFO sqlalchemy.engine.Engine SELECT count(*) AS count_1 
FROM activity_logs 
WHERE activity_logs.created_at >= $1::TIMESTAMP WITH TIME ZONE AND activity_logs.status = $2::VARCHAR
2025-12-30 17:24:41,342 INFO sqlalchemy.engine.Engine [generated in 0.00008s] (datetime.datetime(2025, 12, 23, 11, 54, 41, 340727), 'active')
2025-12-30 17:24:41,345 INFO sqlalchemy.engine.Engine SELECT activity_logs.id, activity_logs.activity_type, activity_logs.priority, activity_logs.title, activity_logs.description, activity_logs.user_id, activity_logs.user_name, activity_logs.entity_type, activity_logs.entity_id, activity_logs.entity_name, activity_logs.extra_data, activity_logs.tags, activity_logs.status, activity_logs.is_read, activity_logs.created_at, activity_logs.updated_at 
FROM activity_logs 
WHERE activity_logs.created_at >= $1::TIMESTAMP WITH TIME ZONE AND activity_logs.status = $2::VARCHAR ORDER BY activity_logs.created_at DESC 
 LIMIT $3::INTEGER OFFSET $4::INTEGER
2025-12-30 17:24:41,345 INFO sqlalchemy.engine.Engine [generated in 0.00011s] (datetime.datetime(2025, 12, 23, 11, 54, 41, 340727), 'active', 20, 0)
2025-12-30 17:24:41,347 INFO sqlalchemy.engine.Engine COMMIT
2025-12-30 17:24:41 - app.main - INFO - ⚡ Completed in 0.0085s - Status: 200
INFO:     127.0.0.1:50291 - "GET /api/v1/activities?page=1&size=20&days=7 HTTP/1.1" 200 OK
2025-12-30 17:24:41 - app.main - INFO - 📨 GET http://localhost:8000/api/v1/activities?page=1&size=20&days=7
2025-12-30 17:24:41,350 INFO sqlalchemy.engine.Engine BEGIN (implicit)
2025-12-30 17:24:41,350 INFO sqlalchemy.engine.Engine SELECT count(*) AS count_1 
FROM activity_logs 
WHERE activity_logs.created_at >= $1::TIMESTAMP WITH TIME ZONE AND activity_logs.status = $2::VARCHAR
2025-12-30 17:24:41,351 INFO sqlalchemy.engine.Engine [cached since 0.008584s ago] (datetime.datetime(2025, 12, 23, 11, 54, 41, 349940), 'active')
2025-12-30 17:24:41,352 INFO sqlalchemy.engine.Engine SELECT activity_logs.id, activity_logs.activity_type, activity_logs.priority, activity_logs.title, activity_logs.description, activity_logs.user_id, activity_logs.user_name, activity_logs.entity_type, activity_logs.entity_id, activity_logs.entity_name, activity_logs.extra_data, activity_logs.tags, activity_logs.status, activity_logs.is_read, activity_logs.created_at, activity_logs.updated_at 
FROM activity_logs 
WHERE activity_logs.created_at >= $1::TIMESTAMP WITH TIME ZONE AND activity_logs.status = $2::VARCHAR ORDER BY activity_logs.created_at DESC 
 LIMIT $3::INTEGER OFFSET $4::INTEGER
2025-12-30 17:24:41,352 INFO sqlalchemy.engine.Engine [cached since 0.006738s ago] (datetime.datetime(2025, 12, 23, 11, 54, 41, 349940), 'active', 20, 0)
2025-12-30 17:24:41,353 INFO sqlalchemy.engine.Engine COMMIT
2025-12-30 17:24:41 - app.main - INFO - ⚡ Completed in 0.0047s - Status: 200
INFO:     127.0.0.1:50291 - "GET /api/v1/activities?page=1&size=20&days=7 HTTP/1.1" 200 OK
2025-12-30 17:24:42 - app.main - INFO - ⚡ Completed in 1.3607s - Status: 200
INFO:     127.0.0.1:50356 - "GET /api/v1/intelligence/weekly HTTP/1.1" 200 OK
2025-12-30 17:24:42 - app.main - INFO - 📨 GET http://localhost:8000/api/v1/intelligence/weekly
2025-12-30 17:24:44 - app.main - INFO - ⚡ Completed in 1.4857s - Status: 200
INFO:     127.0.0.1:50356 - "GET /api/v1/intelligence/weekly HTTP/1.1" 200 OK
2025-12-30 17:25:11 - app.main - INFO - 📨 GET http://localhost:8000/api/v1/activities?page=1&size=20&days=7
2025-12-30 17:25:11,353 INFO sqlalchemy.engine.Engine BEGIN (implicit)
2025-12-30 17:25:11,354 INFO sqlalchemy.engine.Engine SELECT count(*) AS count_1 
FROM activity_logs 
WHERE activity_logs.created_at >= $1::TIMESTAMP WITH TIME ZONE AND activity_logs.status = $2::VARCHAR
2025-12-30 17:25:11,354 INFO sqlalchemy.engine.Engine [cached since 30.01s ago] (datetime.datetime(2025, 12, 23, 11, 55, 11, 351578), 'active')
2025-12-30 17:25:11,355 INFO sqlalchemy.engine.Engine SELECT activity_logs.id, activity_logs.activity_type, activity_logs.priority, activity_logs.title, activity_logs.description, activity_logs.user_id, activity_logs.user_name, activity_logs.entity_type, activity_logs.entity_id, activity_logs.entity_name, activity_logs.extra_data, activity_logs.tags, activity_logs.status, activity_logs.is_read, activity_logs.created_at, activity_logs.updated_at 
FROM activity_logs 
WHERE activity_logs.created_at >= $1::TIMESTAMP WITH TIME ZONE AND activity_logs.status = $2::VARCHAR ORDER BY activity_logs.created_at DESC 
 LIMIT $3::INTEGER OFFSET $4::INTEGER
2025-12-30 17:25:11,355 INFO sqlalchemy.engine.Engine [cached since 30.01s ago] (datetime.datetime(2025, 12, 23, 11, 55, 11, 351578), 'active', 20, 0)
2025-12-30 17:25:11,357 INFO sqlalchemy.engine.Engine COMMIT
2025-12-30 17:25:11 - app.main - INFO - ⚡ Completed in 0.0085s - Status: 200
INFO:     127.0.0.1:50359 - "GET /api/v1/activities?page=1&size=20&days=7 HTTP/1.1" 200 OK
2025-12-30 17:25:18 - app.main - INFO - 📨 GET http://localhost:8000/api/v1/yourboard/yourboard-metrics
2025-12-30 17:25:18 - app.main - INFO - 📨 GET http://localhost:8000/api/v1/intelligence/weekly
2025-12-30 17:25:18,494 INFO sqlalchemy.engine.Engine BEGIN (implicit)
2025-12-30 17:25:18,494 INFO sqlalchemy.engine.Engine SELECT count(applications.id) AS count_1 
FROM applications 
WHERE EXTRACT(month FROM applications.created_at) = $1::INTEGER AND EXTRACT(year FROM applications.created_at) = $2::INTEGER
2025-12-30 17:25:18,494 INFO sqlalchemy.engine.Engine [cached since 37.27s ago] (12, 2025)
2025-12-30 17:25:18,498 INFO sqlalchemy.engine.Engine SELECT count(applications.id) AS count_1 
FROM applications 
WHERE EXTRACT(month FROM applications.created_at) = $1::INTEGER AND EXTRACT(year FROM applications.created_at) = $2::INTEGER
2025-12-30 17:25:18,498 INFO sqlalchemy.engine.Engine [cached since 37.27s ago] (11, 2025)
2025-12-30 17:25:18,499 INFO sqlalchemy.engine.Engine SELECT count(applications.id) AS count_1 
FROM applications
2025-12-30 17:25:18,499 INFO sqlalchemy.engine.Engine [cached since 37.27s ago] ()
2025-12-30 17:25:18,502 INFO sqlalchemy.engine.Engine SELECT count(vulnerabilities.id) AS count_1 
FROM vulnerabilities 
WHERE EXTRACT(month FROM vulnerabilities.created_at) = $1::INTEGER AND EXTRACT(year FROM vulnerabilities.created_at) = $2::INTEGER
2025-12-30 17:25:18,502 INFO sqlalchemy.engine.Engine [cached since 37.27s ago] (12, 2025)
2025-12-30 17:25:18,504 INFO sqlalchemy.engine.Engine SELECT count(vulnerabilities.id) AS count_1 
FROM vulnerabilities 
WHERE EXTRACT(month FROM vulnerabilities.created_at) = $1::INTEGER AND EXTRACT(year FROM vulnerabilities.created_at) = $2::INTEGER
2025-12-30 17:25:18,505 INFO sqlalchemy.engine.Engine [cached since 37.27s ago] (11, 2025)
2025-12-30 17:25:18,505 INFO sqlalchemy.engine.Engine SELECT count(vulnerabilities.id) AS count_1 
FROM vulnerabilities
2025-12-30 17:25:18,505 INFO sqlalchemy.engine.Engine [cached since 37.27s ago] ()
2025-12-30 17:25:18,506 INFO sqlalchemy.engine.Engine SELECT vendors.id, vendors.name, vendors.description, vendors.category, vendors.contact_email, vendors.contact_phone, vendors.website, vendors.risk_level, vendors.last_risk_assessment, vendors.next_risk_assessment, vendors.contract_start_date, vendors.contract_end_date, vendors.contract_value, vendors.compliance_status, vendors.compliance_rate, vendors.compliant_controls, vendors.non_compliant_controls, vendors.last_compliance_check, vendors.organization_id, vendors.created_at, vendors.updated_at 
FROM vendors
2025-12-30 17:25:18,506 INFO sqlalchemy.engine.Engine [cached since 37.27s ago] ()
2025-12-30 17:25:18,515 INFO sqlalchemy.engine.Engine SELECT vendor_certificates.vendor_id AS vendor_certificates_vendor_id, vendor_certificates.id AS vendor_certificates_id, vendor_certificates.certificate_type AS vendor_certificates_certificate_type, vendor_certificates.certificate_number AS vendor_certificates_certificate_number, vendor_certificates.issue_date AS vendor_certificates_issue_date, vendor_certificates.expiry_date AS vendor_certificates_expiry_date, vendor_certificates.status AS vendor_certificates_status, vendor_certificates.issuing_authority AS vendor_certificates_issuing_authority, vendor_certificates.certificate_url AS vendor_certificates_certificate_url, vendor_certificates.scope AS vendor_certificates_scope, vendor_certificates.notes AS vendor_certificates_notes, vendor_certificates.application_id AS vendor_certificates_application_id, vendor_certificates.created_at AS vendor_certificates_created_at, vendor_certificates.updated_at AS vendor_certificates_updated_at 
FROM vendor_certificates 
WHERE vendor_certificates.vendor_id IN ($1::INTEGER, $2::INTEGER, $3::INTEGER, $4::INTEGER, $5::INTEGER, $6::INTEGER, $7::INTEGER, $8::INTEGER, $9::INTEGER, $10::INTEGER, $11::INTEGER, $12::INTEGER, $13::INTEGER, $14::INTEGER, $15::INTEGER, $16::INTEGER, $17::INTEGER, $18::INTEGER, $19::INTEGER, $20::INTEGER, $21::INTEGER, $22::INTEGER, $23::INTEGER, $24::INTEGER, $25::INTEGER, $26::INTEGER, $27::INTEGER, $28::INTEGER, $29::INTEGER, $30::INTEGER, $31::INTEGER, $32::INTEGER)
2025-12-30 17:25:18,515 INFO sqlalchemy.engine.Engine [cached since 37.27s ago] (26, 27, 8, 7, 10, 11, 16, 17, 18, 19, 20, 21, 22, 23, 24, 25, 1, 2, 3, 4, 5, 6, 9, 12, 13, 14, 15, 28, 29, 30, 31, 32)
2025-12-30 17:25:18,519 INFO sqlalchemy.engine.Engine SELECT count(exceptions.id) AS count_1 
FROM exceptions 
WHERE EXTRACT(month FROM exceptions.created_at) = $1::INTEGER AND EXTRACT(year FROM exceptions.created_at) = $2::INTEGER
2025-12-30 17:25:18,523 INFO sqlalchemy.engine.Engine [cached since 37.28s ago] (12, 2025)
2025-12-30 17:25:18,533 INFO sqlalchemy.engine.Engine SELECT count(exceptions.id) AS count_1 
FROM exceptions 
WHERE EXTRACT(month FROM exceptions.created_at) = $1::INTEGER AND EXTRACT(year FROM exceptions.created_at) = $2::INTEGER
2025-12-30 17:25:18,533 INFO sqlalchemy.engine.Engine [cached since 37.29s ago] (11, 2025)
2025-12-30 17:25:18,533 INFO sqlalchemy.engine.Engine SELECT count(exceptions.id) AS count_1 
FROM exceptions
2025-12-30 17:25:18,534 INFO sqlalchemy.engine.Engine [cached since 37.28s ago] ()
2025-12-30 17:25:18,537 INFO sqlalchemy.engine.Engine COMMIT
2025-12-30 17:25:18 - app.main - INFO - ⚡ Completed in 0.0566s - Status: 200
INFO:     127.0.0.1:50536 - "GET /api/v1/yourboard/yourboard-metrics HTTP/1.1" 200 OK
2025-12-30 17:25:18 - app.main - INFO - 📨 GET http://localhost:8000/api/v1/yourboard/yourboard-metrics
2025-12-30 17:25:18,542 INFO sqlalchemy.engine.Engine BEGIN (implicit)
2025-12-30 17:25:18,543 INFO sqlalchemy.engine.Engine SELECT count(applications.id) AS count_1 
FROM applications 
WHERE EXTRACT(month FROM applications.created_at) = $1::INTEGER AND EXTRACT(year FROM applications.created_at) = $2::INTEGER
2025-12-30 17:25:18,543 INFO sqlalchemy.engine.Engine [cached since 37.32s ago] (12, 2025)
2025-12-30 17:25:18,544 INFO sqlalchemy.engine.Engine SELECT count(applications.id) AS count_1 
FROM applications 
WHERE EXTRACT(month FROM applications.created_at) = $1::INTEGER AND EXTRACT(year FROM applications.created_at) = $2::INTEGER
2025-12-30 17:25:18,544 INFO sqlalchemy.engine.Engine [cached since 37.32s ago] (11, 2025)
2025-12-30 17:25:18,545 INFO sqlalchemy.engine.Engine SELECT count(applications.id) AS count_1 
FROM applications
2025-12-30 17:25:18,545 INFO sqlalchemy.engine.Engine [cached since 37.32s ago] ()
2025-12-30 17:25:18,546 INFO sqlalchemy.engine.Engine SELECT count(vulnerabilities.id) AS count_1 
FROM vulnerabilities 
WHERE EXTRACT(month FROM vulnerabilities.created_at) = $1::INTEGER AND EXTRACT(year FROM vulnerabilities.created_at) = $2::INTEGER
2025-12-30 17:25:18,546 INFO sqlalchemy.engine.Engine [cached since 37.32s ago] (12, 2025)
2025-12-30 17:25:18,547 INFO sqlalchemy.engine.Engine SELECT count(vulnerabilities.id) AS count_1 
FROM vulnerabilities 
WHERE EXTRACT(month FROM vulnerabilities.created_at) = $1::INTEGER AND EXTRACT(year FROM vulnerabilities.created_at) = $2::INTEGER
2025-12-30 17:25:18,547 INFO sqlalchemy.engine.Engine [cached since 37.32s ago] (11, 2025)
2025-12-30 17:25:18,547 INFO sqlalchemy.engine.Engine SELECT count(vulnerabilities.id) AS count_1 
FROM vulnerabilities
2025-12-30 17:25:18,547 INFO sqlalchemy.engine.Engine [cached since 37.31s ago] ()
2025-12-30 17:25:18,547 INFO sqlalchemy.engine.Engine SELECT vendors.id, vendors.name, vendors.description, vendors.category, vendors.contact_email, vendors.contact_phone, vendors.website, vendors.risk_level, vendors.last_risk_assessment, vendors.next_risk_assessment, vendors.contract_start_date, vendors.contract_end_date, vendors.contract_value, vendors.compliance_status, vendors.compliance_rate, vendors.compliant_controls, vendors.non_compliant_controls, vendors.last_compliance_check, vendors.organization_id, vendors.created_at, vendors.updated_at 
FROM vendors
2025-12-30 17:25:18,548 INFO sqlalchemy.engine.Engine [cached since 37.31s ago] ()
2025-12-30 17:25:18,549 INFO sqlalchemy.engine.Engine SELECT vendor_certificates.vendor_id AS vendor_certificates_vendor_id, vendor_certificates.id AS vendor_certificates_id, vendor_certificates.certificate_type AS vendor_certificates_certificate_type, vendor_certificates.certificate_number AS vendor_certificates_certificate_number, vendor_certificates.issue_date AS vendor_certificates_issue_date, vendor_certificates.expiry_date AS vendor_certificates_expiry_date, vendor_certificates.status AS vendor_certificates_status, vendor_certificates.issuing_authority AS vendor_certificates_issuing_authority, vendor_certificates.certificate_url AS vendor_certificates_certificate_url, vendor_certificates.scope AS vendor_certificates_scope, vendor_certificates.notes AS vendor_certificates_notes, vendor_certificates.application_id AS vendor_certificates_application_id, vendor_certificates.created_at AS vendor_certificates_created_at, vendor_certificates.updated_at AS vendor_certificates_updated_at 
FROM vendor_certificates 
WHERE vendor_certificates.vendor_id IN ($1::INTEGER, $2::INTEGER, $3::INTEGER, $4::INTEGER, $5::INTEGER, $6::INTEGER, $7::INTEGER, $8::INTEGER, $9::INTEGER, $10::INTEGER, $11::INTEGER, $12::INTEGER, $13::INTEGER, $14::INTEGER, $15::INTEGER, $16::INTEGER, $17::INTEGER, $18::INTEGER, $19::INTEGER, $20::INTEGER, $21::INTEGER, $22::INTEGER, $23::INTEGER, $24::INTEGER, $25::INTEGER, $26::INTEGER, $27::INTEGER, $28::INTEGER, $29::INTEGER, $30::INTEGER, $31::INTEGER, $32::INTEGER)
2025-12-30 17:25:18,549 INFO sqlalchemy.engine.Engine [cached since 37.3s ago] (26, 27, 8, 7, 10, 11, 16, 17, 18, 19, 20, 21, 22, 23, 24, 25, 1, 2, 3, 4, 5, 6, 9, 12, 13, 14, 15, 28, 29, 30, 31, 32)
2025-12-30 17:25:18,550 INFO sqlalchemy.engine.Engine SELECT count(exceptions.id) AS count_1 
FROM exceptions 
WHERE EXTRACT(month FROM exceptions.created_at) = $1::INTEGER AND EXTRACT(year FROM exceptions.created_at) = $2::INTEGER
2025-12-30 17:25:18,550 INFO sqlalchemy.engine.Engine [cached since 37.3s ago] (12, 2025)
2025-12-30 17:25:18,552 INFO sqlalchemy.engine.Engine SELECT count(exceptions.id) AS count_1 
FROM exceptions 
WHERE EXTRACT(month FROM exceptions.created_at) = $1::INTEGER AND EXTRACT(year FROM exceptions.created_at) = $2::INTEGER
2025-12-30 17:25:18,552 INFO sqlalchemy.engine.Engine [cached since 37.3s ago] (11, 2025)
2025-12-30 17:25:18,553 INFO sqlalchemy.engine.Engine SELECT count(exceptions.id) AS count_1 
FROM exceptions
2025-12-30 17:25:18,553 INFO sqlalchemy.engine.Engine [cached since 37.3s ago] ()
2025-12-30 17:25:18,554 INFO sqlalchemy.engine.Engine COMMIT
2025-12-30 17:25:18 - app.main - INFO - ⚡ Completed in 0.0127s - Status: 200
INFO:     127.0.0.1:50536 - "GET /api/v1/yourboard/yourboard-metrics HTTP/1.1" 200 OK
2025-12-30 17:25:18 - app.main - INFO - 📨 GET http://localhost:8000/api/v1/activities?page=1&size=20&days=7
2025-12-30 17:25:18,643 INFO sqlalchemy.engine.Engine BEGIN (implicit)
2025-12-30 17:25:18,644 INFO sqlalchemy.engine.Engine SELECT count(*) AS count_1 
FROM activity_logs 
WHERE activity_logs.created_at >= $1::TIMESTAMP WITH TIME ZONE AND activity_logs.status = $2::VARCHAR
2025-12-30 17:25:18,644 INFO sqlalchemy.engine.Engine [cached since 37.3s ago] (datetime.datetime(2025, 12, 23, 11, 55, 18, 642819), 'active')
2025-12-30 17:25:18,645 INFO sqlalchemy.engine.Engine SELECT activity_logs.id, activity_logs.activity_type, activity_logs.priority, activity_logs.title, activity_logs.description, activity_logs.user_id, activity_logs.user_name, activity_logs.entity_type, activity_logs.entity_id, activity_logs.entity_name, activity_logs.extra_data, activity_logs.tags, activity_logs.status, activity_logs.is_read, activity_logs.created_at, activity_logs.updated_at 
FROM activity_logs 
WHERE activity_logs.created_at >= $1::TIMESTAMP WITH TIME ZONE AND activity_logs.status = $2::VARCHAR ORDER BY activity_logs.created_at DESC 
 LIMIT $3::INTEGER OFFSET $4::INTEGER
2025-12-30 17:25:18,645 INFO sqlalchemy.engine.Engine [cached since 37.3s ago] (datetime.datetime(2025, 12, 23, 11, 55, 18, 642819), 'active', 20, 0)
2025-12-30 17:25:18,647 INFO sqlalchemy.engine.Engine COMMIT
2025-12-30 17:25:18 - app.main - INFO - ⚡ Completed in 0.0064s - Status: 200
INFO:     127.0.0.1:50536 - "GET /api/v1/activities?page=1&size=20&days=7 HTTP/1.1" 200 OK
2025-12-30 17:25:18 - app.main - INFO - 📨 GET http://localhost:8000/api/v1/activities?page=1&size=20&days=7
2025-12-30 17:25:18,651 INFO sqlalchemy.engine.Engine BEGIN (implicit)
2025-12-30 17:25:18,651 INFO sqlalchemy.engine.Engine SELECT count(*) AS count_1 
FROM activity_logs 
WHERE activity_logs.created_at >= $1::TIMESTAMP WITH TIME ZONE AND activity_logs.status = $2::VARCHAR
2025-12-30 17:25:18,652 INFO sqlalchemy.engine.Engine [cached since 37.31s ago] (datetime.datetime(2025, 12, 23, 11, 55, 18, 650299), 'active')
2025-12-30 17:25:18,653 INFO sqlalchemy.engine.Engine SELECT activity_logs.id, activity_logs.activity_type, activity_logs.priority, activity_logs.title, activity_logs.description, activity_logs.user_id, activity_logs.user_name, activity_logs.entity_type, activity_logs.entity_id, activity_logs.entity_name, activity_logs.extra_data, activity_logs.tags, activity_logs.status, activity_logs.is_read, activity_logs.created_at, activity_logs.updated_at 
FROM activity_logs 
WHERE activity_logs.created_at >= $1::TIMESTAMP WITH TIME ZONE AND activity_logs.status = $2::VARCHAR ORDER BY activity_logs.created_at DESC 
 LIMIT $3::INTEGER OFFSET $4::INTEGER
2025-12-30 17:25:18,653 INFO sqlalchemy.engine.Engine [cached since 37.31s ago] (datetime.datetime(2025, 12, 23, 11, 55, 18, 650299), 'active', 20, 0)
2025-12-30 17:25:18,654 INFO sqlalchemy.engine.Engine COMMIT
2025-12-30 17:25:18 - app.main - INFO - ⚡ Completed in 0.0047s - Status: 200
INFO:     127.0.0.1:50536 - "GET /api/v1/activities?page=1&size=20&days=7 HTTP/1.1" 200 OK
2025-12-30 17:25:19 - app.main - INFO - ⚡ Completed in 1.4293s - Status: 200
INFO:     127.0.0.1:50537 - "GET /api/v1/intelligence/weekly HTTP/1.1" 200 OK
2025-12-30 17:25:19 - app.main - INFO - 📨 GET http://localhost:8000/api/v1/intelligence/weekly
2025-12-30 17:25:21 - app.main - INFO - ⚡ Completed in 1.4332s - Status: 200
INFO:     127.0.0.1:50537 - "GET /api/v1/intelligence/weekly HTTP/1.1" 200 OK
2025-12-30 17:25:48 - app.main - INFO - 📨 GET http://localhost:8000/api/v1/activities?page=1&size=20&days=7
2025-12-30 17:25:48,656 INFO sqlalchemy.engine.Engine BEGIN (implicit)
2025-12-30 17:25:48,656 INFO sqlalchemy.engine.Engine SELECT count(*) AS count_1 
FROM activity_logs 
WHERE activity_logs.created_at >= $1::TIMESTAMP WITH TIME ZONE AND activity_logs.status = $2::VARCHAR
2025-12-30 17:25:48,656 INFO sqlalchemy.engine.Engine [cached since 67.32s ago] (datetime.datetime(2025, 12, 23, 11, 55, 48, 654811), 'active')
2025-12-30 17:25:48,658 INFO sqlalchemy.engine.Engine SELECT activity_logs.id, activity_logs.activity_type, activity_logs.priority, activity_logs.title, activity_logs.description, activity_logs.user_id, activity_logs.user_name, activity_logs.entity_type, activity_logs.entity_id, activity_logs.entity_name, activity_logs.extra_data, activity_logs.tags, activity_logs.status, activity_logs.is_read, activity_logs.created_at, activity_logs.updated_at 
FROM activity_logs 
WHERE activity_logs.created_at >= $1::TIMESTAMP WITH TIME ZONE AND activity_logs.status = $2::VARCHAR ORDER BY activity_logs.created_at DESC 
 LIMIT $3::INTEGER OFFSET $4::INTEGER
2025-12-30 17:25:48,658 INFO sqlalchemy.engine.Engine [cached since 67.31s ago] (datetime.datetime(2025, 12, 23, 11, 55, 48, 654811), 'active', 20, 0)
2025-12-30 17:25:48,660 INFO sqlalchemy.engine.Engine COMMIT
2025-12-30 17:25:48 - app.main - INFO - ⚡ Completed in 0.0093s - Status: 200
INFO:     127.0.0.1:50678 - "GET /api/v1/activities?page=1&size=20&days=7 HTTP/1.1" 200 OK
2025-12-30 17:25:53 - app.main - INFO - 📨 OPTIONS http://localhost:8000/api/v1/dashboard/data
2025-12-30 17:25:53 - app.main - INFO - 📨 OPTIONS http://localhost:8000/api/v1/dashboard/data
2025-12-30 17:25:53 - app.main - INFO - ⚡ Completed in 0.0010s - Status: 200
INFO:     127.0.0.1:50704 - "OPTIONS /api/v1/dashboard/data HTTP/1.1" 200 OK
2025-12-30 17:25:53 - app.main - INFO - ⚡ Completed in 0.0011s - Status: 200
INFO:     127.0.0.1:50705 - "OPTIONS /api/v1/dashboard/data HTTP/1.1" 200 OK
2025-12-30 17:25:53 - app.main - INFO - 📨 GET http://localhost:8000/api/v1/dashboard/data
2025-12-30 17:25:53,690 INFO sqlalchemy.engine.Engine BEGIN (implicit)
2025-12-30 17:25:53,694 INFO sqlalchemy.engine.Engine SELECT applications.id, applications.name, applications.description, applications.application_type, applications.version, applications.url, applications.risk_level, applications.business_criticality, applications.data_classification, applications.owner, applications.vendor_name, applications.owner_id, applications.organization_id, applications.technology_stack, applications.environment, applications.hosting_type, applications.compliance_requirements, applications.last_security_review, applications.next_security_review, applications.created_at, applications.updated_at 
FROM applications
2025-12-30 17:25:53,695 INFO sqlalchemy.engine.Engine [generated in 0.00023s] ()
2025-12-30 17:25:53,704 INFO sqlalchemy.engine.Engine SELECT vulnerabilities.id, vulnerabilities.title, vulnerabilities.description, vulnerabilities.cve_id, vulnerabilities.severity, vulnerabilities.status, vulnerabilities.discovered_date, vulnerabilities.source, vulnerabilities.cvss_score, vulnerabilities.cvss_vector, vulnerabilities.exploit_available, vulnerabilities.remediation_plan, vulnerabilities.remediation_deadline, vulnerabilities.remediation_completed, vulnerabilities.remarks, vulnerabilities.poc_file_path, vulnerabilities.application_id, vulnerabilities.vendor_id, vulnerabilities.assigned_to_id, vulnerabilities.created_at, vulnerabilities.updated_at 
FROM vulnerabilities
2025-12-30 17:25:53,704 INFO sqlalchemy.engine.Engine [generated in 0.00013s] ()
2025-12-30 17:25:53,709 INFO sqlalchemy.engine.Engine COMMIT
2025-12-30 17:25:53 - app.main - INFO - ⚡ Completed in 0.0221s - Status: 200
INFO:     127.0.0.1:50704 - "GET /api/v1/dashboard/data HTTP/1.1" 200 OK
2025-12-30 17:25:53 - app.main - INFO - 📨 GET http://localhost:8000/api/v1/dashboard/data
2025-12-30 17:25:53,711 INFO sqlalchemy.engine.Engine BEGIN (implicit)
2025-12-30 17:25:53,712 INFO sqlalchemy.engine.Engine SELECT applications.id, applications.name, applications.description, applications.application_type, applications.version, applications.url, applications.risk_level, applications.business_criticality, applications.data_classification, applications.owner, applications.vendor_name, applications.owner_id, applications.organization_id, applications.technology_stack, applications.environment, applications.hosting_type, applications.compliance_requirements, applications.last_security_review, applications.next_security_review, applications.created_at, applications.updated_at 
FROM applications
2025-12-30 17:25:53,712 INFO sqlalchemy.engine.Engine [cached since 0.0172s ago] ()
2025-12-30 17:25:53,712 INFO sqlalchemy.engine.Engine SELECT vulnerabilities.id, vulnerabilities.title, vulnerabilities.description, vulnerabilities.cve_id, vulnerabilities.severity, vulnerabilities.status, vulnerabilities.discovered_date, vulnerabilities.source, vulnerabilities.cvss_score, vulnerabilities.cvss_vector, vulnerabilities.exploit_available, vulnerabilities.remediation_plan, vulnerabilities.remediation_deadline, vulnerabilities.remediation_completed, vulnerabilities.remarks, vulnerabilities.poc_file_path, vulnerabilities.application_id, vulnerabilities.vendor_id, vulnerabilities.assigned_to_id, vulnerabilities.created_at, vulnerabilities.updated_at 
FROM vulnerabilities
2025-12-30 17:25:53,712 INFO sqlalchemy.engine.Engine [cached since 0.008726s ago] ()
2025-12-30 17:25:53,713 INFO sqlalchemy.engine.Engine COMMIT
2025-12-30 17:25:53 - app.main - INFO - ⚡ Completed in 0.0029s - Status: 200
INFO:     127.0.0.1:50705 - "GET /api/v1/dashboard/data HTTP/1.1" 200 OK
2025-12-30 17:25:56 - app.main - INFO - 📨 OPTIONS http://localhost:8000/api/v1/vulnerabilities/?page=1&size=100
2025-12-30 17:25:56 - app.main - INFO - 📨 OPTIONS http://localhost:8000/api/v1/vulnerabilities/statistics
2025-12-30 17:25:56 - app.main - INFO - 📨 OPTIONS http://localhost:8000/api/v1/vulnerabilities/?page=1&size=100
2025-12-30 17:25:56 - app.main - INFO - ⚡ Completed in 0.0011s - Status: 200
INFO:     127.0.0.1:50705 - "OPTIONS /api/v1/vulnerabilities/?page=1&size=100 HTTP/1.1" 200 OK
2025-12-30 17:25:56 - app.main - INFO - ⚡ Completed in 0.0010s - Status: 200
INFO:     127.0.0.1:50704 - "OPTIONS /api/v1/vulnerabilities/statistics HTTP/1.1" 200 OK
2025-12-30 17:25:56 - app.main - INFO - ⚡ Completed in 0.0010s - Status: 200
INFO:     127.0.0.1:50707 - "OPTIONS /api/v1/vulnerabilities/?page=1&size=100 HTTP/1.1" 200 OK
2025-12-30 17:25:56 - app.main - INFO - 📨 OPTIONS http://localhost:8000/api/v1/vulnerabilities/statistics
2025-12-30 17:25:56 - app.main - INFO - 📨 GET http://localhost:8000/api/v1/vulnerabilities/?page=1&size=100
2025-12-30 17:25:56 - app.main - INFO - 📨 GET http://localhost:8000/api/v1/vulnerabilities/statistics
2025-12-30 17:25:56 - app.main - INFO - ⚡ Completed in 0.0027s - Status: 200
INFO:     127.0.0.1:50727 - "OPTIONS /api/v1/vulnerabilities/statistics HTTP/1.1" 200 OK
2025-12-30 17:25:57,002 INFO sqlalchemy.engine.Engine BEGIN (implicit)
2025-12-30 17:25:57,003 INFO sqlalchemy.engine.Engine SELECT count(*) AS count_1 
FROM vulnerabilities
2025-12-30 17:25:57,003 INFO sqlalchemy.engine.Engine [generated in 0.00014s] ()
2025-12-30 17:25:57,006 INFO sqlalchemy.engine.Engine SELECT vulnerabilities.id, vulnerabilities.title, vulnerabilities.description, vulnerabilities.cve_id, vulnerabilities.severity, vulnerabilities.status, vulnerabilities.discovered_date, vulnerabilities.source, vulnerabilities.cvss_score, vulnerabilities.cvss_vector, vulnerabilities.exploit_available, vulnerabilities.remediation_plan, vulnerabilities.remediation_deadline, vulnerabilities.remediation_completed, vulnerabilities.remarks, vulnerabilities.poc_file_path, vulnerabilities.application_id, vulnerabilities.vendor_id, vulnerabilities.assigned_to_id, vulnerabilities.created_at, vulnerabilities.updated_at 
FROM vulnerabilities ORDER BY vulnerabilities.discovered_date DESC 
 LIMIT $1::INTEGER OFFSET $2::INTEGER
2025-12-30 17:25:57,006 INFO sqlalchemy.engine.Engine [generated in 0.00034s] (100, 0)
2025-12-30 17:25:57,012 INFO sqlalchemy.engine.Engine SELECT applications.id AS applications_id, applications.name AS applications_name, applications.description AS applications_description, applications.application_type AS applications_application_type, applications.version AS applications_version, applications.url AS applications_url, applications.risk_level AS applications_risk_level, applications.business_criticality AS applications_business_criticality, applications.data_classification AS applications_data_classification, applications.owner AS applications_owner, applications.vendor_name AS applications_vendor_name, applications.owner_id AS applications_owner_id, applications.organization_id AS applications_organization_id, applications.technology_stack AS applications_technology_stack, applications.environment AS applications_environment, applications.hosting_type AS applications_hosting_type, applications.compliance_requirements AS applications_compliance_requirements, applications.last_security_review AS applications_last_security_review, applications.next_security_review AS applications_next_security_review, applications.created_at AS applications_created_at, applications.updated_at AS applications_updated_at 
FROM applications 
WHERE applications.id IN ($1::INTEGER, $2::INTEGER, $3::INTEGER, $4::INTEGER, $5::INTEGER, $6::INTEGER, $7::INTEGER, $8::INTEGER)
2025-12-30 17:25:57,012 INFO sqlalchemy.engine.Engine [generated in 0.00021s] (1, 2, 9, 13, 14, 15, 16, 17)
2025-12-30 17:25:57,014 INFO sqlalchemy.engine.Engine COMMIT
2025-12-30 17:25:57 - app.main - INFO - ⚡ Completed in 0.0173s - Status: 200
INFO:     127.0.0.1:50705 - "GET /api/v1/vulnerabilities/?page=1&size=100 HTTP/1.1" 200 OK
2025-12-30 17:25:57 - app.main - INFO - 📨 GET http://localhost:8000/api/v1/vulnerabilities/?page=1&size=100
2025-12-30 17:25:57,017 INFO sqlalchemy.engine.Engine BEGIN (implicit)
2025-12-30 17:25:57,017 INFO sqlalchemy.engine.Engine SELECT count(*) AS count_1 
FROM vulnerabilities
2025-12-30 17:25:57,017 INFO sqlalchemy.engine.Engine [cached since 0.01452s ago] ()
2025-12-30 17:25:57,018 INFO sqlalchemy.engine.Engine SELECT vulnerabilities.id, vulnerabilities.title, vulnerabilities.description, vulnerabilities.cve_id, vulnerabilities.severity, vulnerabilities.status, vulnerabilities.discovered_date, vulnerabilities.source, vulnerabilities.cvss_score, vulnerabilities.cvss_vector, vulnerabilities.exploit_available, vulnerabilities.remediation_plan, vulnerabilities.remediation_deadline, vulnerabilities.remediation_completed, vulnerabilities.remarks, vulnerabilities.poc_file_path, vulnerabilities.application_id, vulnerabilities.vendor_id, vulnerabilities.assigned_to_id, vulnerabilities.created_at, vulnerabilities.updated_at 
FROM vulnerabilities ORDER BY vulnerabilities.discovered_date DESC 
 LIMIT $1::INTEGER OFFSET $2::INTEGER
2025-12-30 17:25:57,018 INFO sqlalchemy.engine.Engine [cached since 0.01155s ago] (100, 0)
2025-12-30 17:25:57,018 INFO sqlalchemy.engine.Engine SELECT applications.id AS applications_id, applications.name AS applications_name, applications.description AS applications_description, applications.application_type AS applications_application_type, applications.version AS applications_version, applications.url AS applications_url, applications.risk_level AS applications_risk_level, applications.business_criticality AS applications_business_criticality, applications.data_classification AS applications_data_classification, applications.owner AS applications_owner, applications.vendor_name AS applications_vendor_name, applications.owner_id AS applications_owner_id, applications.organization_id AS applications_organization_id, applications.technology_stack AS applications_technology_stack, applications.environment AS applications_environment, applications.hosting_type AS applications_hosting_type, applications.compliance_requirements AS applications_compliance_requirements, applications.last_security_review AS applications_last_security_review, applications.next_security_review AS applications_next_security_review, applications.created_at AS applications_created_at, applications.updated_at AS applications_updated_at 
FROM applications 
WHERE applications.id IN ($1::INTEGER, $2::INTEGER, $3::INTEGER, $4::INTEGER, $5::INTEGER, $6::INTEGER, $7::INTEGER, $8::INTEGER)
2025-12-30 17:25:57,018 INFO sqlalchemy.engine.Engine [cached since 0.006165s ago] (1, 2, 9, 13, 14, 15, 16, 17)
2025-12-30 17:25:57,019 INFO sqlalchemy.engine.Engine COMMIT
2025-12-30 17:25:57 - app.main - INFO - ⚡ Completed in 0.0041s - Status: 200
INFO:     127.0.0.1:50727 - "GET /api/v1/vulnerabilities/?page=1&size=100 HTTP/1.1" 200 OK
2025-12-30 17:25:57,068 INFO sqlalchemy.engine.Engine BEGIN (implicit)
2025-12-30 17:25:57,068 INFO sqlalchemy.engine.Engine SELECT count(*) AS count_1 
FROM vulnerabilities
2025-12-30 17:25:57,068 INFO sqlalchemy.engine.Engine [cached since 0.06553s ago] ()
2025-12-30 17:25:57,071 INFO sqlalchemy.engine.Engine SELECT count(*) AS count_1 
FROM vulnerabilities 
WHERE vulnerabilities.status = $1::vulnerabilitystatus
2025-12-30 17:25:57,071 INFO sqlalchemy.engine.Engine [generated in 0.00025s] ('OPEN',)
2025-12-30 17:25:57,087 INFO sqlalchemy.engine.Engine SELECT count(*) AS count_1 
FROM vulnerabilities 
WHERE vulnerabilities.status = $1::vulnerabilitystatus
2025-12-30 17:25:57,087 INFO sqlalchemy.engine.Engine [cached since 0.01644s ago] ('CLOSED',)
2025-12-30 17:25:57,088 INFO sqlalchemy.engine.Engine SELECT count(*) AS count_1 
FROM vulnerabilities 
WHERE vulnerabilities.status = $1::vulnerabilitystatus
2025-12-30 17:25:57,088 INFO sqlalchemy.engine.Engine [cached since 0.01682s ago] ('IN_PROGRESS',)
2025-12-30 17:25:57,088 INFO sqlalchemy.engine.Engine SELECT vulnerabilities.severity, count(vulnerabilities.id) AS count 
FROM vulnerabilities GROUP BY vulnerabilities.severity
2025-12-30 17:25:57,088 INFO sqlalchemy.engine.Engine [generated in 0.00004s] ()
2025-12-30 17:25:57,093 INFO sqlalchemy.engine.Engine SELECT applications.name, count(vulnerabilities.id) AS count 
FROM applications JOIN vulnerabilities ON applications.id = vulnerabilities.application_id GROUP BY applications.name
2025-12-30 17:25:57,093 INFO sqlalchemy.engine.Engine [generated in 0.00006s] ()
2025-12-30 17:25:57,095 INFO sqlalchemy.engine.Engine COMMIT
2025-12-30 17:25:57 - app.main - INFO - ⚡ Completed in 0.0962s - Status: 200
INFO:     127.0.0.1:50729 - "GET /api/v1/vulnerabilities/statistics HTTP/1.1" 200 OK
2025-12-30 17:25:57 - app.main - INFO - 📨 GET http://localhost:8000/api/v1/vulnerabilities/statistics
2025-12-30 17:25:57,097 INFO sqlalchemy.engine.Engine BEGIN (implicit)
2025-12-30 17:25:57,097 INFO sqlalchemy.engine.Engine SELECT count(*) AS count_1 
FROM vulnerabilities
2025-12-30 17:25:57,097 INFO sqlalchemy.engine.Engine [cached since 0.09434s ago] ()
2025-12-30 17:25:57,097 INFO sqlalchemy.engine.Engine SELECT count(*) AS count_1 
FROM vulnerabilities 
WHERE vulnerabilities.status = $1::vulnerabilitystatus
2025-12-30 17:25:57,097 INFO sqlalchemy.engine.Engine [cached since 0.02652s ago] ('OPEN',)
2025-12-30 17:25:57,098 INFO sqlalchemy.engine.Engine SELECT count(*) AS count_1 
FROM vulnerabilities 
WHERE vulnerabilities.status = $1::vulnerabilitystatus
2025-12-30 17:25:57,098 INFO sqlalchemy.engine.Engine [cached since 0.02728s ago] ('CLOSED',)
2025-12-30 17:25:57,098 INFO sqlalchemy.engine.Engine SELECT count(*) AS count_1 
FROM vulnerabilities 
WHERE vulnerabilities.status = $1::vulnerabilitystatus
2025-12-30 17:25:57,098 INFO sqlalchemy.engine.Engine [cached since 0.02759s ago] ('IN_PROGRESS',)
2025-12-30 17:25:57,099 INFO sqlalchemy.engine.Engine SELECT vulnerabilities.severity, count(vulnerabilities.id) AS count 
FROM vulnerabilities GROUP BY vulnerabilities.severity
2025-12-30 17:25:57,099 INFO sqlalchemy.engine.Engine [cached since 0.01047s ago] ()
2025-12-30 17:25:57,099 INFO sqlalchemy.engine.Engine SELECT applications.name, count(vulnerabilities.id) AS count 
FROM applications JOIN vulnerabilities ON applications.id = vulnerabilities.application_id GROUP BY applications.name
2025-12-30 17:25:57,100 INFO sqlalchemy.engine.Engine [cached since 0.006344s ago] ()
2025-12-30 17:25:57,101 INFO sqlalchemy.engine.Engine COMMIT
2025-12-30 17:25:57 - app.main - INFO - ⚡ Completed in 0.0051s - Status: 200
INFO:     127.0.0.1:50729 - "GET /api/v1/vulnerabilities/statistics HTTP/1.1" 200 OK
2025-12-30 17:26:00 - app.main - INFO - 📨 OPTIONS http://localhost:8000/api/v1/reminders/
2025-12-30 17:26:00 - app.main - INFO - 📨 OPTIONS http://localhost:8000/api/v1/reminders/
2025-12-30 17:26:00 - app.main - INFO - ⚡ Completed in 0.0006s - Status: 200
INFO:     127.0.0.1:50729 - "OPTIONS /api/v1/reminders/ HTTP/1.1" 200 OK
2025-12-30 17:26:00 - app.main - INFO - ⚡ Completed in 0.0005s - Status: 200
INFO:     127.0.0.1:50727 - "OPTIONS /api/v1/reminders/ HTTP/1.1" 200 OK
2025-12-30 17:26:00 - app.main - INFO - 📨 GET http://localhost:8000/api/v1/reminders/
2025-12-30 17:26:00,492 INFO sqlalchemy.engine.Engine BEGIN (implicit)
2025-12-30 17:26:00,494 INFO sqlalchemy.engine.Engine SELECT applications.id, applications.name, applications.description, applications.application_type, applications.version, applications.url, applications.risk_level, applications.business_criticality, applications.data_classification, applications.owner, applications.vendor_name, applications.owner_id, applications.organization_id, applications.technology_stack, applications.environment, applications.hosting_type, applications.compliance_requirements, applications.last_security_review, applications.next_security_review, applications.created_at, applications.updated_at 
FROM applications 
WHERE applications.owner_id IS NOT NULL
2025-12-30 17:26:00,494 INFO sqlalchemy.engine.Engine [generated in 0.00015s] ()
2025-12-30 17:26:00,501 INFO sqlalchemy.engine.Engine SELECT vulnerabilities.id, vulnerabilities.title, vulnerabilities.description, vulnerabilities.cve_id, vulnerabilities.severity, vulnerabilities.status, vulnerabilities.discovered_date, vulnerabilities.source, vulnerabilities.cvss_score, vulnerabilities.cvss_vector, vulnerabilities.exploit_available, vulnerabilities.remediation_plan, vulnerabilities.remediation_deadline, vulnerabilities.remediation_completed, vulnerabilities.remarks, vulnerabilities.poc_file_path, vulnerabilities.application_id, vulnerabilities.vendor_id, vulnerabilities.assigned_to_id, vulnerabilities.created_at, vulnerabilities.updated_at 
FROM vulnerabilities 
WHERE vulnerabilities.status = $1::vulnerabilitystatus
2025-12-30 17:26:00,501 INFO sqlalchemy.engine.Engine [generated in 0.00024s] ('OPEN',)
2025-12-30 17:26:00,504 INFO sqlalchemy.engine.Engine SELECT users.id, users.email, users.username, users.full_name, users.hashed_password, users.is_active, users.is_superuser, users.role, users.last_login, users.phone, users.department, users.profile_type, users.company, users.privilege_level, users.clearance_level, users.created_at, users.updated_at 
FROM users 
WHERE users.id IN ($1::INTEGER, $2::INTEGER, $3::INTEGER, $4::INTEGER, $5::INTEGER, $6::INTEGER, $7::INTEGER, $8::INTEGER, $9::INTEGER, $10::INTEGER, $11::INTEGER, $12::INTEGER, $13::INTEGER, $14::INTEGER)
2025-12-30 17:26:00,505 INFO sqlalchemy.engine.Engine [generated in 0.00037s] (2, 3, 3, 2, 2, 3, 2, 1, 3, 3, 3, 1, 2, 1)
2025-12-30 17:26:00,513 INFO sqlalchemy.engine.Engine COMMIT
2025-12-30 17:26:00 - app.main - INFO - ⚡ Completed in 0.0236s - Status: 200
INFO:     127.0.0.1:50705 - "GET /api/v1/reminders/ HTTP/1.1" 200 OK
2025-12-30 17:26:00 - app.main - INFO - 📨 GET http://localhost:8000/api/v1/reminders/
2025-12-30 17:26:00,516 INFO sqlalchemy.engine.Engine BEGIN (implicit)
2025-12-30 17:26:00,517 INFO sqlalchemy.engine.Engine SELECT applications.id, applications.name, applications.description, applications.application_type, applications.version, applications.url, applications.risk_level, applications.business_criticality, applications.data_classification, applications.owner, applications.vendor_name, applications.owner_id, applications.organization_id, applications.technology_stack, applications.environment, applications.hosting_type, applications.compliance_requirements, applications.last_security_review, applications.next_security_review, applications.created_at, applications.updated_at 
FROM applications 
WHERE applications.owner_id IS NOT NULL
2025-12-30 17:26:00,517 INFO sqlalchemy.engine.Engine [cached since 0.02319s ago] ()
2025-12-30 17:26:00,518 INFO sqlalchemy.engine.Engine SELECT vulnerabilities.id, vulnerabilities.title, vulnerabilities.description, vulnerabilities.cve_id, vulnerabilities.severity, vulnerabilities.status, vulnerabilities.discovered_date, vulnerabilities.source, vulnerabilities.cvss_score, vulnerabilities.cvss_vector, vulnerabilities.exploit_available, vulnerabilities.remediation_plan, vulnerabilities.remediation_deadline, vulnerabilities.remediation_completed, vulnerabilities.remarks, vulnerabilities.poc_file_path, vulnerabilities.application_id, vulnerabilities.vendor_id, vulnerabilities.assigned_to_id, vulnerabilities.created_at, vulnerabilities.updated_at 
FROM vulnerabilities 
WHERE vulnerabilities.status = $1::vulnerabilitystatus
2025-12-30 17:26:00,519 INFO sqlalchemy.engine.Engine [cached since 0.01738s ago] ('OPEN',)
2025-12-30 17:26:00,521 INFO sqlalchemy.engine.Engine SELECT users.id, users.email, users.username, users.full_name, users.hashed_password, users.is_active, users.is_superuser, users.role, users.last_login, users.phone, users.department, users.profile_type, users.company, users.privilege_level, users.clearance_level, users.created_at, users.updated_at 
FROM users 
WHERE users.id IN ($1::INTEGER, $2::INTEGER, $3::INTEGER, $4::INTEGER, $5::INTEGER, $6::INTEGER, $7::INTEGER, $8::INTEGER, $9::INTEGER, $10::INTEGER, $11::INTEGER, $12::INTEGER, $13::INTEGER, $14::INTEGER)
2025-12-30 17:26:00,521 INFO sqlalchemy.engine.Engine [cached since 0.01666s ago] (2, 3, 3, 2, 2, 3, 2, 1, 3, 3, 3, 1, 2, 1)
2025-12-30 17:26:00,525 INFO sqlalchemy.engine.Engine COMMIT
2025-12-30 17:26:00 - app.main - INFO - ⚡ Completed in 0.0108s - Status: 200
INFO:     127.0.0.1:50705 - "GET /api/v1/reminders/ HTTP/1.1" 200 OK
2025-12-30 17:26:15 - app.main - INFO - 📨 OPTIONS http://localhost:8000/api/v1/audit/statistics
2025-12-30 17:26:15 - app.main - INFO - 📨 OPTIONS http://localhost:8000/api/v1/audit/iso27001-compliance
2025-12-30 17:26:15 - app.main - INFO - 📨 OPTIONS http://localhost:8000/api/v1/audit/pcidss-compliance
2025-12-30 17:26:15 - app.main - INFO - ⚡ Completed in 0.0009s - Status: 200
INFO:     127.0.0.1:50814 - "OPTIONS /api/v1/audit/statistics HTTP/1.1" 200 OK
2025-12-30 17:26:15 - app.main - INFO - 📨 OPTIONS http://localhost:8000/api/v1/audit/top-vendors?limit=5
2025-12-30 17:26:15 - app.main - INFO - ⚡ Completed in 0.0010s - Status: 200
INFO:     127.0.0.1:50815 - "OPTIONS /api/v1/audit/iso27001-compliance HTTP/1.1" 200 OK
2025-12-30 17:26:15 - app.main - INFO - 📨 OPTIONS http://localhost:8000/api/v1/audit/statistics
2025-12-30 17:26:15 - app.main - INFO - ⚡ Completed in 0.0012s - Status: 200
INFO:     127.0.0.1:50818 - "OPTIONS /api/v1/audit/pcidss-compliance HTTP/1.1" 200 OK
2025-12-30 17:26:15 - app.main - INFO - 📨 OPTIONS http://localhost:8000/api/v1/audit/iso27001-compliance
2025-12-30 17:26:15 - app.main - INFO - ⚡ Completed in 0.0014s - Status: 200
INFO:     127.0.0.1:50820 - "OPTIONS /api/v1/audit/top-vendors?limit=5 HTTP/1.1" 200 OK
2025-12-30 17:26:15 - app.main - INFO - 📨 OPTIONS http://localhost:8000/api/v1/audit/pcidss-compliance
2025-12-30 17:26:15 - app.main - INFO - ⚡ Completed in 0.0015s - Status: 200
INFO:     127.0.0.1:50822 - "OPTIONS /api/v1/audit/statistics HTTP/1.1" 200 OK
2025-12-30 17:26:15 - app.main - INFO - 📨 OPTIONS http://localhost:8000/api/v1/audit/top-vendors?limit=5
2025-12-30 17:26:15 - app.main - INFO - ⚡ Completed in 0.0016s - Status: 200
INFO:     127.0.0.1:50823 - "OPTIONS /api/v1/audit/iso27001-compliance HTTP/1.1" 200 OK
2025-12-30 17:26:15 - app.main - INFO - 📨 GET http://localhost:8000/api/v1/audit/statistics
2025-12-30 17:26:15 - app.main - INFO - ⚡ Completed in 0.0015s - Status: 200
INFO:     127.0.0.1:50814 - "OPTIONS /api/v1/audit/pcidss-compliance HTTP/1.1" 200 OK
2025-12-30 17:26:15 - app.main - INFO - 📨 GET http://localhost:8000/api/v1/audit/iso27001-compliance
2025-12-30 17:26:15 - app.main - INFO - ⚡ Completed in 0.0021s - Status: 200
INFO:     127.0.0.1:50815 - "OPTIONS /api/v1/audit/top-vendors?limit=5 HTTP/1.1" 200 OK
2025-12-30 17:26:15 - app.main - INFO - 📨 GET http://localhost:8000/api/v1/audit/pcidss-compliance
2025-12-30 17:26:15 - app.main - INFO - 📨 GET http://localhost:8000/api/v1/audit/top-vendors?limit=5
2025-12-30 17:26:15,434 INFO sqlalchemy.engine.Engine BEGIN (implicit)
2025-12-30 17:26:15,434 INFO sqlalchemy.engine.Engine SELECT vendors.id, vendors.name, vendors.description, vendors.category, vendors.contact_email, vendors.contact_phone, vendors.website, vendors.risk_level, vendors.last_risk_assessment, vendors.next_risk_assessment, vendors.contract_start_date, vendors.contract_end_date, vendors.contract_value, vendors.compliance_status, vendors.compliance_rate, vendors.compliant_controls, vendors.non_compliant_controls, vendors.last_compliance_check, vendors.organization_id, vendors.created_at, vendors.updated_at 
FROM vendors
2025-12-30 17:26:15,434 INFO sqlalchemy.engine.Engine [cached since 94.2s ago] ()
2025-12-30 17:26:15,437 INFO sqlalchemy.engine.Engine BEGIN (implicit)
2025-12-30 17:26:15,438 INFO sqlalchemy.engine.Engine SELECT applications.id, applications.name, applications.description, applications.application_type, applications.version, applications.url, applications.risk_level, applications.business_criticality, applications.data_classification, applications.owner, applications.vendor_name, applications.owner_id, applications.organization_id, applications.technology_stack, applications.environment, applications.hosting_type, applications.compliance_requirements, applications.last_security_review, applications.next_security_review, applications.created_at, applications.updated_at 
FROM applications
2025-12-30 17:26:15,438 INFO sqlalchemy.engine.Engine [generated in 0.00024s] ()
2025-12-30 17:26:15,440 INFO sqlalchemy.engine.Engine SELECT vendor_certificates.application_id AS vendor_certificates_application_id, vendor_certificates.id AS vendor_certificates_id, vendor_certificates.certificate_type AS vendor_certificates_certificate_type, vendor_certificates.certificate_number AS vendor_certificates_certificate_number, vendor_certificates.issue_date AS vendor_certificates_issue_date, vendor_certificates.expiry_date AS vendor_certificates_expiry_date, vendor_certificates.status AS vendor_certificates_status, vendor_certificates.issuing_authority AS vendor_certificates_issuing_authority, vendor_certificates.certificate_url AS vendor_certificates_certificate_url, vendor_certificates.scope AS vendor_certificates_scope, vendor_certificates.notes AS vendor_certificates_notes, vendor_certificates.vendor_id AS vendor_certificates_vendor_id, vendor_certificates.created_at AS vendor_certificates_created_at, vendor_certificates.updated_at AS vendor_certificates_updated_at 
FROM vendor_certificates 
WHERE vendor_certificates.application_id IN ($1::INTEGER, $2::INTEGER, $3::INTEGER, $4::INTEGER, $5::INTEGER, $6::INTEGER, $7::INTEGER, $8::INTEGER, $9::INTEGER, $10::INTEGER, $11::INTEGER, $12::INTEGER, $13::INTEGER, $14::INTEGER, $15::INTEGER, $16::INTEGER, $17::INTEGER, $18::INTEGER, $19::INTEGER, $20::INTEGER, $21::INTEGER, $22::INTEGER, $23::INTEGER, $24::INTEGER, $25::INTEGER, $26::INTEGER, $27::INTEGER)
2025-12-30 17:26:15,440 INFO sqlalchemy.engine.Engine [generated in 0.00021s] (1, 2, 3, 4, 5, 6, 7, 8, 9, 10, 11, 12, 13, 14, 15, 16, 17, 18, 19, 20, 21, 22, 23, 24, 25, 26, 27)
2025-12-30 17:26:15,444 INFO sqlalchemy.engine.Engine COMMIT
2025-12-30 17:26:15 - app.main - INFO - ⚡ Completed in 0.0258s - Status: 200
INFO:     127.0.0.1:50820 - "GET /api/v1/audit/iso27001-compliance HTTP/1.1" 200 OK
2025-12-30 17:26:15 - app.main - INFO - 📨 GET http://localhost:8000/api/v1/audit/iso27001-compliance
2025-12-30 17:26:15,447 INFO sqlalchemy.engine.Engine BEGIN (implicit)
2025-12-30 17:26:15,447 INFO sqlalchemy.engine.Engine SELECT applications.id, applications.name, applications.description, applications.application_type, applications.version, applications.url, applications.risk_level, applications.business_criticality, applications.data_classification, applications.owner, applications.vendor_name, applications.owner_id, applications.organization_id, applications.technology_stack, applications.environment, applications.hosting_type, applications.compliance_requirements, applications.last_security_review, applications.next_security_review, applications.created_at, applications.updated_at 
FROM applications
2025-12-30 17:26:15,447 INFO sqlalchemy.engine.Engine [cached since 0.009419s ago] ()
2025-12-30 17:26:15,449 INFO sqlalchemy.engine.Engine SELECT vendor_certificates.vendor_id AS vendor_certificates_vendor_id, vendor_certificates.id AS vendor_certificates_id, vendor_certificates.certificate_type AS vendor_certificates_certificate_type, vendor_certificates.certificate_number AS vendor_certificates_certificate_number, vendor_certificates.issue_date AS vendor_certificates_issue_date, vendor_certificates.expiry_date AS vendor_certificates_expiry_date, vendor_certificates.status AS vendor_certificates_status, vendor_certificates.issuing_authority AS vendor_certificates_issuing_authority, vendor_certificates.certificate_url AS vendor_certificates_certificate_url, vendor_certificates.scope AS vendor_certificates_scope, vendor_certificates.notes AS vendor_certificates_notes, vendor_certificates.application_id AS vendor_certificates_application_id, vendor_certificates.created_at AS vendor_certificates_created_at, vendor_certificates.updated_at AS vendor_certificates_updated_at 
FROM vendor_certificates 
WHERE vendor_certificates.vendor_id IN ($1::INTEGER, $2::INTEGER, $3::INTEGER, $4::INTEGER, $5::INTEGER, $6::INTEGER, $7::INTEGER, $8::INTEGER, $9::INTEGER, $10::INTEGER, $11::INTEGER, $12::INTEGER, $13::INTEGER, $14::INTEGER, $15::INTEGER, $16::INTEGER, $17::INTEGER, $18::INTEGER, $19::INTEGER, $20::INTEGER, $21::INTEGER, $22::INTEGER, $23::INTEGER, $24::INTEGER, $25::INTEGER, $26::INTEGER, $27::INTEGER, $28::INTEGER, $29::INTEGER, $30::INTEGER, $31::INTEGER, $32::INTEGER)
2025-12-30 17:26:15,449 INFO sqlalchemy.engine.Engine [cached since 94.21s ago] (26, 27, 8, 7, 10, 11, 16, 17, 18, 19, 20, 21, 22, 23, 24, 25, 1, 2, 3, 4, 5, 6, 9, 12, 13, 14, 15, 28, 29, 30, 31, 32)
2025-12-30 17:26:15,450 INFO sqlalchemy.engine.Engine SELECT vendor_certificates.application_id AS vendor_certificates_application_id, vendor_certificates.id AS vendor_certificates_id, vendor_certificates.certificate_type AS vendor_certificates_certificate_type, vendor_certificates.certificate_number AS vendor_certificates_certificate_number, vendor_certificates.issue_date AS vendor_certificates_issue_date, vendor_certificates.expiry_date AS vendor_certificates_expiry_date, vendor_certificates.status AS vendor_certificates_status, vendor_certificates.issuing_authority AS vendor_certificates_issuing_authority, vendor_certificates.certificate_url AS vendor_certificates_certificate_url, vendor_certificates.scope AS vendor_certificates_scope, vendor_certificates.notes AS vendor_certificates_notes, vendor_certificates.vendor_id AS vendor_certificates_vendor_id, vendor_certificates.created_at AS vendor_certificates_created_at, vendor_certificates.updated_at AS vendor_certificates_updated_at 
FROM vendor_certificates 
WHERE vendor_certificates.application_id IN ($1::INTEGER, $2::INTEGER, $3::INTEGER, $4::INTEGER, $5::INTEGER, $6::INTEGER, $7::INTEGER, $8::INTEGER, $9::INTEGER, $10::INTEGER, $11::INTEGER, $12::INTEGER, $13::INTEGER, $14::INTEGER, $15::INTEGER, $16::INTEGER, $17::INTEGER, $18::INTEGER, $19::INTEGER, $20::INTEGER, $21::INTEGER, $22::INTEGER, $23::INTEGER, $24::INTEGER, $25::INTEGER, $26::INTEGER, $27::INTEGER)
2025-12-30 17:26:15,450 INFO sqlalchemy.engine.Engine [cached since 0.009817s ago] (1, 2, 3, 4, 5, 6, 7, 8, 9, 10, 11, 12, 13, 14, 15, 16, 17, 18, 19, 20, 21, 22, 23, 24, 25, 26, 27)
2025-12-30 17:26:15,451 INFO sqlalchemy.engine.Engine COMMIT
2025-12-30 17:26:15 - app.main - INFO - ⚡ Completed in 0.0046s - Status: 200
INFO:     127.0.0.1:50820 - "GET /api/v1/audit/iso27001-compliance HTTP/1.1" 200 OK
2025-12-30 17:26:15,453 INFO sqlalchemy.engine.Engine COMMIT
2025-12-30 17:26:15 - app.main - INFO - ⚡ Completed in 0.0351s - Status: 200
INFO:     127.0.0.1:50818 - "GET /api/v1/audit/statistics HTTP/1.1" 200 OK
2025-12-30 17:26:15 - app.main - INFO - 📨 GET http://localhost:8000/api/v1/audit/statistics
2025-12-30 17:26:15,455 INFO sqlalchemy.engine.Engine BEGIN (implicit)
2025-12-30 17:26:15,455 INFO sqlalchemy.engine.Engine SELECT vendors.id, vendors.name, vendors.description, vendors.category, vendors.contact_email, vendors.contact_phone, vendors.website, vendors.risk_level, vendors.last_risk_assessment, vendors.next_risk_assessment, vendors.contract_start_date, vendors.contract_end_date, vendors.contract_value, vendors.compliance_status, vendors.compliance_rate, vendors.compliant_controls, vendors.non_compliant_controls, vendors.last_compliance_check, vendors.organization_id, vendors.created_at, vendors.updated_at 
FROM vendors
2025-12-30 17:26:15,455 INFO sqlalchemy.engine.Engine [cached since 94.22s ago] ()
2025-12-30 17:26:15,456 INFO sqlalchemy.engine.Engine SELECT vendor_certificates.vendor_id AS vendor_certificates_vendor_id, vendor_certificates.id AS vendor_certificates_id, vendor_certificates.certificate_type AS vendor_certificates_certificate_type, vendor_certificates.certificate_number AS vendor_certificates_certificate_number, vendor_certificates.issue_date AS vendor_certificates_issue_date, vendor_certificates.expiry_date AS vendor_certificates_expiry_date, vendor_certificates.status AS vendor_certificates_status, vendor_certificates.issuing_authority AS vendor_certificates_issuing_authority, vendor_certificates.certificate_url AS vendor_certificates_certificate_url, vendor_certificates.scope AS vendor_certificates_scope, vendor_certificates.notes AS vendor_certificates_notes, vendor_certificates.application_id AS vendor_certificates_application_id, vendor_certificates.created_at AS vendor_certificates_created_at, vendor_certificates.updated_at AS vendor_certificates_updated_at 
FROM vendor_certificates 
WHERE vendor_certificates.vendor_id IN ($1::INTEGER, $2::INTEGER, $3::INTEGER, $4::INTEGER, $5::INTEGER, $6::INTEGER, $7::INTEGER, $8::INTEGER, $9::INTEGER, $10::INTEGER, $11::INTEGER, $12::INTEGER, $13::INTEGER, $14::INTEGER, $15::INTEGER, $16::INTEGER, $17::INTEGER, $18::INTEGER, $19::INTEGER, $20::INTEGER, $21::INTEGER, $22::INTEGER, $23::INTEGER, $24::INTEGER, $25::INTEGER, $26::INTEGER, $27::INTEGER, $28::INTEGER, $29::INTEGER, $30::INTEGER, $31::INTEGER, $32::INTEGER)
2025-12-30 17:26:15,456 INFO sqlalchemy.engine.Engine [cached since 94.21s ago] (26, 27, 8, 7, 10, 11, 16, 17, 18, 19, 20, 21, 22, 23, 24, 25, 1, 2, 3, 4, 5, 6, 9, 12, 13, 14, 15, 28, 29, 30, 31, 32)
2025-12-30 17:26:15,457 INFO sqlalchemy.engine.Engine COMMIT
2025-12-30 17:26:15 - app.main - INFO - ⚡ Completed in 0.0029s - Status: 200
INFO:     127.0.0.1:50818 - "GET /api/v1/audit/statistics HTTP/1.1" 200 OK
2025-12-30 17:26:15,465 INFO sqlalchemy.engine.Engine BEGIN (implicit)
2025-12-30 17:26:15,466 INFO sqlalchemy.engine.Engine SELECT applications.id, applications.name, applications.description, applications.application_type, applications.version, applications.url, applications.risk_level, applications.business_criticality, applications.data_classification, applications.owner, applications.vendor_name, applications.owner_id, applications.organization_id, applications.technology_stack, applications.environment, applications.hosting_type, applications.compliance_requirements, applications.last_security_review, applications.next_security_review, applications.created_at, applications.updated_at 
FROM applications
2025-12-30 17:26:15,466 INFO sqlalchemy.engine.Engine [cached since 0.02759s ago] ()
2025-12-30 17:26:15,466 INFO sqlalchemy.engine.Engine BEGIN (implicit)
2025-12-30 17:26:15,466 INFO sqlalchemy.engine.Engine SELECT vendors.id, vendors.name, vendors.description, vendors.category, vendors.contact_email, vendors.contact_phone, vendors.website, vendors.risk_level, vendors.last_risk_assessment, vendors.next_risk_assessment, vendors.contract_start_date, vendors.contract_end_date, vendors.contract_value, vendors.compliance_status, vendors.compliance_rate, vendors.compliant_controls, vendors.non_compliant_controls, vendors.last_compliance_check, vendors.organization_id, vendors.created_at, vendors.updated_at 
FROM vendors
2025-12-30 17:26:15,466 INFO sqlalchemy.engine.Engine [cached since 94.23s ago] ()
2025-12-30 17:26:15,473 INFO sqlalchemy.engine.Engine SELECT vendor_certificates.vendor_id AS vendor_certificates_vendor_id, vendor_certificates.id AS vendor_certificates_id, vendor_certificates.certificate_type AS vendor_certificates_certificate_type, vendor_certificates.certificate_number AS vendor_certificates_certificate_number, vendor_certificates.issue_date AS vendor_certificates_issue_date, vendor_certificates.expiry_date AS vendor_certificates_expiry_date, vendor_certificates.status AS vendor_certificates_status, vendor_certificates.issuing_authority AS vendor_certificates_issuing_authority, vendor_certificates.certificate_url AS vendor_certificates_certificate_url, vendor_certificates.scope AS vendor_certificates_scope, vendor_certificates.notes AS vendor_certificates_notes, vendor_certificates.application_id AS vendor_certificates_application_id, vendor_certificates.created_at AS vendor_certificates_created_at, vendor_certificates.updated_at AS vendor_certificates_updated_at 
FROM vendor_certificates 
WHERE vendor_certificates.vendor_id IN ($1::INTEGER, $2::INTEGER, $3::INTEGER, $4::INTEGER, $5::INTEGER, $6::INTEGER, $7::INTEGER, $8::INTEGER, $9::INTEGER, $10::INTEGER, $11::INTEGER, $12::INTEGER, $13::INTEGER, $14::INTEGER, $15::INTEGER, $16::INTEGER, $17::INTEGER, $18::INTEGER, $19::INTEGER, $20::INTEGER, $21::INTEGER, $22::INTEGER, $23::INTEGER, $24::INTEGER, $25::INTEGER, $26::INTEGER, $27::INTEGER, $28::INTEGER, $29::INTEGER, $30::INTEGER, $31::INTEGER, $32::INTEGER)
2025-12-30 17:26:15,473 INFO sqlalchemy.engine.Engine [cached since 94.23s ago] (26, 27, 8, 7, 10, 11, 16, 17, 18, 19, 20, 21, 22, 23, 24, 25, 1, 2, 3, 4, 5, 6, 9, 12, 13, 14, 15, 28, 29, 30, 31, 32)
2025-12-30 17:26:15,474 INFO sqlalchemy.engine.Engine SELECT vendor_certificates.application_id AS vendor_certificates_application_id, vendor_certificates.id AS vendor_certificates_id, vendor_certificates.certificate_type AS vendor_certificates_certificate_type, vendor_certificates.certificate_number AS vendor_certificates_certificate_number, vendor_certificates.issue_date AS vendor_certificates_issue_date, vendor_certificates.expiry_date AS vendor_certificates_expiry_date, vendor_certificates.status AS vendor_certificates_status, vendor_certificates.issuing_authority AS vendor_certificates_issuing_authority, vendor_certificates.certificate_url AS vendor_certificates_certificate_url, vendor_certificates.scope AS vendor_certificates_scope, vendor_certificates.notes AS vendor_certificates_notes, vendor_certificates.vendor_id AS vendor_certificates_vendor_id, vendor_certificates.created_at AS vendor_certificates_created_at, vendor_certificates.updated_at AS vendor_certificates_updated_at 
FROM vendor_certificates 
WHERE vendor_certificates.application_id IN ($1::INTEGER, $2::INTEGER, $3::INTEGER, $4::INTEGER, $5::INTEGER, $6::INTEGER, $7::INTEGER, $8::INTEGER, $9::INTEGER, $10::INTEGER, $11::INTEGER, $12::INTEGER, $13::INTEGER, $14::INTEGER, $15::INTEGER, $16::INTEGER, $17::INTEGER, $18::INTEGER, $19::INTEGER, $20::INTEGER, $21::INTEGER, $22::INTEGER, $23::INTEGER, $24::INTEGER, $25::INTEGER, $26::INTEGER, $27::INTEGER)
2025-12-30 17:26:15,474 INFO sqlalchemy.engine.Engine [cached since 0.03412s ago] (1, 2, 3, 4, 5, 6, 7, 8, 9, 10, 11, 12, 13, 14, 15, 16, 17, 18, 19, 20, 21, 22, 23, 24, 25, 26, 27)
2025-12-30 17:26:15,475 INFO sqlalchemy.engine.Engine COMMIT
2025-12-30 17:26:15,476 INFO sqlalchemy.engine.Engine COMMIT
2025-12-30 17:26:15 - app.main - INFO - ⚡ Completed in 0.0536s - Status: 200
INFO:     127.0.0.1:50823 - "GET /api/v1/audit/top-vendors?limit=5 HTTP/1.1" 200 OK
2025-12-30 17:26:15 - app.main - INFO - ⚡ Completed in 0.0557s - Status: 200
INFO:     127.0.0.1:50822 - "GET /api/v1/audit/pcidss-compliance HTTP/1.1" 200 OK
2025-12-30 17:26:15 - app.main - INFO - 📨 GET http://localhost:8000/api/v1/audit/pcidss-compliance
2025-12-30 17:26:15 - app.main - INFO - 📨 GET http://localhost:8000/api/v1/audit/top-vendors?limit=5
2025-12-30 17:26:15,478 INFO sqlalchemy.engine.Engine BEGIN (implicit)
2025-12-30 17:26:15,479 INFO sqlalchemy.engine.Engine SELECT applications.id, applications.name, applications.description, applications.application_type, applications.version, applications.url, applications.risk_level, applications.business_criticality, applications.data_classification, applications.owner, applications.vendor_name, applications.owner_id, applications.organization_id, applications.technology_stack, applications.environment, applications.hosting_type, applications.compliance_requirements, applications.last_security_review, applications.next_security_review, applications.created_at, applications.updated_at 
FROM applications
2025-12-30 17:26:15,479 INFO sqlalchemy.engine.Engine [cached since 0.04062s ago] ()
2025-12-30 17:26:15,479 INFO sqlalchemy.engine.Engine BEGIN (implicit)
2025-12-30 17:26:15,479 INFO sqlalchemy.engine.Engine SELECT vendors.id, vendors.name, vendors.description, vendors.category, vendors.contact_email, vendors.contact_phone, vendors.website, vendors.risk_level, vendors.last_risk_assessment, vendors.next_risk_assessment, vendors.contract_start_date, vendors.contract_end_date, vendors.contract_value, vendors.compliance_status, vendors.compliance_rate, vendors.compliant_controls, vendors.non_compliant_controls, vendors.last_compliance_check, vendors.organization_id, vendors.created_at, vendors.updated_at 
FROM vendors
2025-12-30 17:26:15,479 INFO sqlalchemy.engine.Engine [cached since 94.24s ago] ()
2025-12-30 17:26:15,480 INFO sqlalchemy.engine.Engine SELECT vendor_certificates.vendor_id AS vendor_certificates_vendor_id, vendor_certificates.id AS vendor_certificates_id, vendor_certificates.certificate_type AS vendor_certificates_certificate_type, vendor_certificates.certificate_number AS vendor_certificates_certificate_number, vendor_certificates.issue_date AS vendor_certificates_issue_date, vendor_certificates.expiry_date AS vendor_certificates_expiry_date, vendor_certificates.status AS vendor_certificates_status, vendor_certificates.issuing_authority AS vendor_certificates_issuing_authority, vendor_certificates.certificate_url AS vendor_certificates_certificate_url, vendor_certificates.scope AS vendor_certificates_scope, vendor_certificates.notes AS vendor_certificates_notes, vendor_certificates.application_id AS vendor_certificates_application_id, vendor_certificates.created_at AS vendor_certificates_created_at, vendor_certificates.updated_at AS vendor_certificates_updated_at 
FROM vendor_certificates 
WHERE vendor_certificates.vendor_id IN ($1::INTEGER, $2::INTEGER, $3::INTEGER, $4::INTEGER, $5::INTEGER, $6::INTEGER, $7::INTEGER, $8::INTEGER, $9::INTEGER, $10::INTEGER, $11::INTEGER, $12::INTEGER, $13::INTEGER, $14::INTEGER, $15::INTEGER, $16::INTEGER, $17::INTEGER, $18::INTEGER, $19::INTEGER, $20::INTEGER, $21::INTEGER, $22::INTEGER, $23::INTEGER, $24::INTEGER, $25::INTEGER, $26::INTEGER, $27::INTEGER, $28::INTEGER, $29::INTEGER, $30::INTEGER, $31::INTEGER, $32::INTEGER)
2025-12-30 17:26:15,480 INFO sqlalchemy.engine.Engine [cached since 94.24s ago] (26, 27, 8, 7, 10, 11, 16, 17, 18, 19, 20, 21, 22, 23, 24, 25, 1, 2, 3, 4, 5, 6, 9, 12, 13, 14, 15, 28, 29, 30, 31, 32)
2025-12-30 17:26:15,480 INFO sqlalchemy.engine.Engine SELECT vendor_certificates.application_id AS vendor_certificates_application_id, vendor_certificates.id AS vendor_certificates_id, vendor_certificates.certificate_type AS vendor_certificates_certificate_type, vendor_certificates.certificate_number AS vendor_certificates_certificate_number, vendor_certificates.issue_date AS vendor_certificates_issue_date, vendor_certificates.expiry_date AS vendor_certificates_expiry_date, vendor_certificates.status AS vendor_certificates_status, vendor_certificates.issuing_authority AS vendor_certificates_issuing_authority, vendor_certificates.certificate_url AS vendor_certificates_certificate_url, vendor_certificates.scope AS vendor_certificates_scope, vendor_certificates.notes AS vendor_certificates_notes, vendor_certificates.vendor_id AS vendor_certificates_vendor_id, vendor_certificates.created_at AS vendor_certificates_created_at, vendor_certificates.updated_at AS vendor_certificates_updated_at 
FROM vendor_certificates 
WHERE vendor_certificates.application_id IN ($1::INTEGER, $2::INTEGER, $3::INTEGER, $4::INTEGER, $5::INTEGER, $6::INTEGER, $7::INTEGER, $8::INTEGER, $9::INTEGER, $10::INTEGER, $11::INTEGER, $12::INTEGER, $13::INTEGER, $14::INTEGER, $15::INTEGER, $16::INTEGER, $17::INTEGER, $18::INTEGER, $19::INTEGER, $20::INTEGER, $21::INTEGER, $22::INTEGER, $23::INTEGER, $24::INTEGER, $25::INTEGER, $26::INTEGER, $27::INTEGER)
2025-12-30 17:26:15,480 INFO sqlalchemy.engine.Engine [cached since 0.04033s ago] (1, 2, 3, 4, 5, 6, 7, 8, 9, 10, 11, 12, 13, 14, 15, 16, 17, 18, 19, 20, 21, 22, 23, 24, 25, 26, 27)
2025-12-30 17:26:15,481 INFO sqlalchemy.engine.Engine COMMIT
2025-12-30 17:26:15,481 INFO sqlalchemy.engine.Engine COMMIT
2025-12-30 17:26:15 - app.main - INFO - ⚡ Completed in 0.0037s - Status: 200
INFO:     127.0.0.1:50823 - "GET /api/v1/audit/top-vendors?limit=5 HTTP/1.1" 200 OK
2025-12-30 17:26:15 - app.main - INFO - ⚡ Completed in 0.0048s - Status: 200
INFO:     127.0.0.1:50822 - "GET /api/v1/audit/pcidss-compliance HTTP/1.1" 200 OK
2025-12-30 17:26:19 - app.main - INFO - 📨 OPTIONS http://localhost:8000/api/v1/tprm/
2025-12-30 17:26:19 - app.main - INFO - 📨 OPTIONS http://localhost:8000/api/v1/tprm/
2025-12-30 17:26:19 - app.main - INFO - ⚡ Completed in 0.0084s - Status: 200
INFO:     127.0.0.1:50822 - "OPTIONS /api/v1/tprm/ HTTP/1.1" 200 OK
2025-12-30 17:26:19 - app.main - INFO - ⚡ Completed in 0.0084s - Status: 200
INFO:     127.0.0.1:50823 - "OPTIONS /api/v1/tprm/ HTTP/1.1" 200 OK
2025-12-30 17:26:19 - app.main - INFO - 📨 GET http://localhost:8000/api/v1/tprm/
2025-12-30 17:26:19,026 INFO sqlalchemy.engine.Engine BEGIN (implicit)
2025-12-30 17:26:19,027 INFO sqlalchemy.engine.Engine SELECT vendors.id, vendors.name, vendors.description, vendors.category, vendors.contact_email, vendors.contact_phone, vendors.website, vendors.risk_level, vendors.last_risk_assessment, vendors.next_risk_assessment, vendors.contract_start_date, vendors.contract_end_date, vendors.contract_value, vendors.compliance_status, vendors.compliance_rate, vendors.compliant_controls, vendors.non_compliant_controls, vendors.last_compliance_check, vendors.organization_id, vendors.created_at, vendors.updated_at 
FROM vendors ORDER BY vendors.name
2025-12-30 17:26:19,027 INFO sqlalchemy.engine.Engine [generated in 0.00023s] ()
2025-12-30 17:26:19,032 INFO sqlalchemy.engine.Engine SELECT vendor_compliance_records.id, vendor_compliance_records.compliance_area, vendor_compliance_records.status, vendor_compliance_records.assessment_date, vendor_compliance_records.expiry_date, vendor_compliance_records.certificate_url, vendor_compliance_records.notes, vendor_compliance_records.vendor_id, vendor_compliance_records.assessor_id, vendor_compliance_records.created_at, vendor_compliance_records.updated_at 
FROM vendor_compliance_records 
WHERE vendor_compliance_records.vendor_id = $1::INTEGER ORDER BY vendor_compliance_records.assessment_date DESC 
 LIMIT $2::INTEGER
2025-12-30 17:26:19,032 INFO sqlalchemy.engine.Engine [generated in 0.00028s] (1, 1)
2025-12-30 17:26:19,035 INFO sqlalchemy.engine.Engine SELECT vendor_compliance_records.id, vendor_compliance_records.compliance_area, vendor_compliance_records.status, vendor_compliance_records.assessment_date, vendor_compliance_records.expiry_date, vendor_compliance_records.certificate_url, vendor_compliance_records.notes, vendor_compliance_records.vendor_id, vendor_compliance_records.assessor_id, vendor_compliance_records.created_at, vendor_compliance_records.updated_at 
FROM vendor_compliance_records 
WHERE vendor_compliance_records.vendor_id = $1::INTEGER ORDER BY vendor_compliance_records.assessment_date DESC 
 LIMIT $2::INTEGER
2025-12-30 17:26:19,035 INFO sqlalchemy.engine.Engine [cached since 0.003319s ago] (24, 1)
2025-12-30 17:26:19,036 INFO sqlalchemy.engine.Engine SELECT vendor_compliance_records.id, vendor_compliance_records.compliance_area, vendor_compliance_records.status, vendor_compliance_records.assessment_date, vendor_compliance_records.expiry_date, vendor_compliance_records.certificate_url, vendor_compliance_records.notes, vendor_compliance_records.vendor_id, vendor_compliance_records.assessor_id, vendor_compliance_records.created_at, vendor_compliance_records.updated_at 
FROM vendor_compliance_records 
WHERE vendor_compliance_records.vendor_id = $1::INTEGER ORDER BY vendor_compliance_records.assessment_date DESC 
 LIMIT $2::INTEGER
2025-12-30 17:26:19,036 INFO sqlalchemy.engine.Engine [cached since 0.004309s ago] (27, 1)
2025-12-30 17:26:19,038 INFO sqlalchemy.engine.Engine SELECT vendor_compliance_records.id, vendor_compliance_records.compliance_area, vendor_compliance_records.status, vendor_compliance_records.assessment_date, vendor_compliance_records.expiry_date, vendor_compliance_records.certificate_url, vendor_compliance_records.notes, vendor_compliance_records.vendor_id, vendor_compliance_records.assessor_id, vendor_compliance_records.created_at, vendor_compliance_records.updated_at 
FROM vendor_compliance_records 
WHERE vendor_compliance_records.vendor_id = $1::INTEGER ORDER BY vendor_compliance_records.assessment_date DESC 
 LIMIT $2::INTEGER
2025-12-30 17:26:19,038 INFO sqlalchemy.engine.Engine [cached since 0.006152s ago] (28, 1)
2025-12-30 17:26:19,039 INFO sqlalchemy.engine.Engine SELECT vendor_compliance_records.id, vendor_compliance_records.compliance_area, vendor_compliance_records.status, vendor_compliance_records.assessment_date, vendor_compliance_records.expiry_date, vendor_compliance_records.certificate_url, vendor_compliance_records.notes, vendor_compliance_records.vendor_id, vendor_compliance_records.assessor_id, vendor_compliance_records.created_at, vendor_compliance_records.updated_at 
FROM vendor_compliance_records 
WHERE vendor_compliance_records.vendor_id = $1::INTEGER ORDER BY vendor_compliance_records.assessment_date DESC 
 LIMIT $2::INTEGER
2025-12-30 17:26:19,039 INFO sqlalchemy.engine.Engine [cached since 0.007027s ago] (10, 1)
2025-12-30 17:26:19,040 INFO sqlalchemy.engine.Engine SELECT vendor_compliance_records.id, vendor_compliance_records.compliance_area, vendor_compliance_records.status, vendor_compliance_records.assessment_date, vendor_compliance_records.expiry_date, vendor_compliance_records.certificate_url, vendor_compliance_records.notes, vendor_compliance_records.vendor_id, vendor_compliance_records.assessor_id, vendor_compliance_records.created_at, vendor_compliance_records.updated_at 
FROM vendor_compliance_records 
WHERE vendor_compliance_records.vendor_id = $1::INTEGER ORDER BY vendor_compliance_records.assessment_date DESC 
 LIMIT $2::INTEGER
2025-12-30 17:26:19,040 INFO sqlalchemy.engine.Engine [cached since 0.007821s ago] (9, 1)
2025-12-30 17:26:19,040 INFO sqlalchemy.engine.Engine SELECT vendor_compliance_records.id, vendor_compliance_records.compliance_area, vendor_compliance_records.status, vendor_compliance_records.assessment_date, vendor_compliance_records.expiry_date, vendor_compliance_records.certificate_url, vendor_compliance_records.notes, vendor_compliance_records.vendor_id, vendor_compliance_records.assessor_id, vendor_compliance_records.created_at, vendor_compliance_records.updated_at 
FROM vendor_compliance_records 
WHERE vendor_compliance_records.vendor_id = $1::INTEGER ORDER BY vendor_compliance_records.assessment_date DESC 
 LIMIT $2::INTEGER
2025-12-30 17:26:19,041 INFO sqlalchemy.engine.Engine [cached since 0.008612s ago] (18, 1)
2025-12-30 17:26:19,041 INFO sqlalchemy.engine.Engine SELECT vendor_compliance_records.id, vendor_compliance_records.compliance_area, vendor_compliance_records.status, vendor_compliance_records.assessment_date, vendor_compliance_records.expiry_date, vendor_compliance_records.certificate_url, vendor_compliance_records.notes, vendor_compliance_records.vendor_id, vendor_compliance_records.assessor_id, vendor_compliance_records.created_at, vendor_compliance_records.updated_at 
FROM vendor_compliance_records 
WHERE vendor_compliance_records.vendor_id = $1::INTEGER ORDER BY vendor_compliance_records.assessment_date DESC 
 LIMIT $2::INTEGER
2025-12-30 17:26:19,041 INFO sqlalchemy.engine.Engine [cached since 0.009362s ago] (2, 1)
2025-12-30 17:26:19,042 INFO sqlalchemy.engine.Engine SELECT vendor_compliance_records.id, vendor_compliance_records.compliance_area, vendor_compliance_records.status, vendor_compliance_records.assessment_date, vendor_compliance_records.expiry_date, vendor_compliance_records.certificate_url, vendor_compliance_records.notes, vendor_compliance_records.vendor_id, vendor_compliance_records.assessor_id, vendor_compliance_records.created_at, vendor_compliance_records.updated_at 
FROM vendor_compliance_records 
WHERE vendor_compliance_records.vendor_id = $1::INTEGER ORDER BY vendor_compliance_records.assessment_date DESC 
 LIMIT $2::INTEGER
2025-12-30 17:26:19,042 INFO sqlalchemy.engine.Engine [cached since 0.01002s ago] (13, 1)
2025-12-30 17:26:19,042 INFO sqlalchemy.engine.Engine SELECT vendor_compliance_records.id, vendor_compliance_records.compliance_area, vendor_compliance_records.status, vendor_compliance_records.assessment_date, vendor_compliance_records.expiry_date, vendor_compliance_records.certificate_url, vendor_compliance_records.notes, vendor_compliance_records.vendor_id, vendor_compliance_records.assessor_id, vendor_compliance_records.created_at, vendor_compliance_records.updated_at 
FROM vendor_compliance_records 
WHERE vendor_compliance_records.vendor_id = $1::INTEGER ORDER BY vendor_compliance_records.assessment_date DESC 
 LIMIT $2::INTEGER
2025-12-30 17:26:19,042 INFO sqlalchemy.engine.Engine [cached since 0.01045s ago] (29, 1)
2025-12-30 17:26:19,043 INFO sqlalchemy.engine.Engine SELECT vendor_compliance_records.id, vendor_compliance_records.compliance_area, vendor_compliance_records.status, vendor_compliance_records.assessment_date, vendor_compliance_records.expiry_date, vendor_compliance_records.certificate_url, vendor_compliance_records.notes, vendor_compliance_records.vendor_id, vendor_compliance_records.assessor_id, vendor_compliance_records.created_at, vendor_compliance_records.updated_at 
FROM vendor_compliance_records 
WHERE vendor_compliance_records.vendor_id = $1::INTEGER ORDER BY vendor_compliance_records.assessment_date DESC 
 LIMIT $2::INTEGER
2025-12-30 17:26:19,043 INFO sqlalchemy.engine.Engine [cached since 0.01078s ago] (19, 1)
2025-12-30 17:26:19,043 INFO sqlalchemy.engine.Engine SELECT vendor_compliance_records.id, vendor_compliance_records.compliance_area, vendor_compliance_records.status, vendor_compliance_records.assessment_date, vendor_compliance_records.expiry_date, vendor_compliance_records.certificate_url, vendor_compliance_records.notes, vendor_compliance_records.vendor_id, vendor_compliance_records.assessor_id, vendor_compliance_records.created_at, vendor_compliance_records.updated_at 
FROM vendor_compliance_records 
WHERE vendor_compliance_records.vendor_id = $1::INTEGER ORDER BY vendor_compliance_records.assessment_date DESC 
 LIMIT $2::INTEGER
2025-12-30 17:26:19,043 INFO sqlalchemy.engine.Engine [cached since 0.01109s ago] (11, 1)
2025-12-30 17:26:19,043 INFO sqlalchemy.engine.Engine SELECT vendor_compliance_records.id, vendor_compliance_records.compliance_area, vendor_compliance_records.status, vendor_compliance_records.assessment_date, vendor_compliance_records.expiry_date, vendor_compliance_records.certificate_url, vendor_compliance_records.notes, vendor_compliance_records.vendor_id, vendor_compliance_records.assessor_id, vendor_compliance_records.created_at, vendor_compliance_records.updated_at 
FROM vendor_compliance_records 
WHERE vendor_compliance_records.vendor_id = $1::INTEGER ORDER BY vendor_compliance_records.assessment_date DESC 
 LIMIT $2::INTEGER
2025-12-30 17:26:19,043 INFO sqlalchemy.engine.Engine [cached since 0.0114s ago] (22, 1)
2025-12-30 17:26:19,044 INFO sqlalchemy.engine.Engine SELECT vendor_compliance_records.id, vendor_compliance_records.compliance_area, vendor_compliance_records.status, vendor_compliance_records.assessment_date, vendor_compliance_records.expiry_date, vendor_compliance_records.certificate_url, vendor_compliance_records.notes, vendor_compliance_records.vendor_id, vendor_compliance_records.assessor_id, vendor_compliance_records.created_at, vendor_compliance_records.updated_at 
FROM vendor_compliance_records 
WHERE vendor_compliance_records.vendor_id = $1::INTEGER ORDER BY vendor_compliance_records.assessment_date DESC 
 LIMIT $2::INTEGER
2025-12-30 17:26:19,044 INFO sqlalchemy.engine.Engine [cached since 0.01198s ago] (25, 1)
2025-12-30 17:26:19,045 INFO sqlalchemy.engine.Engine SELECT vendor_compliance_records.id, vendor_compliance_records.compliance_area, vendor_compliance_records.status, vendor_compliance_records.assessment_date, vendor_compliance_records.expiry_date, vendor_compliance_records.certificate_url, vendor_compliance_records.notes, vendor_compliance_records.vendor_id, vendor_compliance_records.assessor_id, vendor_compliance_records.created_at, vendor_compliance_records.updated_at 
FROM vendor_compliance_records 
WHERE vendor_compliance_records.vendor_id = $1::INTEGER ORDER BY vendor_compliance_records.assessment_date DESC 
 LIMIT $2::INTEGER
2025-12-30 17:26:19,045 INFO sqlalchemy.engine.Engine [cached since 0.01284s ago] (6, 1)
2025-12-30 17:26:19,046 INFO sqlalchemy.engine.Engine SELECT vendor_compliance_records.id, vendor_compliance_records.compliance_area, vendor_compliance_records.status, vendor_compliance_records.assessment_date, vendor_compliance_records.expiry_date, vendor_compliance_records.certificate_url, vendor_compliance_records.notes, vendor_compliance_records.vendor_id, vendor_compliance_records.assessor_id, vendor_compliance_records.created_at, vendor_compliance_records.updated_at 
FROM vendor_compliance_records 
WHERE vendor_compliance_records.vendor_id = $1::INTEGER ORDER BY vendor_compliance_records.assessment_date DESC 
 LIMIT $2::INTEGER
2025-12-30 17:26:19,046 INFO sqlalchemy.engine.Engine [cached since 0.01364s ago] (32, 1)
2025-12-30 17:26:19,046 INFO sqlalchemy.engine.Engine SELECT vendor_compliance_records.id, vendor_compliance_records.compliance_area, vendor_compliance_records.status, vendor_compliance_records.assessment_date, vendor_compliance_records.expiry_date, vendor_compliance_records.certificate_url, vendor_compliance_records.notes, vendor_compliance_records.vendor_id, vendor_compliance_records.assessor_id, vendor_compliance_records.created_at, vendor_compliance_records.updated_at 
FROM vendor_compliance_records 
WHERE vendor_compliance_records.vendor_id = $1::INTEGER ORDER BY vendor_compliance_records.assessment_date DESC 
 LIMIT $2::INTEGER
2025-12-30 17:26:19,046 INFO sqlalchemy.engine.Engine [cached since 0.01401s ago] (31, 1)
2025-12-30 17:26:19,046 INFO sqlalchemy.engine.Engine SELECT vendor_compliance_records.id, vendor_compliance_records.compliance_area, vendor_compliance_records.status, vendor_compliance_records.assessment_date, vendor_compliance_records.expiry_date, vendor_compliance_records.certificate_url, vendor_compliance_records.notes, vendor_compliance_records.vendor_id, vendor_compliance_records.assessor_id, vendor_compliance_records.created_at, vendor_compliance_records.updated_at 
FROM vendor_compliance_records 
WHERE vendor_compliance_records.vendor_id = $1::INTEGER ORDER BY vendor_compliance_records.assessment_date DESC 
 LIMIT $2::INTEGER
2025-12-30 17:26:19,046 INFO sqlalchemy.engine.Engine [cached since 0.01431s ago] (21, 1)
2025-12-30 17:26:19,047 INFO sqlalchemy.engine.Engine SELECT vendor_compliance_records.id, vendor_compliance_records.compliance_area, vendor_compliance_records.status, vendor_compliance_records.assessment_date, vendor_compliance_records.expiry_date, vendor_compliance_records.certificate_url, vendor_compliance_records.notes, vendor_compliance_records.vendor_id, vendor_compliance_records.assessor_id, vendor_compliance_records.created_at, vendor_compliance_records.updated_at 
FROM vendor_compliance_records 
WHERE vendor_compliance_records.vendor_id = $1::INTEGER ORDER BY vendor_compliance_records.assessment_date DESC 
 LIMIT $2::INTEGER
2025-12-30 17:26:19,047 INFO sqlalchemy.engine.Engine [cached since 0.01462s ago] (4, 1)
2025-12-30 17:26:19,047 INFO sqlalchemy.engine.Engine SELECT vendor_compliance_records.id, vendor_compliance_records.compliance_area, vendor_compliance_records.status, vendor_compliance_records.assessment_date, vendor_compliance_records.expiry_date, vendor_compliance_records.certificate_url, vendor_compliance_records.notes, vendor_compliance_records.vendor_id, vendor_compliance_records.assessor_id, vendor_compliance_records.created_at, vendor_compliance_records.updated_at 
FROM vendor_compliance_records 
WHERE vendor_compliance_records.vendor_id = $1::INTEGER ORDER BY vendor_compliance_records.assessment_date DESC 
 LIMIT $2::INTEGER
2025-12-30 17:26:19,047 INFO sqlalchemy.engine.Engine [cached since 0.01493s ago] (5, 1)
2025-12-30 17:26:19,047 INFO sqlalchemy.engine.Engine SELECT vendor_compliance_records.id, vendor_compliance_records.compliance_area, vendor_compliance_records.status, vendor_compliance_records.assessment_date, vendor_compliance_records.expiry_date, vendor_compliance_records.certificate_url, vendor_compliance_records.notes, vendor_compliance_records.vendor_id, vendor_compliance_records.assessor_id, vendor_compliance_records.created_at, vendor_compliance_records.updated_at 
FROM vendor_compliance_records 
WHERE vendor_compliance_records.vendor_id = $1::INTEGER ORDER BY vendor_compliance_records.assessment_date DESC 
 LIMIT $2::INTEGER
2025-12-30 17:26:19,047 INFO sqlalchemy.engine.Engine [cached since 0.01528s ago] (20, 1)
2025-12-30 17:26:19,048 INFO sqlalchemy.engine.Engine SELECT vendor_compliance_records.id, vendor_compliance_records.compliance_area, vendor_compliance_records.status, vendor_compliance_records.assessment_date, vendor_compliance_records.expiry_date, vendor_compliance_records.certificate_url, vendor_compliance_records.notes, vendor_compliance_records.vendor_id, vendor_compliance_records.assessor_id, vendor_compliance_records.created_at, vendor_compliance_records.updated_at 
FROM vendor_compliance_records 
WHERE vendor_compliance_records.vendor_id = $1::INTEGER ORDER BY vendor_compliance_records.assessment_date DESC 
 LIMIT $2::INTEGER
2025-12-30 17:26:19,048 INFO sqlalchemy.engine.Engine [cached since 0.01566s ago] (17, 1)
2025-12-30 17:26:19,048 INFO sqlalchemy.engine.Engine SELECT vendor_compliance_records.id, vendor_compliance_records.compliance_area, vendor_compliance_records.status, vendor_compliance_records.assessment_date, vendor_compliance_records.expiry_date, vendor_compliance_records.certificate_url, vendor_compliance_records.notes, vendor_compliance_records.vendor_id, vendor_compliance_records.assessor_id, vendor_compliance_records.created_at, vendor_compliance_records.updated_at 
FROM vendor_compliance_records 
WHERE vendor_compliance_records.vendor_id = $1::INTEGER ORDER BY vendor_compliance_records.assessment_date DESC 
 LIMIT $2::INTEGER
2025-12-30 17:26:19,048 INFO sqlalchemy.engine.Engine [cached since 0.01634s ago] (8, 1)
2025-12-30 17:26:19,049 INFO sqlalchemy.engine.Engine SELECT vendor_compliance_records.id, vendor_compliance_records.compliance_area, vendor_compliance_records.status, vendor_compliance_records.assessment_date, vendor_compliance_records.expiry_date, vendor_compliance_records.certificate_url, vendor_compliance_records.notes, vendor_compliance_records.vendor_id, vendor_compliance_records.assessor_id, vendor_compliance_records.created_at, vendor_compliance_records.updated_at 
FROM vendor_compliance_records 
WHERE vendor_compliance_records.vendor_id = $1::INTEGER ORDER BY vendor_compliance_records.assessment_date DESC 
 LIMIT $2::INTEGER
2025-12-30 17:26:19,049 INFO sqlalchemy.engine.Engine [cached since 0.01702s ago] (30, 1)
2025-12-30 17:26:19,049 INFO sqlalchemy.engine.Engine SELECT vendor_compliance_records.id, vendor_compliance_records.compliance_area, vendor_compliance_records.status, vendor_compliance_records.assessment_date, vendor_compliance_records.expiry_date, vendor_compliance_records.certificate_url, vendor_compliance_records.notes, vendor_compliance_records.vendor_id, vendor_compliance_records.assessor_id, vendor_compliance_records.created_at, vendor_compliance_records.updated_at 
FROM vendor_compliance_records 
WHERE vendor_compliance_records.vendor_id = $1::INTEGER ORDER BY vendor_compliance_records.assessment_date DESC 
 LIMIT $2::INTEGER
2025-12-30 17:26:19,049 INFO sqlalchemy.engine.Engine [cached since 0.01747s ago] (3, 1)
2025-12-30 17:26:19,050 INFO sqlalchemy.engine.Engine SELECT vendor_compliance_records.id, vendor_compliance_records.compliance_area, vendor_compliance_records.status, vendor_compliance_records.assessment_date, vendor_compliance_records.expiry_date, vendor_compliance_records.certificate_url, vendor_compliance_records.notes, vendor_compliance_records.vendor_id, vendor_compliance_records.assessor_id, vendor_compliance_records.created_at, vendor_compliance_records.updated_at 
FROM vendor_compliance_records 
WHERE vendor_compliance_records.vendor_id = $1::INTEGER ORDER BY vendor_compliance_records.assessment_date DESC 
 LIMIT $2::INTEGER
2025-12-30 17:26:19,050 INFO sqlalchemy.engine.Engine [cached since 0.01782s ago] (23, 1)
2025-12-30 17:26:19,050 INFO sqlalchemy.engine.Engine SELECT vendor_compliance_records.id, vendor_compliance_records.compliance_area, vendor_compliance_records.status, vendor_compliance_records.assessment_date, vendor_compliance_records.expiry_date, vendor_compliance_records.certificate_url, vendor_compliance_records.notes, vendor_compliance_records.vendor_id, vendor_compliance_records.assessor_id, vendor_compliance_records.created_at, vendor_compliance_records.updated_at 
FROM vendor_compliance_records 
WHERE vendor_compliance_records.vendor_id = $1::INTEGER ORDER BY vendor_compliance_records.assessment_date DESC 
 LIMIT $2::INTEGER
2025-12-30 17:26:19,050 INFO sqlalchemy.engine.Engine [cached since 0.01816s ago] (12, 1)
2025-12-30 17:26:19,051 INFO sqlalchemy.engine.Engine SELECT vendor_compliance_records.id, vendor_compliance_records.compliance_area, vendor_compliance_records.status, vendor_compliance_records.assessment_date, vendor_compliance_records.expiry_date, vendor_compliance_records.certificate_url, vendor_compliance_records.notes, vendor_compliance_records.vendor_id, vendor_compliance_records.assessor_id, vendor_compliance_records.created_at, vendor_compliance_records.updated_at 
FROM vendor_compliance_records 
WHERE vendor_compliance_records.vendor_id = $1::INTEGER ORDER BY vendor_compliance_records.assessment_date DESC 
 LIMIT $2::INTEGER
2025-12-30 17:26:19,051 INFO sqlalchemy.engine.Engine [cached since 0.01863s ago] (16, 1)
2025-12-30 17:26:19,051 INFO sqlalchemy.engine.Engine SELECT vendor_compliance_records.id, vendor_compliance_records.compliance_area, vendor_compliance_records.status, vendor_compliance_records.assessment_date, vendor_compliance_records.expiry_date, vendor_compliance_records.certificate_url, vendor_compliance_records.notes, vendor_compliance_records.vendor_id, vendor_compliance_records.assessor_id, vendor_compliance_records.created_at, vendor_compliance_records.updated_at 
FROM vendor_compliance_records 
WHERE vendor_compliance_records.vendor_id = $1::INTEGER ORDER BY vendor_compliance_records.assessment_date DESC 
 LIMIT $2::INTEGER
2025-12-30 17:26:19,051 INFO sqlalchemy.engine.Engine [cached since 0.01907s ago] (7, 1)
2025-12-30 17:26:19,051 INFO sqlalchemy.engine.Engine SELECT vendor_compliance_records.id, vendor_compliance_records.compliance_area, vendor_compliance_records.status, vendor_compliance_records.assessment_date, vendor_compliance_records.expiry_date, vendor_compliance_records.certificate_url, vendor_compliance_records.notes, vendor_compliance_records.vendor_id, vendor_compliance_records.assessor_id, vendor_compliance_records.created_at, vendor_compliance_records.updated_at 
FROM vendor_compliance_records 
WHERE vendor_compliance_records.vendor_id = $1::INTEGER ORDER BY vendor_compliance_records.assessment_date DESC 
 LIMIT $2::INTEGER
2025-12-30 17:26:19,051 INFO sqlalchemy.engine.Engine [cached since 0.01952s ago] (26, 1)
2025-12-30 17:26:19,052 INFO sqlalchemy.engine.Engine SELECT vendor_compliance_records.id, vendor_compliance_records.compliance_area, vendor_compliance_records.status, vendor_compliance_records.assessment_date, vendor_compliance_records.expiry_date, vendor_compliance_records.certificate_url, vendor_compliance_records.notes, vendor_compliance_records.vendor_id, vendor_compliance_records.assessor_id, vendor_compliance_records.created_at, vendor_compliance_records.updated_at 
FROM vendor_compliance_records 
WHERE vendor_compliance_records.vendor_id = $1::INTEGER ORDER BY vendor_compliance_records.assessment_date DESC 
 LIMIT $2::INTEGER
2025-12-30 17:26:19,052 INFO sqlalchemy.engine.Engine [cached since 0.01988s ago] (14, 1)
2025-12-30 17:26:19,052 INFO sqlalchemy.engine.Engine SELECT vendor_compliance_records.id, vendor_compliance_records.compliance_area, vendor_compliance_records.status, vendor_compliance_records.assessment_date, vendor_compliance_records.expiry_date, vendor_compliance_records.certificate_url, vendor_compliance_records.notes, vendor_compliance_records.vendor_id, vendor_compliance_records.assessor_id, vendor_compliance_records.created_at, vendor_compliance_records.updated_at 
FROM vendor_compliance_records 
WHERE vendor_compliance_records.vendor_id = $1::INTEGER ORDER BY vendor_compliance_records.assessment_date DESC 
 LIMIT $2::INTEGER
2025-12-30 17:26:19,052 INFO sqlalchemy.engine.Engine [cached since 0.02032s ago] (15, 1)
2025-12-30 17:26:19,053 INFO sqlalchemy.engine.Engine COMMIT
2025-12-30 17:26:19 - app.main - INFO - ⚡ Completed in 0.0292s - Status: 200
INFO:     127.0.0.1:50818 - "GET /api/v1/tprm/ HTTP/1.1" 200 OK
2025-12-30 17:26:19 - app.main - INFO - 📨 GET http://localhost:8000/api/v1/tprm/
2025-12-30 17:26:19,055 INFO sqlalchemy.engine.Engine BEGIN (implicit)
2025-12-30 17:26:19,055 INFO sqlalchemy.engine.Engine SELECT vendors.id, vendors.name, vendors.description, vendors.category, vendors.contact_email, vendors.contact_phone, vendors.website, vendors.risk_level, vendors.last_risk_assessment, vendors.next_risk_assessment, vendors.contract_start_date, vendors.contract_end_date, vendors.contract_value, vendors.compliance_status, vendors.compliance_rate, vendors.compliant_controls, vendors.non_compliant_controls, vendors.last_compliance_check, vendors.organization_id, vendors.created_at, vendors.updated_at 
FROM vendors ORDER BY vendors.name
2025-12-30 17:26:19,056 INFO sqlalchemy.engine.Engine [cached since 0.02892s ago] ()
2025-12-30 17:26:19,061 INFO sqlalchemy.engine.Engine SELECT vendor_compliance_records.id, vendor_compliance_records.compliance_area, vendor_compliance_records.status, vendor_compliance_records.assessment_date, vendor_compliance_records.expiry_date, vendor_compliance_records.certificate_url, vendor_compliance_records.notes, vendor_compliance_records.vendor_id, vendor_compliance_records.assessor_id, vendor_compliance_records.created_at, vendor_compliance_records.updated_at 
FROM vendor_compliance_records 
WHERE vendor_compliance_records.vendor_id = $1::INTEGER ORDER BY vendor_compliance_records.assessment_date DESC 
 LIMIT $2::INTEGER
2025-12-30 17:26:19,061 INFO sqlalchemy.engine.Engine [cached since 0.0295s ago] (1, 1)
2025-12-30 17:26:19,063 INFO sqlalchemy.engine.Engine SELECT vendor_compliance_records.id, vendor_compliance_records.compliance_area, vendor_compliance_records.status, vendor_compliance_records.assessment_date, vendor_compliance_records.expiry_date, vendor_compliance_records.certificate_url, vendor_compliance_records.notes, vendor_compliance_records.vendor_id, vendor_compliance_records.assessor_id, vendor_compliance_records.created_at, vendor_compliance_records.updated_at 
FROM vendor_compliance_records 
WHERE vendor_compliance_records.vendor_id = $1::INTEGER ORDER BY vendor_compliance_records.assessment_date DESC 
 LIMIT $2::INTEGER
2025-12-30 17:26:19,063 INFO sqlalchemy.engine.Engine [cached since 0.03062s ago] (24, 1)
2025-12-30 17:26:19,063 INFO sqlalchemy.engine.Engine SELECT vendor_compliance_records.id, vendor_compliance_records.compliance_area, vendor_compliance_records.status, vendor_compliance_records.assessment_date, vendor_compliance_records.expiry_date, vendor_compliance_records.certificate_url, vendor_compliance_records.notes, vendor_compliance_records.vendor_id, vendor_compliance_records.assessor_id, vendor_compliance_records.created_at, vendor_compliance_records.updated_at 
FROM vendor_compliance_records 
WHERE vendor_compliance_records.vendor_id = $1::INTEGER ORDER BY vendor_compliance_records.assessment_date DESC 
 LIMIT $2::INTEGER
2025-12-30 17:26:19,063 INFO sqlalchemy.engine.Engine [cached since 0.03147s ago] (27, 1)
2025-12-30 17:26:19,064 INFO sqlalchemy.engine.Engine SELECT vendor_compliance_records.id, vendor_compliance_records.compliance_area, vendor_compliance_records.status, vendor_compliance_records.assessment_date, vendor_compliance_records.expiry_date, vendor_compliance_records.certificate_url, vendor_compliance_records.notes, vendor_compliance_records.vendor_id, vendor_compliance_records.assessor_id, vendor_compliance_records.created_at, vendor_compliance_records.updated_at 
FROM vendor_compliance_records 
WHERE vendor_compliance_records.vendor_id = $1::INTEGER ORDER BY vendor_compliance_records.assessment_date DESC 
 LIMIT $2::INTEGER
2025-12-30 17:26:19,064 INFO sqlalchemy.engine.Engine [cached since 0.03186s ago] (28, 1)
2025-12-30 17:26:19,064 INFO sqlalchemy.engine.Engine SELECT vendor_compliance_records.id, vendor_compliance_records.compliance_area, vendor_compliance_records.status, vendor_compliance_records.assessment_date, vendor_compliance_records.expiry_date, vendor_compliance_records.certificate_url, vendor_compliance_records.notes, vendor_compliance_records.vendor_id, vendor_compliance_records.assessor_id, vendor_compliance_records.created_at, vendor_compliance_records.updated_at 
FROM vendor_compliance_records 
WHERE vendor_compliance_records.vendor_id = $1::INTEGER ORDER BY vendor_compliance_records.assessment_date DESC 
 LIMIT $2::INTEGER
2025-12-30 17:26:19,064 INFO sqlalchemy.engine.Engine [cached since 0.03224s ago] (10, 1)
2025-12-30 17:26:19,065 INFO sqlalchemy.engine.Engine SELECT vendor_compliance_records.id, vendor_compliance_records.compliance_area, vendor_compliance_records.status, vendor_compliance_records.assessment_date, vendor_compliance_records.expiry_date, vendor_compliance_records.certificate_url, vendor_compliance_records.notes, vendor_compliance_records.vendor_id, vendor_compliance_records.assessor_id, vendor_compliance_records.created_at, vendor_compliance_records.updated_at 
FROM vendor_compliance_records 
WHERE vendor_compliance_records.vendor_id = $1::INTEGER ORDER BY vendor_compliance_records.assessment_date DESC 
 LIMIT $2::INTEGER
2025-12-30 17:26:19,065 INFO sqlalchemy.engine.Engine [cached since 0.03262s ago] (9, 1)
2025-12-30 17:26:19,065 INFO sqlalchemy.engine.Engine SELECT vendor_compliance_records.id, vendor_compliance_records.compliance_area, vendor_compliance_records.status, vendor_compliance_records.assessment_date, vendor_compliance_records.expiry_date, vendor_compliance_records.certificate_url, vendor_compliance_records.notes, vendor_compliance_records.vendor_id, vendor_compliance_records.assessor_id, vendor_compliance_records.created_at, vendor_compliance_records.updated_at 
FROM vendor_compliance_records 
WHERE vendor_compliance_records.vendor_id = $1::INTEGER ORDER BY vendor_compliance_records.assessment_date DESC 
 LIMIT $2::INTEGER
2025-12-30 17:26:19,065 INFO sqlalchemy.engine.Engine [cached since 0.03298s ago] (18, 1)
2025-12-30 17:26:19,065 INFO sqlalchemy.engine.Engine SELECT vendor_compliance_records.id, vendor_compliance_records.compliance_area, vendor_compliance_records.status, vendor_compliance_records.assessment_date, vendor_compliance_records.expiry_date, vendor_compliance_records.certificate_url, vendor_compliance_records.notes, vendor_compliance_records.vendor_id, vendor_compliance_records.assessor_id, vendor_compliance_records.created_at, vendor_compliance_records.updated_at 
FROM vendor_compliance_records 
WHERE vendor_compliance_records.vendor_id = $1::INTEGER ORDER BY vendor_compliance_records.assessment_date DESC 
 LIMIT $2::INTEGER
2025-12-30 17:26:19,065 INFO sqlalchemy.engine.Engine [cached since 0.0333s ago] (2, 1)
2025-12-30 17:26:19,066 INFO sqlalchemy.engine.Engine SELECT vendor_compliance_records.id, vendor_compliance_records.compliance_area, vendor_compliance_records.status, vendor_compliance_records.assessment_date, vendor_compliance_records.expiry_date, vendor_compliance_records.certificate_url, vendor_compliance_records.notes, vendor_compliance_records.vendor_id, vendor_compliance_records.assessor_id, vendor_compliance_records.created_at, vendor_compliance_records.updated_at 
FROM vendor_compliance_records 
WHERE vendor_compliance_records.vendor_id = $1::INTEGER ORDER BY vendor_compliance_records.assessment_date DESC 
 LIMIT $2::INTEGER
2025-12-30 17:26:19,066 INFO sqlalchemy.engine.Engine [cached since 0.03363s ago] (13, 1)
2025-12-30 17:26:19,066 INFO sqlalchemy.engine.Engine SELECT vendor_compliance_records.id, vendor_compliance_records.compliance_area, vendor_compliance_records.status, vendor_compliance_records.assessment_date, vendor_compliance_records.expiry_date, vendor_compliance_records.certificate_url, vendor_compliance_records.notes, vendor_compliance_records.vendor_id, vendor_compliance_records.assessor_id, vendor_compliance_records.created_at, vendor_compliance_records.updated_at 
FROM vendor_compliance_records 
WHERE vendor_compliance_records.vendor_id = $1::INTEGER ORDER BY vendor_compliance_records.assessment_date DESC 
 LIMIT $2::INTEGER
2025-12-30 17:26:19,066 INFO sqlalchemy.engine.Engine [cached since 0.03394s ago] (29, 1)
2025-12-30 17:26:19,066 INFO sqlalchemy.engine.Engine SELECT vendor_compliance_records.id, vendor_compliance_records.compliance_area, vendor_compliance_records.status, vendor_compliance_records.assessment_date, vendor_compliance_records.expiry_date, vendor_compliance_records.certificate_url, vendor_compliance_records.notes, vendor_compliance_records.vendor_id, vendor_compliance_records.assessor_id, vendor_compliance_records.created_at, vendor_compliance_records.updated_at 
FROM vendor_compliance_records 
WHERE vendor_compliance_records.vendor_id = $1::INTEGER ORDER BY vendor_compliance_records.assessment_date DESC 
 LIMIT $2::INTEGER
2025-12-30 17:26:19,066 INFO sqlalchemy.engine.Engine [cached since 0.03423s ago] (19, 1)
2025-12-30 17:26:19,066 INFO sqlalchemy.engine.Engine SELECT vendor_compliance_records.id, vendor_compliance_records.compliance_area, vendor_compliance_records.status, vendor_compliance_records.assessment_date, vendor_compliance_records.expiry_date, vendor_compliance_records.certificate_url, vendor_compliance_records.notes, vendor_compliance_records.vendor_id, vendor_compliance_records.assessor_id, vendor_compliance_records.created_at, vendor_compliance_records.updated_at 
FROM vendor_compliance_records 
WHERE vendor_compliance_records.vendor_id = $1::INTEGER ORDER BY vendor_compliance_records.assessment_date DESC 
 LIMIT $2::INTEGER
2025-12-30 17:26:19,066 INFO sqlalchemy.engine.Engine [cached since 0.03453s ago] (11, 1)
2025-12-30 17:26:19,067 INFO sqlalchemy.engine.Engine SELECT vendor_compliance_records.id, vendor_compliance_records.compliance_area, vendor_compliance_records.status, vendor_compliance_records.assessment_date, vendor_compliance_records.expiry_date, vendor_compliance_records.certificate_url, vendor_compliance_records.notes, vendor_compliance_records.vendor_id, vendor_compliance_records.assessor_id, vendor_compliance_records.created_at, vendor_compliance_records.updated_at 
FROM vendor_compliance_records 
WHERE vendor_compliance_records.vendor_id = $1::INTEGER ORDER BY vendor_compliance_records.assessment_date DESC 
 LIMIT $2::INTEGER
2025-12-30 17:26:19,067 INFO sqlalchemy.engine.Engine [cached since 0.03485s ago] (22, 1)
2025-12-30 17:26:19,067 INFO sqlalchemy.engine.Engine SELECT vendor_compliance_records.id, vendor_compliance_records.compliance_area, vendor_compliance_records.status, vendor_compliance_records.assessment_date, vendor_compliance_records.expiry_date, vendor_compliance_records.certificate_url, vendor_compliance_records.notes, vendor_compliance_records.vendor_id, vendor_compliance_records.assessor_id, vendor_compliance_records.created_at, vendor_compliance_records.updated_at 
FROM vendor_compliance_records 
WHERE vendor_compliance_records.vendor_id = $1::INTEGER ORDER BY vendor_compliance_records.assessment_date DESC 
 LIMIT $2::INTEGER
2025-12-30 17:26:19,067 INFO sqlalchemy.engine.Engine [cached since 0.0354s ago] (25, 1)
2025-12-30 17:26:19,068 INFO sqlalchemy.engine.Engine SELECT vendor_compliance_records.id, vendor_compliance_records.compliance_area, vendor_compliance_records.status, vendor_compliance_records.assessment_date, vendor_compliance_records.expiry_date, vendor_compliance_records.certificate_url, vendor_compliance_records.notes, vendor_compliance_records.vendor_id, vendor_compliance_records.assessor_id, vendor_compliance_records.created_at, vendor_compliance_records.updated_at 
FROM vendor_compliance_records 
WHERE vendor_compliance_records.vendor_id = $1::INTEGER ORDER BY vendor_compliance_records.assessment_date DESC 
 LIMIT $2::INTEGER
2025-12-30 17:26:19,068 INFO sqlalchemy.engine.Engine [cached since 0.03592s ago] (6, 1)
2025-12-30 17:26:19,068 INFO sqlalchemy.engine.Engine SELECT vendor_compliance_records.id, vendor_compliance_records.compliance_area, vendor_compliance_records.status, vendor_compliance_records.assessment_date, vendor_compliance_records.expiry_date, vendor_compliance_records.certificate_url, vendor_compliance_records.notes, vendor_compliance_records.vendor_id, vendor_compliance_records.assessor_id, vendor_compliance_records.created_at, vendor_compliance_records.updated_at 
FROM vendor_compliance_records 
WHERE vendor_compliance_records.vendor_id = $1::INTEGER ORDER BY vendor_compliance_records.assessment_date DESC 
 LIMIT $2::INTEGER
2025-12-30 17:26:19,068 INFO sqlalchemy.engine.Engine [cached since 0.03656s ago] (32, 1)
2025-12-30 17:26:19,069 INFO sqlalchemy.engine.Engine SELECT vendor_compliance_records.id, vendor_compliance_records.compliance_area, vendor_compliance_records.status, vendor_compliance_records.assessment_date, vendor_compliance_records.expiry_date, vendor_compliance_records.certificate_url, vendor_compliance_records.notes, vendor_compliance_records.vendor_id, vendor_compliance_records.assessor_id, vendor_compliance_records.created_at, vendor_compliance_records.updated_at 
FROM vendor_compliance_records 
WHERE vendor_compliance_records.vendor_id = $1::INTEGER ORDER BY vendor_compliance_records.assessment_date DESC 
 LIMIT $2::INTEGER
2025-12-30 17:26:19,069 INFO sqlalchemy.engine.Engine [cached since 0.03695s ago] (31, 1)
2025-12-30 17:26:19,069 INFO sqlalchemy.engine.Engine SELECT vendor_compliance_records.id, vendor_compliance_records.compliance_area, vendor_compliance_records.status, vendor_compliance_records.assessment_date, vendor_compliance_records.expiry_date, vendor_compliance_records.certificate_url, vendor_compliance_records.notes, vendor_compliance_records.vendor_id, vendor_compliance_records.assessor_id, vendor_compliance_records.created_at, vendor_compliance_records.updated_at 
FROM vendor_compliance_records 
WHERE vendor_compliance_records.vendor_id = $1::INTEGER ORDER BY vendor_compliance_records.assessment_date DESC 
 LIMIT $2::INTEGER
2025-12-30 17:26:19,069 INFO sqlalchemy.engine.Engine [cached since 0.03725s ago] (21, 1)
2025-12-30 17:26:19,069 INFO sqlalchemy.engine.Engine SELECT vendor_compliance_records.id, vendor_compliance_records.compliance_area, vendor_compliance_records.status, vendor_compliance_records.assessment_date, vendor_compliance_records.expiry_date, vendor_compliance_records.certificate_url, vendor_compliance_records.notes, vendor_compliance_records.vendor_id, vendor_compliance_records.assessor_id, vendor_compliance_records.created_at, vendor_compliance_records.updated_at 
FROM vendor_compliance_records 
WHERE vendor_compliance_records.vendor_id = $1::INTEGER ORDER BY vendor_compliance_records.assessment_date DESC 
 LIMIT $2::INTEGER
2025-12-30 17:26:19,070 INFO sqlalchemy.engine.Engine [cached since 0.03759s ago] (4, 1)
2025-12-30 17:26:19,070 INFO sqlalchemy.engine.Engine SELECT vendor_compliance_records.id, vendor_compliance_records.compliance_area, vendor_compliance_records.status, vendor_compliance_records.assessment_date, vendor_compliance_records.expiry_date, vendor_compliance_records.certificate_url, vendor_compliance_records.notes, vendor_compliance_records.vendor_id, vendor_compliance_records.assessor_id, vendor_compliance_records.created_at, vendor_compliance_records.updated_at 
FROM vendor_compliance_records 
WHERE vendor_compliance_records.vendor_id = $1::INTEGER ORDER BY vendor_compliance_records.assessment_date DESC 
 LIMIT $2::INTEGER
2025-12-30 17:26:19,070 INFO sqlalchemy.engine.Engine [cached since 0.03791s ago] (5, 1)
2025-12-30 17:26:19,070 INFO sqlalchemy.engine.Engine SELECT vendor_compliance_records.id, vendor_compliance_records.compliance_area, vendor_compliance_records.status, vendor_compliance_records.assessment_date, vendor_compliance_records.expiry_date, vendor_compliance_records.certificate_url, vendor_compliance_records.notes, vendor_compliance_records.vendor_id, vendor_compliance_records.assessor_id, vendor_compliance_records.created_at, vendor_compliance_records.updated_at 
FROM vendor_compliance_records 
WHERE vendor_compliance_records.vendor_id = $1::INTEGER ORDER BY vendor_compliance_records.assessment_date DESC 
 LIMIT $2::INTEGER
2025-12-30 17:26:19,070 INFO sqlalchemy.engine.Engine [cached since 0.03839s ago] (20, 1)
2025-12-30 17:26:19,071 INFO sqlalchemy.engine.Engine SELECT vendor_compliance_records.id, vendor_compliance_records.compliance_area, vendor_compliance_records.status, vendor_compliance_records.assessment_date, vendor_compliance_records.expiry_date, vendor_compliance_records.certificate_url, vendor_compliance_records.notes, vendor_compliance_records.vendor_id, vendor_compliance_records.assessor_id, vendor_compliance_records.created_at, vendor_compliance_records.updated_at 
FROM vendor_compliance_records 
WHERE vendor_compliance_records.vendor_id = $1::INTEGER ORDER BY vendor_compliance_records.assessment_date DESC 
 LIMIT $2::INTEGER
2025-12-30 17:26:19,071 INFO sqlalchemy.engine.Engine [cached since 0.03919s ago] (17, 1)
2025-12-30 17:26:19,072 INFO sqlalchemy.engine.Engine SELECT vendor_compliance_records.id, vendor_compliance_records.compliance_area, vendor_compliance_records.status, vendor_compliance_records.assessment_date, vendor_compliance_records.expiry_date, vendor_compliance_records.certificate_url, vendor_compliance_records.notes, vendor_compliance_records.vendor_id, vendor_compliance_records.assessor_id, vendor_compliance_records.created_at, vendor_compliance_records.updated_at 
FROM vendor_compliance_records 
WHERE vendor_compliance_records.vendor_id = $1::INTEGER ORDER BY vendor_compliance_records.assessment_date DESC 
 LIMIT $2::INTEGER
2025-12-30 17:26:19,072 INFO sqlalchemy.engine.Engine [cached since 0.04013s ago] (8, 1)
2025-12-30 17:26:19,072 INFO sqlalchemy.engine.Engine SELECT vendor_compliance_records.id, vendor_compliance_records.compliance_area, vendor_compliance_records.status, vendor_compliance_records.assessment_date, vendor_compliance_records.expiry_date, vendor_compliance_records.certificate_url, vendor_compliance_records.notes, vendor_compliance_records.vendor_id, vendor_compliance_records.assessor_id, vendor_compliance_records.created_at, vendor_compliance_records.updated_at 
FROM vendor_compliance_records 
WHERE vendor_compliance_records.vendor_id = $1::INTEGER ORDER BY vendor_compliance_records.assessment_date DESC 
 LIMIT $2::INTEGER
2025-12-30 17:26:19,073 INFO sqlalchemy.engine.Engine [cached since 0.04058s ago] (30, 1)
2025-12-30 17:26:19,073 INFO sqlalchemy.engine.Engine SELECT vendor_compliance_records.id, vendor_compliance_records.compliance_area, vendor_compliance_records.status, vendor_compliance_records.assessment_date, vendor_compliance_records.expiry_date, vendor_compliance_records.certificate_url, vendor_compliance_records.notes, vendor_compliance_records.vendor_id, vendor_compliance_records.assessor_id, vendor_compliance_records.created_at, vendor_compliance_records.updated_at 
FROM vendor_compliance_records 
WHERE vendor_compliance_records.vendor_id = $1::INTEGER ORDER BY vendor_compliance_records.assessment_date DESC 
 LIMIT $2::INTEGER
2025-12-30 17:26:19,073 INFO sqlalchemy.engine.Engine [cached since 0.04093s ago] (3, 1)
2025-12-30 17:26:19,073 INFO sqlalchemy.engine.Engine SELECT vendor_compliance_records.id, vendor_compliance_records.compliance_area, vendor_compliance_records.status, vendor_compliance_records.assessment_date, vendor_compliance_records.expiry_date, vendor_compliance_records.certificate_url, vendor_compliance_records.notes, vendor_compliance_records.vendor_id, vendor_compliance_records.assessor_id, vendor_compliance_records.created_at, vendor_compliance_records.updated_at 
FROM vendor_compliance_records 
WHERE vendor_compliance_records.vendor_id = $1::INTEGER ORDER BY vendor_compliance_records.assessment_date DESC 
 LIMIT $2::INTEGER
2025-12-30 17:26:19,073 INFO sqlalchemy.engine.Engine [cached since 0.04129s ago] (23, 1)
2025-12-30 17:26:19,074 INFO sqlalchemy.engine.Engine SELECT vendor_compliance_records.id, vendor_compliance_records.compliance_area, vendor_compliance_records.status, vendor_compliance_records.assessment_date, vendor_compliance_records.expiry_date, vendor_compliance_records.certificate_url, vendor_compliance_records.notes, vendor_compliance_records.vendor_id, vendor_compliance_records.assessor_id, vendor_compliance_records.created_at, vendor_compliance_records.updated_at 
FROM vendor_compliance_records 
WHERE vendor_compliance_records.vendor_id = $1::INTEGER ORDER BY vendor_compliance_records.assessment_date DESC 
 LIMIT $2::INTEGER
2025-12-30 17:26:19,074 INFO sqlalchemy.engine.Engine [cached since 0.04162s ago] (12, 1)
2025-12-30 17:26:19,074 INFO sqlalchemy.engine.Engine SELECT vendor_compliance_records.id, vendor_compliance_records.compliance_area, vendor_compliance_records.status, vendor_compliance_records.assessment_date, vendor_compliance_records.expiry_date, vendor_compliance_records.certificate_url, vendor_compliance_records.notes, vendor_compliance_records.vendor_id, vendor_compliance_records.assessor_id, vendor_compliance_records.created_at, vendor_compliance_records.updated_at 
FROM vendor_compliance_records 
WHERE vendor_compliance_records.vendor_id = $1::INTEGER ORDER BY vendor_compliance_records.assessment_date DESC 
 LIMIT $2::INTEGER
2025-12-30 17:26:19,074 INFO sqlalchemy.engine.Engine [cached since 0.04193s ago] (16, 1)
2025-12-30 17:26:19,074 INFO sqlalchemy.engine.Engine SELECT vendor_compliance_records.id, vendor_compliance_records.compliance_area, vendor_compliance_records.status, vendor_compliance_records.assessment_date, vendor_compliance_records.expiry_date, vendor_compliance_records.certificate_url, vendor_compliance_records.notes, vendor_compliance_records.vendor_id, vendor_compliance_records.assessor_id, vendor_compliance_records.created_at, vendor_compliance_records.updated_at 
FROM vendor_compliance_records 
WHERE vendor_compliance_records.vendor_id = $1::INTEGER ORDER BY vendor_compliance_records.assessment_date DESC 
 LIMIT $2::INTEGER
2025-12-30 17:26:19,074 INFO sqlalchemy.engine.Engine [cached since 0.04224s ago] (7, 1)
2025-12-30 17:26:19,074 INFO sqlalchemy.engine.Engine SELECT vendor_compliance_records.id, vendor_compliance_records.compliance_area, vendor_compliance_records.status, vendor_compliance_records.assessment_date, vendor_compliance_records.expiry_date, vendor_compliance_records.certificate_url, vendor_compliance_records.notes, vendor_compliance_records.vendor_id, vendor_compliance_records.assessor_id, vendor_compliance_records.created_at, vendor_compliance_records.updated_at 
FROM vendor_compliance_records 
WHERE vendor_compliance_records.vendor_id = $1::INTEGER ORDER BY vendor_compliance_records.assessment_date DESC 
 LIMIT $2::INTEGER
2025-12-30 17:26:19,074 INFO sqlalchemy.engine.Engine [cached since 0.04256s ago] (26, 1)
2025-12-30 17:26:19,075 INFO sqlalchemy.engine.Engine SELECT vendor_compliance_records.id, vendor_compliance_records.compliance_area, vendor_compliance_records.status, vendor_compliance_records.assessment_date, vendor_compliance_records.expiry_date, vendor_compliance_records.certificate_url, vendor_compliance_records.notes, vendor_compliance_records.vendor_id, vendor_compliance_records.assessor_id, vendor_compliance_records.created_at, vendor_compliance_records.updated_at 
FROM vendor_compliance_records 
WHERE vendor_compliance_records.vendor_id = $1::INTEGER ORDER BY vendor_compliance_records.assessment_date DESC 
 LIMIT $2::INTEGER
2025-12-30 17:26:19,075 INFO sqlalchemy.engine.Engine [cached since 0.04287s ago] (14, 1)
2025-12-30 17:26:19,075 INFO sqlalchemy.engine.Engine SELECT vendor_compliance_records.id, vendor_compliance_records.compliance_area, vendor_compliance_records.status, vendor_compliance_records.assessment_date, vendor_compliance_records.expiry_date, vendor_compliance_records.certificate_url, vendor_compliance_records.notes, vendor_compliance_records.vendor_id, vendor_compliance_records.assessor_id, vendor_compliance_records.created_at, vendor_compliance_records.updated_at 
FROM vendor_compliance_records 
WHERE vendor_compliance_records.vendor_id = $1::INTEGER ORDER BY vendor_compliance_records.assessment_date DESC 
 LIMIT $2::INTEGER
2025-12-30 17:26:19,075 INFO sqlalchemy.engine.Engine [cached since 0.04317s ago] (15, 1)
2025-12-30 17:26:19,076 INFO sqlalchemy.engine.Engine COMMIT
2025-12-30 17:26:19 - app.main - INFO - ⚡ Completed in 0.0216s - Status: 200
INFO:     127.0.0.1:50818 - "GET /api/v1/tprm/ HTTP/1.1" 200 OK
2025-12-30 17:26:23 - app.main - INFO - 📨 OPTIONS http://localhost:8000/api/v1/exceptions
2025-12-30 17:26:23 - app.main - INFO - 📨 OPTIONS http://localhost:8000/api/v1/exceptions
2025-12-30 17:26:23 - app.main - INFO - ⚡ Completed in 0.0010s - Status: 200
INFO:     127.0.0.1:50818 - "OPTIONS /api/v1/exceptions HTTP/1.1" 200 OK
2025-12-30 17:26:23 - app.main - INFO - ⚡ Completed in 0.0005s - Status: 200
INFO:     127.0.0.1:50822 - "OPTIONS /api/v1/exceptions HTTP/1.1" 200 OK
2025-12-30 17:26:23 - app.main - INFO - 📨 GET http://localhost:8000/api/v1/exceptions
2025-12-30 17:26:23 - app.main - INFO - ⚡ Completed in 0.0011s - Status: 307
INFO:     127.0.0.1:50823 - "GET /api/v1/exceptions HTTP/1.1" 307 Temporary Redirect
2025-12-30 17:26:23 - app.main - INFO - 📨 GET http://localhost:8000/api/v1/exceptions
2025-12-30 17:26:23 - app.main - INFO - 📨 OPTIONS http://localhost:8000/api/v1/exceptions/
2025-12-30 17:26:23 - app.main - INFO - ⚡ Completed in 0.0011s - Status: 307
INFO:     127.0.0.1:50823 - "GET /api/v1/exceptions HTTP/1.1" 307 Temporary Redirect
2025-12-30 17:26:23 - app.main - INFO - ⚡ Completed in 0.0008s - Status: 200
INFO:     127.0.0.1:50822 - "OPTIONS /api/v1/exceptions/ HTTP/1.1" 200 OK
2025-12-30 17:26:23 - app.main - INFO - 📨 OPTIONS http://localhost:8000/api/v1/exceptions/
2025-12-30 17:26:23 - app.main - INFO - 📨 GET http://localhost:8000/api/v1/exceptions/
2025-12-30 17:26:23 - app.main - INFO - ⚡ Completed in 0.0023s - Status: 200
INFO:     127.0.0.1:50823 - "OPTIONS /api/v1/exceptions/ HTTP/1.1" 200 OK
2025-12-30 17:26:23,415 INFO sqlalchemy.engine.Engine BEGIN (implicit)
2025-12-30 17:26:23,420 INFO sqlalchemy.engine.Engine SELECT exceptions.id, exceptions.exception_name, exceptions.category, exceptions.severity, exceptions.status, exceptions.start_date, exceptions.end_date, exceptions.comments, exceptions.risk_assessment, exceptions.mitigation_plan, exceptions.approval_status, exceptions.approved_by_id, exceptions.approved_at, exceptions.organization_id, exceptions.created_by_id, exceptions.assigned_to_id, exceptions.created_at, exceptions.updated_at 
FROM exceptions 
WHERE exceptions.status = $1::exceptionstatus AND exceptions.end_date IS NOT NULL AND exceptions.end_date < $2::DATE
2025-12-30 17:26:23,420 INFO sqlalchemy.engine.Engine [generated in 0.00029s] ('ACTIVE', datetime.date(2025, 12, 30))
2025-12-30 17:26:23,427 INFO sqlalchemy.engine.Engine SELECT count(exceptions.id) AS count_1 
FROM exceptions
2025-12-30 17:26:23,427 INFO sqlalchemy.engine.Engine [cached since 102.2s ago] ()
2025-12-30 17:26:23,428 INFO sqlalchemy.engine.Engine SELECT exceptions.id, exceptions.exception_name, exceptions.category, exceptions.severity, exceptions.status, exceptions.start_date, exceptions.end_date, exceptions.comments, exceptions.risk_assessment, exceptions.mitigation_plan, exceptions.approval_status, exceptions.approved_by_id, exceptions.approved_at, exceptions.organization_id, exceptions.created_by_id, exceptions.assigned_to_id, exceptions.created_at, exceptions.updated_at 
FROM exceptions ORDER BY exceptions.created_at DESC 
 LIMIT $1::INTEGER OFFSET $2::INTEGER
2025-12-30 17:26:23,428 INFO sqlalchemy.engine.Engine [generated in 0.00008s] (20, 0)
2025-12-30 17:26:23,430 INFO sqlalchemy.engine.Engine COMMIT
2025-12-30 17:26:23 - app.main - INFO - ⚡ Completed in 0.0177s - Status: 200
INFO:     127.0.0.1:50818 - "GET /api/v1/exceptions/ HTTP/1.1" 200 OK
2025-12-30 17:26:23 - app.main - INFO - 📨 GET http://localhost:8000/api/v1/exceptions/
2025-12-30 17:26:23,432 INFO sqlalchemy.engine.Engine BEGIN (implicit)
2025-12-30 17:26:23,433 INFO sqlalchemy.engine.Engine SELECT exceptions.id, exceptions.exception_name, exceptions.category, exceptions.severity, exceptions.status, exceptions.start_date, exceptions.end_date, exceptions.comments, exceptions.risk_assessment, exceptions.mitigation_plan, exceptions.approval_status, exceptions.approved_by_id, exceptions.approved_at, exceptions.organization_id, exceptions.created_by_id, exceptions.assigned_to_id, exceptions.created_at, exceptions.updated_at 
FROM exceptions 
WHERE exceptions.status = $1::exceptionstatus AND exceptions.end_date IS NOT NULL AND exceptions.end_date < $2::DATE
2025-12-30 17:26:23,433 INFO sqlalchemy.engine.Engine [cached since 0.01328s ago] ('ACTIVE', datetime.date(2025, 12, 30))
2025-12-30 17:26:23,469 INFO sqlalchemy.engine.Engine SELECT count(exceptions.id) AS count_1 
FROM exceptions
2025-12-30 17:26:23,469 INFO sqlalchemy.engine.Engine [cached since 102.2s ago] ()
2025-12-30 17:26:23,470 INFO sqlalchemy.engine.Engine SELECT exceptions.id, exceptions.exception_name, exceptions.category, exceptions.severity, exceptions.status, exceptions.start_date, exceptions.end_date, exceptions.comments, exceptions.risk_assessment, exceptions.mitigation_plan, exceptions.approval_status, exceptions.approved_by_id, exceptions.approved_at, exceptions.organization_id, exceptions.created_by_id, exceptions.assigned_to_id, exceptions.created_at, exceptions.updated_at 
FROM exceptions ORDER BY exceptions.created_at DESC 
 LIMIT $1::INTEGER OFFSET $2::INTEGER
2025-12-30 17:26:23,470 INFO sqlalchemy.engine.Engine [cached since 0.0421s ago] (20, 0)
2025-12-30 17:26:23,474 INFO sqlalchemy.engine.Engine COMMIT
2025-12-30 17:26:23 - app.main - INFO - ⚡ Completed in 0.0455s - Status: 200
INFO:     127.0.0.1:50818 - "GET /api/v1/exceptions/ HTTP/1.1" 200 OK
2025-12-30 17:26:51 - app.main - INFO - 📨 OPTIONS http://localhost:8000/api/v1/audit/history
2025-12-30 17:26:51 - app.main - INFO - 📨 OPTIONS http://localhost:8000/api/v1/audit/history
2025-12-30 17:26:51 - app.main - INFO - ⚡ Completed in 0.0009s - Status: 200
INFO:     127.0.0.1:50988 - "OPTIONS /api/v1/audit/history HTTP/1.1" 200 OK
2025-12-30 17:26:51 - app.main - INFO - ⚡ Completed in 0.0006s - Status: 200
INFO:     127.0.0.1:50989 - "OPTIONS /api/v1/audit/history HTTP/1.1" 200 OK
2025-12-30 17:26:51 - app.main - INFO - 📨 GET http://localhost:8000/api/v1/audit/history
2025-12-30 17:26:51,886 INFO sqlalchemy.engine.Engine BEGIN (implicit)
2025-12-30 17:26:51,888 INFO sqlalchemy.engine.Engine SELECT compliance_records.id, compliance_records.status, compliance_records.assessment_date, compliance_records.next_assessment_date, compliance_records.evidence, compliance_records.notes, compliance_records.application_id, compliance_records.standard_id, compliance_records.assessor_id, compliance_records.created_at, compliance_records.updated_at 
FROM compliance_records 
WHERE compliance_records.assessment_date >= $1::DATE
2025-12-30 17:26:51,888 INFO sqlalchemy.engine.Engine [generated in 0.00016s] (datetime.date(2024, 12, 30),)
2025-12-30 17:26:51,893 INFO sqlalchemy.engine.Engine SELECT vendor_compliance_records.id, vendor_compliance_records.compliance_area, vendor_compliance_records.status, vendor_compliance_records.assessment_date, vendor_compliance_records.expiry_date, vendor_compliance_records.certificate_url, vendor_compliance_records.notes, vendor_compliance_records.vendor_id, vendor_compliance_records.assessor_id, vendor_compliance_records.created_at, vendor_compliance_records.updated_at 
FROM vendor_compliance_records 
WHERE vendor_compliance_records.assessment_date >= $1::DATE
2025-12-30 17:26:51,893 INFO sqlalchemy.engine.Engine [generated in 0.00025s] (datetime.date(2024, 12, 30),)
2025-12-30 17:26:51,896 INFO sqlalchemy.engine.Engine SELECT vendor_compliance_records.id, vendor_compliance_records.compliance_area, vendor_compliance_records.status, vendor_compliance_records.assessment_date, vendor_compliance_records.expiry_date, vendor_compliance_records.certificate_url, vendor_compliance_records.notes, vendor_compliance_records.vendor_id, vendor_compliance_records.assessor_id, vendor_compliance_records.created_at, vendor_compliance_records.updated_at 
FROM vendor_compliance_records 
WHERE vendor_compliance_records.expiry_date < $1::DATE AND vendor_compliance_records.expiry_date IS NOT NULL ORDER BY vendor_compliance_records.expiry_date DESC
2025-12-30 17:26:51,896 INFO sqlalchemy.engine.Engine [generated in 0.00012s] (datetime.date(2025, 12, 30),)
2025-12-30 17:26:51,899 INFO sqlalchemy.engine.Engine SELECT vendors.id AS vendors_id, vendors.name AS vendors_name, vendors.description AS vendors_description, vendors.category AS vendors_category, vendors.contact_email AS vendors_contact_email, vendors.contact_phone AS vendors_contact_phone, vendors.website AS vendors_website, vendors.risk_level AS vendors_risk_level, vendors.last_risk_assessment AS vendors_last_risk_assessment, vendors.next_risk_assessment AS vendors_next_risk_assessment, vendors.contract_start_date AS vendors_contract_start_date, vendors.contract_end_date AS vendors_contract_end_date, vendors.contract_value AS vendors_contract_value, vendors.compliance_status AS vendors_compliance_status, vendors.compliance_rate AS vendors_compliance_rate, vendors.compliant_controls AS vendors_compliant_controls, vendors.non_compliant_controls AS vendors_non_compliant_controls, vendors.last_compliance_check AS vendors_last_compliance_check, vendors.organization_id AS vendors_organization_id, vendors.created_at AS vendors_created_at, vendors.updated_at AS vendors_updated_at 
FROM vendors 
WHERE vendors.id IN ($1::INTEGER, $2::INTEGER, $3::INTEGER, $4::INTEGER)
2025-12-30 17:26:51,899 INFO sqlalchemy.engine.Engine [generated in 0.00033s] (5, 8, 11, 26)
2025-12-30 17:26:51,901 INFO sqlalchemy.engine.Engine SELECT exceptions.id, exceptions.exception_name, exceptions.category, exceptions.severity, exceptions.status, exceptions.start_date, exceptions.end_date, exceptions.comments, exceptions.risk_assessment, exceptions.mitigation_plan, exceptions.approval_status, exceptions.approved_by_id, exceptions.approved_at, exceptions.organization_id, exceptions.created_by_id, exceptions.assigned_to_id, exceptions.created_at, exceptions.updated_at 
FROM exceptions 
WHERE exceptions.start_date >= $1::DATE
2025-12-30 17:26:51,901 INFO sqlalchemy.engine.Engine [generated in 0.00016s] (datetime.date(2024, 12, 30),)
2025-12-30 17:26:51,909 INFO sqlalchemy.engine.Engine SELECT compliance_records.id, compliance_records.status, compliance_records.assessment_date, compliance_records.next_assessment_date, compliance_records.evidence, compliance_records.notes, compliance_records.application_id, compliance_records.standard_id, compliance_records.assessor_id, compliance_records.created_at, compliance_records.updated_at 
FROM compliance_records JOIN compliance_standards ON compliance_standards.id = compliance_records.standard_id 
WHERE compliance_standards.name ILIKE $1::VARCHAR
2025-12-30 17:26:51,909 INFO sqlalchemy.engine.Engine [generated in 0.00014s] ('%ISO%27001%',)
2025-12-30 17:26:51,918 INFO sqlalchemy.engine.Engine SELECT compliance_records.id, compliance_records.status, compliance_records.assessment_date, compliance_records.next_assessment_date, compliance_records.evidence, compliance_records.notes, compliance_records.application_id, compliance_records.standard_id, compliance_records.assessor_id, compliance_records.created_at, compliance_records.updated_at 
FROM compliance_records JOIN compliance_standards ON compliance_standards.id = compliance_records.standard_id 
WHERE compliance_standards.name ILIKE $1::VARCHAR OR compliance_standards.name ILIKE $2::VARCHAR
2025-12-30 17:26:51,918 INFO sqlalchemy.engine.Engine [generated in 0.00020s] ('%PCI%DSS%', '%PCI-DSS%')
2025-12-30 17:26:51,920 INFO sqlalchemy.engine.Engine COMMIT
2025-12-30 17:26:51 - app.main - INFO - ⚡ Completed in 0.0360s - Status: 200
INFO:     127.0.0.1:50988 - "GET /api/v1/audit/history HTTP/1.1" 200 OK
2025-12-30 17:26:51 - app.main - INFO - 📨 GET http://localhost:8000/api/v1/audit/history
2025-12-30 17:26:51,923 INFO sqlalchemy.engine.Engine BEGIN (implicit)
2025-12-30 17:26:51,923 INFO sqlalchemy.engine.Engine SELECT compliance_records.id, compliance_records.status, compliance_records.assessment_date, compliance_records.next_assessment_date, compliance_records.evidence, compliance_records.notes, compliance_records.application_id, compliance_records.standard_id, compliance_records.assessor_id, compliance_records.created_at, compliance_records.updated_at 
FROM compliance_records 
WHERE compliance_records.assessment_date >= $1::DATE
2025-12-30 17:26:51,923 INFO sqlalchemy.engine.Engine [cached since 0.03487s ago] (datetime.date(2024, 12, 30),)
2025-12-30 17:26:51,924 INFO sqlalchemy.engine.Engine SELECT vendor_compliance_records.id, vendor_compliance_records.compliance_area, vendor_compliance_records.status, vendor_compliance_records.assessment_date, vendor_compliance_records.expiry_date, vendor_compliance_records.certificate_url, vendor_compliance_records.notes, vendor_compliance_records.vendor_id, vendor_compliance_records.assessor_id, vendor_compliance_records.created_at, vendor_compliance_records.updated_at 
FROM vendor_compliance_records 
WHERE vendor_compliance_records.assessment_date >= $1::DATE
2025-12-30 17:26:51,924 INFO sqlalchemy.engine.Engine [cached since 0.0317s ago] (datetime.date(2024, 12, 30),)
2025-12-30 17:26:51,925 INFO sqlalchemy.engine.Engine SELECT vendor_compliance_records.id, vendor_compliance_records.compliance_area, vendor_compliance_records.status, vendor_compliance_records.assessment_date, vendor_compliance_records.expiry_date, vendor_compliance_records.certificate_url, vendor_compliance_records.notes, vendor_compliance_records.vendor_id, vendor_compliance_records.assessor_id, vendor_compliance_records.created_at, vendor_compliance_records.updated_at 
FROM vendor_compliance_records 
WHERE vendor_compliance_records.expiry_date < $1::DATE AND vendor_compliance_records.expiry_date IS NOT NULL ORDER BY vendor_compliance_records.expiry_date DESC
2025-12-30 17:26:51,925 INFO sqlalchemy.engine.Engine [cached since 0.02902s ago] (datetime.date(2025, 12, 30),)
2025-12-30 17:26:51,926 INFO sqlalchemy.engine.Engine SELECT vendors.id AS vendors_id, vendors.name AS vendors_name, vendors.description AS vendors_description, vendors.category AS vendors_category, vendors.contact_email AS vendors_contact_email, vendors.contact_phone AS vendors_contact_phone, vendors.website AS vendors_website, vendors.risk_level AS vendors_risk_level, vendors.last_risk_assessment AS vendors_last_risk_assessment, vendors.next_risk_assessment AS vendors_next_risk_assessment, vendors.contract_start_date AS vendors_contract_start_date, vendors.contract_end_date AS vendors_contract_end_date, vendors.contract_value AS vendors_contract_value, vendors.compliance_status AS vendors_compliance_status, vendors.compliance_rate AS vendors_compliance_rate, vendors.compliant_controls AS vendors_compliant_controls, vendors.non_compliant_controls AS vendors_non_compliant_controls, vendors.last_compliance_check AS vendors_last_compliance_check, vendors.organization_id AS vendors_organization_id, vendors.created_at AS vendors_created_at, vendors.updated_at AS vendors_updated_at 
FROM vendors 
WHERE vendors.id IN ($1::INTEGER, $2::INTEGER, $3::INTEGER, $4::INTEGER)
2025-12-30 17:26:51,926 INFO sqlalchemy.engine.Engine [cached since 0.02778s ago] (5, 8, 11, 26)
2025-12-30 17:26:51,927 INFO sqlalchemy.engine.Engine SELECT exceptions.id, exceptions.exception_name, exceptions.category, exceptions.severity, exceptions.status, exceptions.start_date, exceptions.end_date, exceptions.comments, exceptions.risk_assessment, exceptions.mitigation_plan, exceptions.approval_status, exceptions.approved_by_id, exceptions.approved_at, exceptions.organization_id, exceptions.created_by_id, exceptions.assigned_to_id, exceptions.created_at, exceptions.updated_at 
FROM exceptions 
WHERE exceptions.start_date >= $1::DATE
2025-12-30 17:26:51,928 INFO sqlalchemy.engine.Engine [cached since 0.02618s ago] (datetime.date(2024, 12, 30),)
2025-12-30 17:26:51,934 INFO sqlalchemy.engine.Engine SELECT compliance_records.id, compliance_records.status, compliance_records.assessment_date, compliance_records.next_assessment_date, compliance_records.evidence, compliance_records.notes, compliance_records.application_id, compliance_records.standard_id, compliance_records.assessor_id, compliance_records.created_at, compliance_records.updated_at 
FROM compliance_records JOIN compliance_standards ON compliance_standards.id = compliance_records.standard_id 
WHERE compliance_standards.name ILIKE $1::VARCHAR
2025-12-30 17:26:51,934 INFO sqlalchemy.engine.Engine [cached since 0.02536s ago] ('%ISO%27001%',)
2025-12-30 17:26:51,937 INFO sqlalchemy.engine.Engine SELECT compliance_records.id, compliance_records.status, compliance_records.assessment_date, compliance_records.next_assessment_date, compliance_records.evidence, compliance_records.notes, compliance_records.application_id, compliance_records.standard_id, compliance_records.assessor_id, compliance_records.created_at, compliance_records.updated_at 
FROM compliance_records JOIN compliance_standards ON compliance_standards.id = compliance_records.standard_id 
WHERE compliance_standards.name ILIKE $1::VARCHAR OR compliance_standards.name ILIKE $2::VARCHAR
2025-12-30 17:26:51,937 INFO sqlalchemy.engine.Engine [cached since 0.01911s ago] ('%PCI%DSS%', '%PCI-DSS%')
2025-12-30 17:26:51,938 INFO sqlalchemy.engine.Engine COMMIT
2025-12-30 17:26:51 - app.main - INFO - ⚡ Completed in 0.0170s - Status: 200
INFO:     127.0.0.1:50988 - "GET /api/v1/audit/history HTTP/1.1" 200 OK
2025-12-30 17:26:57 - app.main - INFO - 📨 OPTIONS http://localhost:8000/api/v1/reminders/frontend
2025-12-30 17:26:57 - app.main - INFO - 📨 OPTIONS http://localhost:8000/api/v1/reminders/frontend
2025-12-30 17:26:57 - app.main - INFO - ⚡ Completed in 0.0007s - Status: 200
INFO:     127.0.0.1:50991 - "OPTIONS /api/v1/reminders/frontend HTTP/1.1" 200 OK
2025-12-30 17:26:57 - app.main - INFO - ⚡ Completed in 0.0005s - Status: 200
INFO:     127.0.0.1:51019 - "OPTIONS /api/v1/reminders/frontend HTTP/1.1" 200 OK
2025-12-30 17:26:57 - app.main - INFO - 📨 GET http://localhost:8000/api/v1/reminders/frontend
2025-12-30 17:26:57,404 INFO sqlalchemy.engine.Engine BEGIN (implicit)
2025-12-30 17:26:57,405 INFO sqlalchemy.engine.Engine SELECT vendors.id, vendors.name, vendors.description, vendors.category, vendors.contact_email, vendors.contact_phone, vendors.website, vendors.risk_level, vendors.last_risk_assessment, vendors.next_risk_assessment, vendors.contract_start_date, vendors.contract_end_date, vendors.contract_value, vendors.compliance_status, vendors.compliance_rate, vendors.compliant_controls, vendors.non_compliant_controls, vendors.last_compliance_check, vendors.organization_id, vendors.created_at, vendors.updated_at 
FROM vendors 
WHERE vendors.compliance_status = $1::compliancestatus
2025-12-30 17:26:57,405 INFO sqlalchemy.engine.Engine [generated in 0.00016s] ('NON_COMPLIANT',)
2025-12-30 17:26:57,409 INFO sqlalchemy.engine.Engine SELECT vendor_compliance_records.id, vendor_compliance_records.compliance_area, vendor_compliance_records.status, vendor_compliance_records.assessment_date, vendor_compliance_records.expiry_date, vendor_compliance_records.certificate_url, vendor_compliance_records.notes, vendor_compliance_records.vendor_id, vendor_compliance_records.assessor_id, vendor_compliance_records.created_at, vendor_compliance_records.updated_at 
FROM vendor_compliance_records 
WHERE vendor_compliance_records.vendor_id = $1::INTEGER AND vendor_compliance_records.status = $2::compliancestatus
2025-12-30 17:26:57,409 INFO sqlalchemy.engine.Engine [generated in 0.00028s] (16, 'NON_COMPLIANT')
2025-12-30 17:26:57,412 INFO sqlalchemy.engine.Engine SELECT vendor_compliance_records.id, vendor_compliance_records.compliance_area, vendor_compliance_records.status, vendor_compliance_records.assessment_date, vendor_compliance_records.expiry_date, vendor_compliance_records.certificate_url, vendor_compliance_records.notes, vendor_compliance_records.vendor_id, vendor_compliance_records.assessor_id, vendor_compliance_records.created_at, vendor_compliance_records.updated_at 
FROM vendor_compliance_records 
WHERE vendor_compliance_records.vendor_id = $1::INTEGER AND vendor_compliance_records.status = $2::compliancestatus
2025-12-30 17:26:57,412 INFO sqlalchemy.engine.Engine [cached since 0.003325s ago] (17, 'NON_COMPLIANT')
2025-12-30 17:26:57,413 INFO sqlalchemy.engine.Engine SELECT vendor_compliance_records.id, vendor_compliance_records.compliance_area, vendor_compliance_records.status, vendor_compliance_records.assessment_date, vendor_compliance_records.expiry_date, vendor_compliance_records.certificate_url, vendor_compliance_records.notes, vendor_compliance_records.vendor_id, vendor_compliance_records.assessor_id, vendor_compliance_records.created_at, vendor_compliance_records.updated_at 
FROM vendor_compliance_records 
WHERE vendor_compliance_records.vendor_id = $1::INTEGER AND vendor_compliance_records.status = $2::compliancestatus
2025-12-30 17:26:57,413 INFO sqlalchemy.engine.Engine [cached since 0.004441s ago] (18, 'NON_COMPLIANT')
2025-12-30 17:26:57,414 INFO sqlalchemy.engine.Engine SELECT vendor_compliance_records.id, vendor_compliance_records.compliance_area, vendor_compliance_records.status, vendor_compliance_records.assessment_date, vendor_compliance_records.expiry_date, vendor_compliance_records.certificate_url, vendor_compliance_records.notes, vendor_compliance_records.vendor_id, vendor_compliance_records.assessor_id, vendor_compliance_records.created_at, vendor_compliance_records.updated_at 
FROM vendor_compliance_records 
WHERE vendor_compliance_records.vendor_id = $1::INTEGER AND vendor_compliance_records.status = $2::compliancestatus
2025-12-30 17:26:57,414 INFO sqlalchemy.engine.Engine [cached since 0.005573s ago] (19, 'NON_COMPLIANT')
2025-12-30 17:26:57,415 INFO sqlalchemy.engine.Engine SELECT vendor_compliance_records.id, vendor_compliance_records.compliance_area, vendor_compliance_records.status, vendor_compliance_records.assessment_date, vendor_compliance_records.expiry_date, vendor_compliance_records.certificate_url, vendor_compliance_records.notes, vendor_compliance_records.vendor_id, vendor_compliance_records.assessor_id, vendor_compliance_records.created_at, vendor_compliance_records.updated_at 
FROM vendor_compliance_records 
WHERE vendor_compliance_records.vendor_id = $1::INTEGER AND vendor_compliance_records.status = $2::compliancestatus
2025-12-30 17:26:57,415 INFO sqlalchemy.engine.Engine [cached since 0.006686s ago] (20, 'NON_COMPLIANT')
2025-12-30 17:26:57,416 INFO sqlalchemy.engine.Engine SELECT vendor_compliance_records.id, vendor_compliance_records.compliance_area, vendor_compliance_records.status, vendor_compliance_records.assessment_date, vendor_compliance_records.expiry_date, vendor_compliance_records.certificate_url, vendor_compliance_records.notes, vendor_compliance_records.vendor_id, vendor_compliance_records.assessor_id, vendor_compliance_records.created_at, vendor_compliance_records.updated_at 
FROM vendor_compliance_records 
WHERE vendor_compliance_records.vendor_id = $1::INTEGER AND vendor_compliance_records.status = $2::compliancestatus
2025-12-30 17:26:57,416 INFO sqlalchemy.engine.Engine [cached since 0.007637s ago] (22, 'NON_COMPLIANT')
2025-12-30 17:26:57,417 INFO sqlalchemy.engine.Engine SELECT vendor_compliance_records.id, vendor_compliance_records.compliance_area, vendor_compliance_records.status, vendor_compliance_records.assessment_date, vendor_compliance_records.expiry_date, vendor_compliance_records.certificate_url, vendor_compliance_records.notes, vendor_compliance_records.vendor_id, vendor_compliance_records.assessor_id, vendor_compliance_records.created_at, vendor_compliance_records.updated_at 
FROM vendor_compliance_records 
WHERE vendor_compliance_records.vendor_id = $1::INTEGER AND vendor_compliance_records.status = $2::compliancestatus
2025-12-30 17:26:57,417 INFO sqlalchemy.engine.Engine [cached since 0.008414s ago] (23, 'NON_COMPLIANT')
2025-12-30 17:26:57,418 INFO sqlalchemy.engine.Engine SELECT vendor_compliance_records.id, vendor_compliance_records.compliance_area, vendor_compliance_records.status, vendor_compliance_records.assessment_date, vendor_compliance_records.expiry_date, vendor_compliance_records.certificate_url, vendor_compliance_records.notes, vendor_compliance_records.vendor_id, vendor_compliance_records.assessor_id, vendor_compliance_records.created_at, vendor_compliance_records.updated_at 
FROM vendor_compliance_records 
WHERE vendor_compliance_records.vendor_id = $1::INTEGER AND vendor_compliance_records.status = $2::compliancestatus
2025-12-30 17:26:57,418 INFO sqlalchemy.engine.Engine [cached since 0.009127s ago] (24, 'NON_COMPLIANT')
2025-12-30 17:26:57,418 INFO sqlalchemy.engine.Engine SELECT vendor_compliance_records.id, vendor_compliance_records.compliance_area, vendor_compliance_records.status, vendor_compliance_records.assessment_date, vendor_compliance_records.expiry_date, vendor_compliance_records.certificate_url, vendor_compliance_records.notes, vendor_compliance_records.vendor_id, vendor_compliance_records.assessor_id, vendor_compliance_records.created_at, vendor_compliance_records.updated_at 
FROM vendor_compliance_records 
WHERE vendor_compliance_records.vendor_id = $1::INTEGER AND vendor_compliance_records.status = $2::compliancestatus
2025-12-30 17:26:57,418 INFO sqlalchemy.engine.Engine [cached since 0.009863s ago] (25, 'NON_COMPLIANT')
2025-12-30 17:26:57,429 INFO sqlalchemy.engine.Engine SELECT applications.id, applications.name, applications.description, applications.application_type, applications.version, applications.url, applications.risk_level, applications.business_criticality, applications.data_classification, applications.owner, applications.vendor_name, applications.owner_id, applications.organization_id, applications.technology_stack, applications.environment, applications.hosting_type, applications.compliance_requirements, applications.last_security_review, applications.next_security_review, applications.created_at, applications.updated_at 
FROM applications 
WHERE applications.owner_id IS NOT NULL
2025-12-30 17:26:57,430 INFO sqlalchemy.engine.Engine [cached since 56.94s ago] ()
2025-12-30 17:26:57,433 INFO sqlalchemy.engine.Engine SELECT vulnerabilities.id, vulnerabilities.title, vulnerabilities.description, vulnerabilities.cve_id, vulnerabilities.severity, vulnerabilities.status, vulnerabilities.discovered_date, vulnerabilities.source, vulnerabilities.cvss_score, vulnerabilities.cvss_vector, vulnerabilities.exploit_available, vulnerabilities.remediation_plan, vulnerabilities.remediation_deadline, vulnerabilities.remediation_completed, vulnerabilities.remarks, vulnerabilities.poc_file_path, vulnerabilities.application_id, vulnerabilities.vendor_id, vulnerabilities.assigned_to_id, vulnerabilities.created_at, vulnerabilities.updated_at 
FROM vulnerabilities 
WHERE vulnerabilities.status = $1::vulnerabilitystatus
2025-12-30 17:26:57,433 INFO sqlalchemy.engine.Engine [cached since 56.93s ago] ('OPEN',)
2025-12-30 17:26:57,434 INFO sqlalchemy.engine.Engine SELECT users.id, users.email, users.username, users.full_name, users.hashed_password, users.is_active, users.is_superuser, users.role, users.last_login, users.phone, users.department, users.profile_type, users.company, users.privilege_level, users.clearance_level, users.created_at, users.updated_at 
FROM users 
WHERE users.id IN ($1::INTEGER, $2::INTEGER, $3::INTEGER, $4::INTEGER, $5::INTEGER, $6::INTEGER, $7::INTEGER, $8::INTEGER, $9::INTEGER, $10::INTEGER, $11::INTEGER, $12::INTEGER, $13::INTEGER, $14::INTEGER)
2025-12-30 17:26:57,434 INFO sqlalchemy.engine.Engine [cached since 56.93s ago] (2, 3, 3, 2, 2, 3, 2, 1, 3, 3, 3, 1, 2, 1)
2025-12-30 17:26:57,436 INFO sqlalchemy.engine.Engine SELECT exceptions.id, exceptions.exception_name, exceptions.category, exceptions.severity, exceptions.status, exceptions.start_date, exceptions.end_date, exceptions.comments, exceptions.risk_assessment, exceptions.mitigation_plan, exceptions.approval_status, exceptions.approved_by_id, exceptions.approved_at, exceptions.organization_id, exceptions.created_by_id, exceptions.assigned_to_id, exceptions.created_at, exceptions.updated_at 
FROM exceptions 
WHERE exceptions.status IN ($1::exceptionstatus, $2::exceptionstatus)
2025-12-30 17:26:57,436 INFO sqlalchemy.engine.Engine [generated in 0.00023s] ('ACTIVE', 'PENDING')
2025-12-30 17:26:57,438 INFO sqlalchemy.engine.Engine COMMIT
2025-12-30 17:26:57 - app.main - INFO - ⚡ Completed in 0.0370s - Status: 200
INFO:     127.0.0.1:50991 - "GET /api/v1/reminders/frontend HTTP/1.1" 200 OK
2025-12-30 17:26:57 - app.main - INFO - 📨 GET http://localhost:8000/api/v1/reminders/frontend
2025-12-30 17:26:57,443 INFO sqlalchemy.engine.Engine BEGIN (implicit)
2025-12-30 17:26:57,443 INFO sqlalchemy.engine.Engine SELECT vendors.id, vendors.name, vendors.description, vendors.category, vendors.contact_email, vendors.contact_phone, vendors.website, vendors.risk_level, vendors.last_risk_assessment, vendors.next_risk_assessment, vendors.contract_start_date, vendors.contract_end_date, vendors.contract_value, vendors.compliance_status, vendors.compliance_rate, vendors.compliant_controls, vendors.non_compliant_controls, vendors.last_compliance_check, vendors.organization_id, vendors.created_at, vendors.updated_at 
FROM vendors 
WHERE vendors.compliance_status = $1::compliancestatus
2025-12-30 17:26:57,443 INFO sqlalchemy.engine.Engine [cached since 0.0381s ago] ('NON_COMPLIANT',)
2025-12-30 17:26:57,445 INFO sqlalchemy.engine.Engine SELECT vendor_compliance_records.id, vendor_compliance_records.compliance_area, vendor_compliance_records.status, vendor_compliance_records.assessment_date, vendor_compliance_records.expiry_date, vendor_compliance_records.certificate_url, vendor_compliance_records.notes, vendor_compliance_records.vendor_id, vendor_compliance_records.assessor_id, vendor_compliance_records.created_at, vendor_compliance_records.updated_at 
FROM vendor_compliance_records 
WHERE vendor_compliance_records.vendor_id = $1::INTEGER AND vendor_compliance_records.status = $2::compliancestatus
2025-12-30 17:26:57,445 INFO sqlalchemy.engine.Engine [cached since 0.0361s ago] (16, 'NON_COMPLIANT')
2025-12-30 17:26:57,446 INFO sqlalchemy.engine.Engine SELECT vendor_compliance_records.id, vendor_compliance_records.compliance_area, vendor_compliance_records.status, vendor_compliance_records.assessment_date, vendor_compliance_records.expiry_date, vendor_compliance_records.certificate_url, vendor_compliance_records.notes, vendor_compliance_records.vendor_id, vendor_compliance_records.assessor_id, vendor_compliance_records.created_at, vendor_compliance_records.updated_at 
FROM vendor_compliance_records 
WHERE vendor_compliance_records.vendor_id = $1::INTEGER AND vendor_compliance_records.status = $2::compliancestatus
2025-12-30 17:26:57,446 INFO sqlalchemy.engine.Engine [cached since 0.03713s ago] (17, 'NON_COMPLIANT')
2025-12-30 17:26:57,446 INFO sqlalchemy.engine.Engine SELECT vendor_compliance_records.id, vendor_compliance_records.compliance_area, vendor_compliance_records.status, vendor_compliance_records.assessment_date, vendor_compliance_records.expiry_date, vendor_compliance_records.certificate_url, vendor_compliance_records.notes, vendor_compliance_records.vendor_id, vendor_compliance_records.assessor_id, vendor_compliance_records.created_at, vendor_compliance_records.updated_at 
FROM vendor_compliance_records 
WHERE vendor_compliance_records.vendor_id = $1::INTEGER AND vendor_compliance_records.status = $2::compliancestatus
2025-12-30 17:26:57,446 INFO sqlalchemy.engine.Engine [cached since 0.03746s ago] (18, 'NON_COMPLIANT')
2025-12-30 17:26:57,446 INFO sqlalchemy.engine.Engine SELECT vendor_compliance_records.id, vendor_compliance_records.compliance_area, vendor_compliance_records.status, vendor_compliance_records.assessment_date, vendor_compliance_records.expiry_date, vendor_compliance_records.certificate_url, vendor_compliance_records.notes, vendor_compliance_records.vendor_id, vendor_compliance_records.assessor_id, vendor_compliance_records.created_at, vendor_compliance_records.updated_at 
FROM vendor_compliance_records 
WHERE vendor_compliance_records.vendor_id = $1::INTEGER AND vendor_compliance_records.status = $2::compliancestatus
2025-12-30 17:26:57,446 INFO sqlalchemy.engine.Engine [cached since 0.03778s ago] (19, 'NON_COMPLIANT')
2025-12-30 17:26:57,447 INFO sqlalchemy.engine.Engine SELECT vendor_compliance_records.id, vendor_compliance_records.compliance_area, vendor_compliance_records.status, vendor_compliance_records.assessment_date, vendor_compliance_records.expiry_date, vendor_compliance_records.certificate_url, vendor_compliance_records.notes, vendor_compliance_records.vendor_id, vendor_compliance_records.assessor_id, vendor_compliance_records.created_at, vendor_compliance_records.updated_at 
FROM vendor_compliance_records 
WHERE vendor_compliance_records.vendor_id = $1::INTEGER AND vendor_compliance_records.status = $2::compliancestatus
2025-12-30 17:26:57,447 INFO sqlalchemy.engine.Engine [cached since 0.03808s ago] (20, 'NON_COMPLIANT')
2025-12-30 17:26:57,447 INFO sqlalchemy.engine.Engine SELECT vendor_compliance_records.id, vendor_compliance_records.compliance_area, vendor_compliance_records.status, vendor_compliance_records.assessment_date, vendor_compliance_records.expiry_date, vendor_compliance_records.certificate_url, vendor_compliance_records.notes, vendor_compliance_records.vendor_id, vendor_compliance_records.assessor_id, vendor_compliance_records.created_at, vendor_compliance_records.updated_at 
FROM vendor_compliance_records 
WHERE vendor_compliance_records.vendor_id = $1::INTEGER AND vendor_compliance_records.status = $2::compliancestatus
2025-12-30 17:26:57,447 INFO sqlalchemy.engine.Engine [cached since 0.03837s ago] (22, 'NON_COMPLIANT')
2025-12-30 17:26:57,447 INFO sqlalchemy.engine.Engine SELECT vendor_compliance_records.id, vendor_compliance_records.compliance_area, vendor_compliance_records.status, vendor_compliance_records.assessment_date, vendor_compliance_records.expiry_date, vendor_compliance_records.certificate_url, vendor_compliance_records.notes, vendor_compliance_records.vendor_id, vendor_compliance_records.assessor_id, vendor_compliance_records.created_at, vendor_compliance_records.updated_at 
FROM vendor_compliance_records 
WHERE vendor_compliance_records.vendor_id = $1::INTEGER AND vendor_compliance_records.status = $2::compliancestatus
2025-12-30 17:26:57,447 INFO sqlalchemy.engine.Engine [cached since 0.03867s ago] (23, 'NON_COMPLIANT')
2025-12-30 17:26:57,447 INFO sqlalchemy.engine.Engine SELECT vendor_compliance_records.id, vendor_compliance_records.compliance_area, vendor_compliance_records.status, vendor_compliance_records.assessment_date, vendor_compliance_records.expiry_date, vendor_compliance_records.certificate_url, vendor_compliance_records.notes, vendor_compliance_records.vendor_id, vendor_compliance_records.assessor_id, vendor_compliance_records.created_at, vendor_compliance_records.updated_at 
FROM vendor_compliance_records 
WHERE vendor_compliance_records.vendor_id = $1::INTEGER AND vendor_compliance_records.status = $2::compliancestatus
2025-12-30 17:26:57,447 INFO sqlalchemy.engine.Engine [cached since 0.03891s ago] (24, 'NON_COMPLIANT')
2025-12-30 17:26:57,448 INFO sqlalchemy.engine.Engine SELECT vendor_compliance_records.id, vendor_compliance_records.compliance_area, vendor_compliance_records.status, vendor_compliance_records.assessment_date, vendor_compliance_records.expiry_date, vendor_compliance_records.certificate_url, vendor_compliance_records.notes, vendor_compliance_records.vendor_id, vendor_compliance_records.assessor_id, vendor_compliance_records.created_at, vendor_compliance_records.updated_at 
FROM vendor_compliance_records 
WHERE vendor_compliance_records.vendor_id = $1::INTEGER AND vendor_compliance_records.status = $2::compliancestatus
2025-12-30 17:26:57,448 INFO sqlalchemy.engine.Engine [cached since 0.03917s ago] (25, 'NON_COMPLIANT')
2025-12-30 17:26:57,448 INFO sqlalchemy.engine.Engine SELECT applications.id, applications.name, applications.description, applications.application_type, applications.version, applications.url, applications.risk_level, applications.business_criticality, applications.data_classification, applications.owner, applications.vendor_name, applications.owner_id, applications.organization_id, applications.technology_stack, applications.environment, applications.hosting_type, applications.compliance_requirements, applications.last_security_review, applications.next_security_review, applications.created_at, applications.updated_at 
FROM applications 
WHERE applications.owner_id IS NOT NULL
2025-12-30 17:26:57,448 INFO sqlalchemy.engine.Engine [cached since 56.96s ago] ()
2025-12-30 17:26:57,448 INFO sqlalchemy.engine.Engine SELECT vulnerabilities.id, vulnerabilities.title, vulnerabilities.description, vulnerabilities.cve_id, vulnerabilities.severity, vulnerabilities.status, vulnerabilities.discovered_date, vulnerabilities.source, vulnerabilities.cvss_score, vulnerabilities.cvss_vector, vulnerabilities.exploit_available, vulnerabilities.remediation_plan, vulnerabilities.remediation_deadline, vulnerabilities.remediation_completed, vulnerabilities.remarks, vulnerabilities.poc_file_path, vulnerabilities.application_id, vulnerabilities.vendor_id, vulnerabilities.assigned_to_id, vulnerabilities.created_at, vulnerabilities.updated_at 
FROM vulnerabilities 
WHERE vulnerabilities.status = $1::vulnerabilitystatus
2025-12-30 17:26:57,448 INFO sqlalchemy.engine.Engine [cached since 56.95s ago] ('OPEN',)
2025-12-30 17:26:57,449 INFO sqlalchemy.engine.Engine SELECT users.id, users.email, users.username, users.full_name, users.hashed_password, users.is_active, users.is_superuser, users.role, users.last_login, users.phone, users.department, users.profile_type, users.company, users.privilege_level, users.clearance_level, users.created_at, users.updated_at 
FROM users 
WHERE users.id IN ($1::INTEGER, $2::INTEGER, $3::INTEGER, $4::INTEGER, $5::INTEGER, $6::INTEGER, $7::INTEGER, $8::INTEGER, $9::INTEGER, $10::INTEGER, $11::INTEGER, $12::INTEGER, $13::INTEGER, $14::INTEGER)
2025-12-30 17:26:57,449 INFO sqlalchemy.engine.Engine [cached since 56.95s ago] (2, 3, 3, 2, 2, 3, 2, 1, 3, 3, 3, 1, 2, 1)
2025-12-30 17:26:57,449 INFO sqlalchemy.engine.Engine SELECT exceptions.id, exceptions.exception_name, exceptions.category, exceptions.severity, exceptions.status, exceptions.start_date, exceptions.end_date, exceptions.comments, exceptions.risk_assessment, exceptions.mitigation_plan, exceptions.approval_status, exceptions.approved_by_id, exceptions.approved_at, exceptions.organization_id, exceptions.created_by_id, exceptions.assigned_to_id, exceptions.created_at, exceptions.updated_at 
FROM exceptions 
WHERE exceptions.status IN ($1::exceptionstatus, $2::exceptionstatus)
2025-12-30 17:26:57,449 INFO sqlalchemy.engine.Engine [cached since 0.01356s ago] ('ACTIVE', 'PENDING')
2025-12-30 17:26:57,450 INFO sqlalchemy.engine.Engine COMMIT
2025-12-30 17:26:57 - app.main - INFO - ⚡ Completed in 0.0093s - Status: 200
INFO:     127.0.0.1:50991 - "GET /api/v1/reminders/frontend HTTP/1.1" 200 OK
2025-12-30 17:27:02 - app.main - INFO - 📨 OPTIONS http://localhost:8000/api/v1/eosl/dashboard?year=2025
2025-12-30 17:27:02 - app.main - INFO - 📨 OPTIONS http://localhost:8000/api/v1/eosl/dashboard?year=2025
2025-12-30 17:27:02 - app.main - INFO - ⚡ Completed in 0.0010s - Status: 200
INFO:     127.0.0.1:51021 - "OPTIONS /api/v1/eosl/dashboard?year=2025 HTTP/1.1" 200 OK
2025-12-30 17:27:02 - app.main - INFO - ⚡ Completed in 0.0005s - Status: 200
INFO:     127.0.0.1:51045 - "OPTIONS /api/v1/eosl/dashboard?year=2025 HTTP/1.1" 200 OK
2025-12-30 17:27:02 - app.main - INFO - 📨 GET http://localhost:8000/api/v1/eosl/dashboard?year=2025
2025-12-30 17:27:02,818 INFO sqlalchemy.engine.Engine BEGIN (implicit)
2025-12-30 17:27:02,821 INFO sqlalchemy.engine.Engine SELECT eosl_records.id, eosl_records.product_name, eosl_records.vendor_name, eosl_records.version, eosl_records.category, eosl_records.end_of_sale_date, eosl_records.end_of_support_date, eosl_records.end_of_extended_support_date, eosl_records.risk_level, eosl_records.business_impact, eosl_records.remediation_plan, eosl_records.remediation_deadline, eosl_records.application_id, eosl_records.owner_id, eosl_records.created_at, eosl_records.updated_at 
FROM eosl_records ORDER BY eosl_records.end_of_support_date, eosl_records.end_of_sale_date
2025-12-30 17:27:02,821 INFO sqlalchemy.engine.Engine [generated in 0.00034s] ()
2025-12-30 17:27:02,843 INFO sqlalchemy.engine.Engine COMMIT
2025-12-30 17:27:02 - app.main - INFO - ⚡ Completed in 0.0279s - Status: 200
INFO:     127.0.0.1:51021 - "GET /api/v1/eosl/dashboard?year=2025 HTTP/1.1" 200 OK
2025-12-30 17:27:02 - app.main - INFO - 📨 GET http://localhost:8000/api/v1/eosl/dashboard?year=2025
2025-12-30 17:27:02,848 INFO sqlalchemy.engine.Engine BEGIN (implicit)
2025-12-30 17:27:02,848 INFO sqlalchemy.engine.Engine SELECT eosl_records.id, eosl_records.product_name, eosl_records.vendor_name, eosl_records.version, eosl_records.category, eosl_records.end_of_sale_date, eosl_records.end_of_support_date, eosl_records.end_of_extended_support_date, eosl_records.risk_level, eosl_records.business_impact, eosl_records.remediation_plan, eosl_records.remediation_deadline, eosl_records.application_id, eosl_records.owner_id, eosl_records.created_at, eosl_records.updated_at 
FROM eosl_records ORDER BY eosl_records.end_of_support_date, eosl_records.end_of_sale_date
2025-12-30 17:27:02,848 INFO sqlalchemy.engine.Engine [cached since 0.02758s ago] ()
2025-12-30 17:27:02,850 INFO sqlalchemy.engine.Engine COMMIT
2025-12-30 17:27:02 - app.main - INFO - ⚡ Completed in 0.0033s - Status: 200
INFO:     127.0.0.1:51021 - "GET /api/v1/eosl/dashboard?year=2025 HTTP/1.1" 200 OK
2025-12-30 17:27:07 - app.main - INFO - 📨 OPTIONS http://localhost:8000/api/v1/applications/
2025-12-30 17:27:07 - app.main - INFO - 📨 OPTIONS http://localhost:8000/api/v1/applications/
2025-12-30 17:27:07 - app.main - INFO - ⚡ Completed in 0.0006s - Status: 200
INFO:     127.0.0.1:51021 - "OPTIONS /api/v1/applications/ HTTP/1.1" 200 OK
2025-12-30 17:27:07 - app.main - INFO - ⚡ Completed in 0.0005s - Status: 200
INFO:     127.0.0.1:51045 - "OPTIONS /api/v1/applications/ HTTP/1.1" 200 OK
2025-12-30 17:27:07 - app.main - INFO - 📨 GET http://localhost:8000/api/v1/applications/
2025-12-30 17:27:07,507 INFO sqlalchemy.engine.Engine BEGIN (implicit)
2025-12-30 17:27:07,508 INFO sqlalchemy.engine.Engine SELECT count(*) AS count_1 
FROM applications
2025-12-30 17:27:07,508 INFO sqlalchemy.engine.Engine [generated in 0.00016s] ()
2025-12-30 17:27:07,510 INFO sqlalchemy.engine.Engine SELECT applications.id, applications.name, applications.description, applications.application_type, applications.version, applications.url, applications.risk_level, applications.business_criticality, applications.data_classification, applications.owner, applications.vendor_name, applications.owner_id, applications.organization_id, applications.technology_stack, applications.environment, applications.hosting_type, applications.compliance_requirements, applications.last_security_review, applications.next_security_review, applications.created_at, applications.updated_at 
FROM applications ORDER BY applications.created_at DESC 
 LIMIT $1::INTEGER OFFSET $2::INTEGER
2025-12-30 17:27:07,510 INFO sqlalchemy.engine.Engine [generated in 0.00028s] (50, 0)
2025-12-30 17:27:07,514 INFO sqlalchemy.engine.Engine SELECT count(*) AS count_1 
FROM vulnerabilities 
WHERE vulnerabilities.application_id = $1::INTEGER
2025-12-30 17:27:07,514 INFO sqlalchemy.engine.Engine [generated in 0.00030s] (27,)
2025-12-30 17:27:07,515 INFO sqlalchemy.engine.Engine SELECT count(*) AS count_1 
FROM vulnerabilities 
WHERE vulnerabilities.application_id = $1::INTEGER
2025-12-30 17:27:07,515 INFO sqlalchemy.engine.Engine [cached since 0.001907s ago] (26,)
2025-12-30 17:27:07,516 INFO sqlalchemy.engine.Engine SELECT count(*) AS count_1 
FROM vulnerabilities 
WHERE vulnerabilities.application_id = $1::INTEGER
2025-12-30 17:27:07,516 INFO sqlalchemy.engine.Engine [cached since 0.002717s ago] (25,)
2025-12-30 17:27:07,517 INFO sqlalchemy.engine.Engine SELECT count(*) AS count_1 
FROM vulnerabilities 
WHERE vulnerabilities.application_id = $1::INTEGER
2025-12-30 17:27:07,517 INFO sqlalchemy.engine.Engine [cached since 0.003705s ago] (24,)
2025-12-30 17:27:07,518 INFO sqlalchemy.engine.Engine SELECT count(*) AS count_1 
FROM vulnerabilities 
WHERE vulnerabilities.application_id = $1::INTEGER
2025-12-30 17:27:07,518 INFO sqlalchemy.engine.Engine [cached since 0.004925s ago] (23,)
2025-12-30 17:27:07,519 INFO sqlalchemy.engine.Engine SELECT count(*) AS count_1 
FROM vulnerabilities 
WHERE vulnerabilities.application_id = $1::INTEGER
2025-12-30 17:27:07,519 INFO sqlalchemy.engine.Engine [cached since 0.005773s ago] (22,)
2025-12-30 17:27:07,520 INFO sqlalchemy.engine.Engine SELECT count(*) AS count_1 
FROM vulnerabilities 
WHERE vulnerabilities.application_id = $1::INTEGER
2025-12-30 17:27:07,520 INFO sqlalchemy.engine.Engine [cached since 0.006529s ago] (21,)
2025-12-30 17:27:07,521 INFO sqlalchemy.engine.Engine SELECT count(*) AS count_1 
FROM vulnerabilities 
WHERE vulnerabilities.application_id = $1::INTEGER
2025-12-30 17:27:07,521 INFO sqlalchemy.engine.Engine [cached since 0.007292s ago] (20,)
2025-12-30 17:27:07,521 INFO sqlalchemy.engine.Engine SELECT count(*) AS count_1 
FROM vulnerabilities 
WHERE vulnerabilities.application_id = $1::INTEGER
2025-12-30 17:27:07,521 INFO sqlalchemy.engine.Engine [cached since 0.007951s ago] (19,)
2025-12-30 17:27:07,522 INFO sqlalchemy.engine.Engine SELECT count(*) AS count_1 
FROM vulnerabilities 
WHERE vulnerabilities.application_id = $1::INTEGER
2025-12-30 17:27:07,522 INFO sqlalchemy.engine.Engine [cached since 0.008756s ago] (18,)
2025-12-30 17:27:07,523 INFO sqlalchemy.engine.Engine SELECT count(*) AS count_1 
FROM vulnerabilities 
WHERE vulnerabilities.application_id = $1::INTEGER
2025-12-30 17:27:07,523 INFO sqlalchemy.engine.Engine [cached since 0.009809s ago] (17,)
2025-12-30 17:27:07,524 INFO sqlalchemy.engine.Engine SELECT count(*) AS count_1 
FROM vulnerabilities 
WHERE vulnerabilities.application_id = $1::INTEGER
2025-12-30 17:27:07,524 INFO sqlalchemy.engine.Engine [cached since 0.01042s ago] (16,)
2025-12-30 17:27:07,524 INFO sqlalchemy.engine.Engine SELECT count(*) AS count_1 
FROM vulnerabilities 
WHERE vulnerabilities.application_id = $1::INTEGER
2025-12-30 17:27:07,524 INFO sqlalchemy.engine.Engine [cached since 0.01078s ago] (15,)
2025-12-30 17:27:07,525 INFO sqlalchemy.engine.Engine SELECT count(*) AS count_1 
FROM vulnerabilities 
WHERE vulnerabilities.application_id = $1::INTEGER
2025-12-30 17:27:07,525 INFO sqlalchemy.engine.Engine [cached since 0.0111s ago] (14,)
2025-12-30 17:27:07,525 INFO sqlalchemy.engine.Engine SELECT count(*) AS count_1 
FROM vulnerabilities 
WHERE vulnerabilities.application_id = $1::INTEGER
2025-12-30 17:27:07,525 INFO sqlalchemy.engine.Engine [cached since 0.01142s ago] (13,)
2025-12-30 17:27:07,525 INFO sqlalchemy.engine.Engine SELECT count(*) AS count_1 
FROM vulnerabilities 
WHERE vulnerabilities.application_id = $1::INTEGER
2025-12-30 17:27:07,525 INFO sqlalchemy.engine.Engine [cached since 0.01174s ago] (12,)
2025-12-30 17:27:07,526 INFO sqlalchemy.engine.Engine SELECT count(*) AS count_1 
FROM vulnerabilities 
WHERE vulnerabilities.application_id = $1::INTEGER
2025-12-30 17:27:07,526 INFO sqlalchemy.engine.Engine [cached since 0.0121s ago] (11,)
2025-12-30 17:27:07,526 INFO sqlalchemy.engine.Engine SELECT count(*) AS count_1 
FROM vulnerabilities 
WHERE vulnerabilities.application_id = $1::INTEGER
2025-12-30 17:27:07,526 INFO sqlalchemy.engine.Engine [cached since 0.01242s ago] (10,)
2025-12-30 17:27:07,526 INFO sqlalchemy.engine.Engine SELECT count(*) AS count_1 
FROM vulnerabilities 
WHERE vulnerabilities.application_id = $1::INTEGER
2025-12-30 17:27:07,526 INFO sqlalchemy.engine.Engine [cached since 0.01272s ago] (9,)
2025-12-30 17:27:07,526 INFO sqlalchemy.engine.Engine SELECT count(*) AS count_1 
FROM vulnerabilities 
WHERE vulnerabilities.application_id = $1::INTEGER
2025-12-30 17:27:07,526 INFO sqlalchemy.engine.Engine [cached since 0.01299s ago] (8,)
2025-12-30 17:27:07,527 INFO sqlalchemy.engine.Engine SELECT count(*) AS count_1 
FROM vulnerabilities 
WHERE vulnerabilities.application_id = $1::INTEGER
2025-12-30 17:27:07,527 INFO sqlalchemy.engine.Engine [cached since 0.01326s ago] (7,)
2025-12-30 17:27:07,527 INFO sqlalchemy.engine.Engine SELECT count(*) AS count_1 
FROM vulnerabilities 
WHERE vulnerabilities.application_id = $1::INTEGER
2025-12-30 17:27:07,527 INFO sqlalchemy.engine.Engine [cached since 0.01352s ago] (6,)
2025-12-30 17:27:07,527 INFO sqlalchemy.engine.Engine SELECT count(*) AS count_1 
FROM vulnerabilities 
WHERE vulnerabilities.application_id = $1::INTEGER
2025-12-30 17:27:07,527 INFO sqlalchemy.engine.Engine [cached since 0.01379s ago] (5,)
2025-12-30 17:27:07,527 INFO sqlalchemy.engine.Engine SELECT count(*) AS count_1 
FROM vulnerabilities 
WHERE vulnerabilities.application_id = $1::INTEGER
2025-12-30 17:27:07,527 INFO sqlalchemy.engine.Engine [cached since 0.01404s ago] (4,)
2025-12-30 17:27:07,528 INFO sqlalchemy.engine.Engine SELECT count(*) AS count_1 
FROM vulnerabilities 
WHERE vulnerabilities.application_id = $1::INTEGER
2025-12-30 17:27:07,528 INFO sqlalchemy.engine.Engine [cached since 0.0143s ago] (3,)
2025-12-30 17:27:07,528 INFO sqlalchemy.engine.Engine SELECT count(*) AS count_1 
FROM vulnerabilities 
WHERE vulnerabilities.application_id = $1::INTEGER
2025-12-30 17:27:07,528 INFO sqlalchemy.engine.Engine [cached since 0.01458s ago] (2,)
2025-12-30 17:27:07,528 INFO sqlalchemy.engine.Engine SELECT count(*) AS count_1 
FROM vulnerabilities 
WHERE vulnerabilities.application_id = $1::INTEGER
2025-12-30 17:27:07,528 INFO sqlalchemy.engine.Engine [cached since 0.01487s ago] (1,)
2025-12-30 17:27:07,529 INFO sqlalchemy.engine.Engine COMMIT
2025-12-30 17:27:07 - app.main - INFO - ⚡ Completed in 0.0247s - Status: 200
INFO:     127.0.0.1:51047 - "GET /api/v1/applications/ HTTP/1.1" 200 OK
2025-12-30 17:27:07 - app.main - INFO - 📨 GET http://localhost:8000/api/v1/applications/
2025-12-30 17:27:07 - app.main - INFO - 📨 GET http://localhost:8000/api/v1/vulnerabilities/statistics
2025-12-30 17:27:07,531 INFO sqlalchemy.engine.Engine BEGIN (implicit)
2025-12-30 17:27:07,531 INFO sqlalchemy.engine.Engine SELECT count(*) AS count_1 
FROM applications
2025-12-30 17:27:07,531 INFO sqlalchemy.engine.Engine [cached since 0.0237s ago] ()
2025-12-30 17:27:07,532 INFO sqlalchemy.engine.Engine BEGIN (implicit)
2025-12-30 17:27:07,532 INFO sqlalchemy.engine.Engine SELECT count(*) AS count_1 
FROM vulnerabilities
2025-12-30 17:27:07,532 INFO sqlalchemy.engine.Engine [cached since 70.53s ago] ()
2025-12-30 17:27:07,532 INFO sqlalchemy.engine.Engine SELECT applications.id, applications.name, applications.description, applications.application_type, applications.version, applications.url, applications.risk_level, applications.business_criticality, applications.data_classification, applications.owner, applications.vendor_name, applications.owner_id, applications.organization_id, applications.technology_stack, applications.environment, applications.hosting_type, applications.compliance_requirements, applications.last_security_review, applications.next_security_review, applications.created_at, applications.updated_at 
FROM applications ORDER BY applications.created_at DESC 
 LIMIT $1::INTEGER OFFSET $2::INTEGER
2025-12-30 17:27:07,532 INFO sqlalchemy.engine.Engine [cached since 0.022s ago] (50, 0)
2025-12-30 17:27:07,533 INFO sqlalchemy.engine.Engine SELECT count(*) AS count_1 
FROM vulnerabilities 
WHERE vulnerabilities.application_id = $1::INTEGER
2025-12-30 17:27:07,533 INFO sqlalchemy.engine.Engine [cached since 0.01968s ago] (27,)
2025-12-30 17:27:07,534 INFO sqlalchemy.engine.Engine SELECT count(*) AS count_1 
FROM vulnerabilities 
WHERE vulnerabilities.status = $1::vulnerabilitystatus
2025-12-30 17:27:07,534 INFO sqlalchemy.engine.Engine [cached since 70.46s ago] ('OPEN',)
2025-12-30 17:27:07,534 INFO sqlalchemy.engine.Engine SELECT count(*) AS count_1 
FROM vulnerabilities 
WHERE vulnerabilities.application_id = $1::INTEGER
2025-12-30 17:27:07,534 INFO sqlalchemy.engine.Engine [cached since 0.02063s ago] (26,)
2025-12-30 17:27:07,535 INFO sqlalchemy.engine.Engine SELECT count(*) AS count_1 
FROM vulnerabilities 
WHERE vulnerabilities.application_id = $1::INTEGER
2025-12-30 17:27:07,535 INFO sqlalchemy.engine.Engine [cached since 0.02143s ago] (25,)
2025-12-30 17:27:07,535 INFO sqlalchemy.engine.Engine SELECT count(*) AS count_1 
FROM vulnerabilities 
WHERE vulnerabilities.application_id = $1::INTEGER
2025-12-30 17:27:07,535 INFO sqlalchemy.engine.Engine [cached since 0.02206s ago] (24,)
2025-12-30 17:27:07,536 INFO sqlalchemy.engine.Engine SELECT count(*) AS count_1 
FROM vulnerabilities 
WHERE vulnerabilities.application_id = $1::INTEGER
2025-12-30 17:27:07,536 INFO sqlalchemy.engine.Engine [cached since 0.02239s ago] (23,)
2025-12-30 17:27:07,536 INFO sqlalchemy.engine.Engine SELECT count(*) AS count_1 
FROM vulnerabilities 
WHERE vulnerabilities.application_id = $1::INTEGER
2025-12-30 17:27:07,536 INFO sqlalchemy.engine.Engine [cached since 0.02269s ago] (22,)
2025-12-30 17:27:07,536 INFO sqlalchemy.engine.Engine SELECT count(*) AS count_1 
FROM vulnerabilities 
WHERE vulnerabilities.application_id = $1::INTEGER
2025-12-30 17:27:07,536 INFO sqlalchemy.engine.Engine [cached since 0.02299s ago] (21,)
2025-12-30 17:27:07,537 INFO sqlalchemy.engine.Engine SELECT count(*) AS count_1 
FROM vulnerabilities 
WHERE vulnerabilities.application_id = $1::INTEGER
2025-12-30 17:27:07,537 INFO sqlalchemy.engine.Engine [cached since 0.02324s ago] (20,)
2025-12-30 17:27:07,537 INFO sqlalchemy.engine.Engine SELECT count(*) AS count_1 
FROM vulnerabilities 
WHERE vulnerabilities.application_id = $1::INTEGER
2025-12-30 17:27:07,537 INFO sqlalchemy.engine.Engine [cached since 0.0235s ago] (19,)
2025-12-30 17:27:07,537 INFO sqlalchemy.engine.Engine SELECT count(*) AS count_1 
FROM vulnerabilities 
WHERE vulnerabilities.application_id = $1::INTEGER
2025-12-30 17:27:07,537 INFO sqlalchemy.engine.Engine [cached since 0.02375s ago] (18,)
2025-12-30 17:27:07,537 INFO sqlalchemy.engine.Engine SELECT count(*) AS count_1 
FROM vulnerabilities 
WHERE vulnerabilities.application_id = $1::INTEGER
2025-12-30 17:27:07,537 INFO sqlalchemy.engine.Engine [cached since 0.02401s ago] (17,)
2025-12-30 17:27:07,538 INFO sqlalchemy.engine.Engine SELECT count(*) AS count_1 
FROM vulnerabilities 
WHERE vulnerabilities.application_id = $1::INTEGER
2025-12-30 17:27:07,538 INFO sqlalchemy.engine.Engine [cached since 0.02425s ago] (16,)
2025-12-30 17:27:07,538 INFO sqlalchemy.engine.Engine SELECT count(*) AS count_1 
FROM vulnerabilities 
WHERE vulnerabilities.application_id = $1::INTEGER
2025-12-30 17:27:07,538 INFO sqlalchemy.engine.Engine [cached since 0.02465s ago] (15,)
2025-12-30 17:27:07,538 INFO sqlalchemy.engine.Engine SELECT count(*) AS count_1 
FROM vulnerabilities 
WHERE vulnerabilities.application_id = $1::INTEGER
2025-12-30 17:27:07,538 INFO sqlalchemy.engine.Engine [cached since 0.02494s ago] (14,)
2025-12-30 17:27:07,539 INFO sqlalchemy.engine.Engine SELECT count(*) AS count_1 
FROM vulnerabilities 
WHERE vulnerabilities.application_id = $1::INTEGER
2025-12-30 17:27:07,539 INFO sqlalchemy.engine.Engine [cached since 0.02519s ago] (13,)
2025-12-30 17:27:07,539 INFO sqlalchemy.engine.Engine SELECT count(*) AS count_1 
FROM vulnerabilities 
WHERE vulnerabilities.application_id = $1::INTEGER
2025-12-30 17:27:07,539 INFO sqlalchemy.engine.Engine [cached since 0.02543s ago] (12,)
2025-12-30 17:27:07,539 INFO sqlalchemy.engine.Engine SELECT count(*) AS count_1 
FROM vulnerabilities 
WHERE vulnerabilities.application_id = $1::INTEGER
2025-12-30 17:27:07,539 INFO sqlalchemy.engine.Engine [cached since 0.02589s ago] (11,)
2025-12-30 17:27:07,540 INFO sqlalchemy.engine.Engine SELECT count(*) AS count_1 
FROM vulnerabilities 
WHERE vulnerabilities.application_id = $1::INTEGER
2025-12-30 17:27:07,540 INFO sqlalchemy.engine.Engine [cached since 0.02675s ago] (10,)
2025-12-30 17:27:07,541 INFO sqlalchemy.engine.Engine SELECT count(*) AS count_1 
FROM vulnerabilities 
WHERE vulnerabilities.status = $1::vulnerabilitystatus
2025-12-30 17:27:07,541 INFO sqlalchemy.engine.Engine [cached since 70.47s ago] ('CLOSED',)
2025-12-30 17:27:07,541 INFO sqlalchemy.engine.Engine SELECT count(*) AS count_1 
FROM vulnerabilities 
WHERE vulnerabilities.application_id = $1::INTEGER
2025-12-30 17:27:07,541 INFO sqlalchemy.engine.Engine [cached since 0.02744s ago] (9,)
2025-12-30 17:27:07,541 INFO sqlalchemy.engine.Engine SELECT count(*) AS count_1 
FROM vulnerabilities 
WHERE vulnerabilities.status = $1::vulnerabilitystatus
2025-12-30 17:27:07,541 INFO sqlalchemy.engine.Engine [cached since 70.47s ago] ('IN_PROGRESS',)
2025-12-30 17:27:07,541 INFO sqlalchemy.engine.Engine SELECT count(*) AS count_1 
FROM vulnerabilities 
WHERE vulnerabilities.application_id = $1::INTEGER
2025-12-30 17:27:07,541 INFO sqlalchemy.engine.Engine [cached since 0.02789s ago] (8,)
2025-12-30 17:27:07,542 INFO sqlalchemy.engine.Engine SELECT vulnerabilities.severity, count(vulnerabilities.id) AS count 
FROM vulnerabilities GROUP BY vulnerabilities.severity
2025-12-30 17:27:07,542 INFO sqlalchemy.engine.Engine [cached since 70.45s ago] ()
2025-12-30 17:27:07,542 INFO sqlalchemy.engine.Engine SELECT count(*) AS count_1 
FROM vulnerabilities 
WHERE vulnerabilities.application_id = $1::INTEGER
2025-12-30 17:27:07,542 INFO sqlalchemy.engine.Engine [cached since 0.02845s ago] (7,)
2025-12-30 17:27:07,542 INFO sqlalchemy.engine.Engine SELECT count(*) AS count_1 
FROM vulnerabilities 
WHERE vulnerabilities.application_id = $1::INTEGER
2025-12-30 17:27:07,542 INFO sqlalchemy.engine.Engine [cached since 0.02884s ago] (6,)
2025-12-30 17:27:07,543 INFO sqlalchemy.engine.Engine SELECT count(*) AS count_1 
FROM vulnerabilities 
WHERE vulnerabilities.application_id = $1::INTEGER
2025-12-30 17:27:07,543 INFO sqlalchemy.engine.Engine [cached since 0.02917s ago] (5,)
2025-12-30 17:27:07,543 INFO sqlalchemy.engine.Engine SELECT applications.name, count(vulnerabilities.id) AS count 
FROM applications JOIN vulnerabilities ON applications.id = vulnerabilities.application_id GROUP BY applications.name
2025-12-30 17:27:07,543 INFO sqlalchemy.engine.Engine [cached since 70.45s ago] ()
2025-12-30 17:27:07,543 INFO sqlalchemy.engine.Engine SELECT count(*) AS count_1 
FROM vulnerabilities 
WHERE vulnerabilities.application_id = $1::INTEGER
2025-12-30 17:27:07,543 INFO sqlalchemy.engine.Engine [cached since 0.02963s ago] (4,)
2025-12-30 17:27:07,543 INFO sqlalchemy.engine.Engine SELECT count(*) AS count_1 
FROM vulnerabilities 
WHERE vulnerabilities.application_id = $1::INTEGER
2025-12-30 17:27:07,544 INFO sqlalchemy.engine.Engine [cached since 0.03008s ago] (3,)
2025-12-30 17:27:07,544 INFO sqlalchemy.engine.Engine SELECT count(*) AS count_1 
FROM vulnerabilities 
WHERE vulnerabilities.application_id = $1::INTEGER
2025-12-30 17:27:07,544 INFO sqlalchemy.engine.Engine [cached since 0.03098s ago] (2,)
2025-12-30 17:27:07,545 INFO sqlalchemy.engine.Engine SELECT count(*) AS count_1 
FROM vulnerabilities 
WHERE vulnerabilities.application_id = $1::INTEGER
2025-12-30 17:27:07,545 INFO sqlalchemy.engine.Engine [cached since 0.03163s ago] (1,)
2025-12-30 17:27:07,545 INFO sqlalchemy.engine.Engine COMMIT
2025-12-30 17:27:07,546 INFO sqlalchemy.engine.Engine COMMIT
2025-12-30 17:27:07 - app.main - INFO - ⚡ Completed in 0.0155s - Status: 200
INFO:     127.0.0.1:51045 - "GET /api/v1/vulnerabilities/statistics HTTP/1.1" 200 OK
2025-12-30 17:27:07 - app.main - INFO - ⚡ Completed in 0.0166s - Status: 200
INFO:     127.0.0.1:51047 - "GET /api/v1/applications/ HTTP/1.1" 200 OK
2025-12-30 17:27:07 - app.main - INFO - 📨 GET http://localhost:8000/api/v1/vulnerabilities/statistics
2025-12-30 17:27:07,572 INFO sqlalchemy.engine.Engine BEGIN (implicit)
2025-12-30 17:27:07,572 INFO sqlalchemy.engine.Engine SELECT count(*) AS count_1 
FROM vulnerabilities
2025-12-30 17:27:07,572 INFO sqlalchemy.engine.Engine [cached since 70.57s ago] ()
2025-12-30 17:27:07,574 INFO sqlalchemy.engine.Engine SELECT count(*) AS count_1 
FROM vulnerabilities 
WHERE vulnerabilities.status = $1::vulnerabilitystatus
2025-12-30 17:27:07,574 INFO sqlalchemy.engine.Engine [cached since 70.5s ago] ('OPEN',)
2025-12-30 17:27:07,582 INFO sqlalchemy.engine.Engine SELECT count(*) AS count_1 
FROM vulnerabilities 
WHERE vulnerabilities.status = $1::vulnerabilitystatus
2025-12-30 17:27:07,582 INFO sqlalchemy.engine.Engine [cached since 70.51s ago] ('CLOSED',)
2025-12-30 17:27:07,582 INFO sqlalchemy.engine.Engine SELECT count(*) AS count_1 
FROM vulnerabilities 
WHERE vulnerabilities.status = $1::vulnerabilitystatus
2025-12-30 17:27:07,582 INFO sqlalchemy.engine.Engine [cached since 70.51s ago] ('IN_PROGRESS',)
2025-12-30 17:27:07,583 INFO sqlalchemy.engine.Engine SELECT vulnerabilities.severity, count(vulnerabilities.id) AS count 
FROM vulnerabilities GROUP BY vulnerabilities.severity
2025-12-30 17:27:07,583 INFO sqlalchemy.engine.Engine [cached since 70.5s ago] ()
2025-12-30 17:27:07,584 INFO sqlalchemy.engine.Engine SELECT applications.name, count(vulnerabilities.id) AS count 
FROM applications JOIN vulnerabilities ON applications.id = vulnerabilities.application_id GROUP BY applications.name
2025-12-30 17:27:07,584 INFO sqlalchemy.engine.Engine [cached since 70.49s ago] ()
2025-12-30 17:27:07,585 INFO sqlalchemy.engine.Engine COMMIT
2025-12-30 17:27:07 - app.main - INFO - ⚡ Completed in 0.0146s - Status: 200
INFO:     127.0.0.1:51047 - "GET /api/v1/vulnerabilities/statistics HTTP/1.1" 200 OK
2025-12-30 17:27:26 - app.main - INFO - 📨 GET http://localhost:8000/api/v1/yourboard/yourboard-metrics
2025-12-30 17:27:26 - app.main - INFO - 📨 GET http://localhost:8000/api/v1/intelligence/weekly
2025-12-30 17:27:26,224 INFO sqlalchemy.engine.Engine BEGIN (implicit)
2025-12-30 17:27:26,224 INFO sqlalchemy.engine.Engine SELECT count(applications.id) AS count_1 
FROM applications 
WHERE EXTRACT(month FROM applications.created_at) = $1::INTEGER AND EXTRACT(year FROM applications.created_at) = $2::INTEGER
2025-12-30 17:27:26,224 INFO sqlalchemy.engine.Engine [cached since 165s ago] (12, 2025)
2025-12-30 17:27:26,225 INFO sqlalchemy.engine.Engine SELECT count(applications.id) AS count_1 
FROM applications 
WHERE EXTRACT(month FROM applications.created_at) = $1::INTEGER AND EXTRACT(year FROM applications.created_at) = $2::INTEGER
2025-12-30 17:27:26,225 INFO sqlalchemy.engine.Engine [cached since 165s ago] (11, 2025)
2025-12-30 17:27:26,226 INFO sqlalchemy.engine.Engine SELECT count(applications.id) AS count_1 
FROM applications
2025-12-30 17:27:26,226 INFO sqlalchemy.engine.Engine [cached since 165s ago] ()
2025-12-30 17:27:26,226 INFO sqlalchemy.engine.Engine SELECT count(vulnerabilities.id) AS count_1 
FROM vulnerabilities 
WHERE EXTRACT(month FROM vulnerabilities.created_at) = $1::INTEGER AND EXTRACT(year FROM vulnerabilities.created_at) = $2::INTEGER
2025-12-30 17:27:26,226 INFO sqlalchemy.engine.Engine [cached since 165s ago] (12, 2025)
2025-12-30 17:27:26,227 INFO sqlalchemy.engine.Engine SELECT count(vulnerabilities.id) AS count_1 
FROM vulnerabilities 
WHERE EXTRACT(month FROM vulnerabilities.created_at) = $1::INTEGER AND EXTRACT(year FROM vulnerabilities.created_at) = $2::INTEGER
2025-12-30 17:27:26,227 INFO sqlalchemy.engine.Engine [cached since 165s ago] (11, 2025)
2025-12-30 17:27:26,227 INFO sqlalchemy.engine.Engine SELECT count(vulnerabilities.id) AS count_1 
FROM vulnerabilities
2025-12-30 17:27:26,227 INFO sqlalchemy.engine.Engine [cached since 165s ago] ()
2025-12-30 17:27:26,228 INFO sqlalchemy.engine.Engine SELECT vendors.id, vendors.name, vendors.description, vendors.category, vendors.contact_email, vendors.contact_phone, vendors.website, vendors.risk_level, vendors.last_risk_assessment, vendors.next_risk_assessment, vendors.contract_start_date, vendors.contract_end_date, vendors.contract_value, vendors.compliance_status, vendors.compliance_rate, vendors.compliant_controls, vendors.non_compliant_controls, vendors.last_compliance_check, vendors.organization_id, vendors.created_at, vendors.updated_at 
FROM vendors
2025-12-30 17:27:26,228 INFO sqlalchemy.engine.Engine [cached since 165s ago] ()
2025-12-30 17:27:26,229 INFO sqlalchemy.engine.Engine SELECT vendor_certificates.vendor_id AS vendor_certificates_vendor_id, vendor_certificates.id AS vendor_certificates_id, vendor_certificates.certificate_type AS vendor_certificates_certificate_type, vendor_certificates.certificate_number AS vendor_certificates_certificate_number, vendor_certificates.issue_date AS vendor_certificates_issue_date, vendor_certificates.expiry_date AS vendor_certificates_expiry_date, vendor_certificates.status AS vendor_certificates_status, vendor_certificates.issuing_authority AS vendor_certificates_issuing_authority, vendor_certificates.certificate_url AS vendor_certificates_certificate_url, vendor_certificates.scope AS vendor_certificates_scope, vendor_certificates.notes AS vendor_certificates_notes, vendor_certificates.application_id AS vendor_certificates_application_id, vendor_certificates.created_at AS vendor_certificates_created_at, vendor_certificates.updated_at AS vendor_certificates_updated_at 
FROM vendor_certificates 
WHERE vendor_certificates.vendor_id IN ($1::INTEGER, $2::INTEGER, $3::INTEGER, $4::INTEGER, $5::INTEGER, $6::INTEGER, $7::INTEGER, $8::INTEGER, $9::INTEGER, $10::INTEGER, $11::INTEGER, $12::INTEGER, $13::INTEGER, $14::INTEGER, $15::INTEGER, $16::INTEGER, $17::INTEGER, $18::INTEGER, $19::INTEGER, $20::INTEGER, $21::INTEGER, $22::INTEGER, $23::INTEGER, $24::INTEGER, $25::INTEGER, $26::INTEGER, $27::INTEGER, $28::INTEGER, $29::INTEGER, $30::INTEGER, $31::INTEGER, $32::INTEGER)
2025-12-30 17:27:26,229 INFO sqlalchemy.engine.Engine [cached since 165s ago] (26, 27, 8, 7, 10, 11, 16, 17, 18, 19, 20, 21, 22, 23, 24, 25, 1, 2, 3, 4, 5, 6, 9, 12, 13, 14, 15, 28, 29, 30, 31, 32)
2025-12-30 17:27:26,229 INFO sqlalchemy.engine.Engine SELECT count(exceptions.id) AS count_1 
FROM exceptions 
WHERE EXTRACT(month FROM exceptions.created_at) = $1::INTEGER AND EXTRACT(year FROM exceptions.created_at) = $2::INTEGER
2025-12-30 17:27:26,229 INFO sqlalchemy.engine.Engine [cached since 165s ago] (12, 2025)
2025-12-30 17:27:26,230 INFO sqlalchemy.engine.Engine SELECT count(exceptions.id) AS count_1 
FROM exceptions 
WHERE EXTRACT(month FROM exceptions.created_at) = $1::INTEGER AND EXTRACT(year FROM exceptions.created_at) = $2::INTEGER
2025-12-30 17:27:26,230 INFO sqlalchemy.engine.Engine [cached since 165s ago] (11, 2025)
2025-12-30 17:27:26,230 INFO sqlalchemy.engine.Engine SELECT count(exceptions.id) AS count_1 
FROM exceptions
2025-12-30 17:27:26,230 INFO sqlalchemy.engine.Engine [cached since 165s ago] ()
2025-12-30 17:27:26,230 INFO sqlalchemy.engine.Engine COMMIT
2025-12-30 17:27:26 - app.main - INFO - ⚡ Completed in 0.0199s - Status: 200
INFO:     127.0.0.1:51157 - "GET /api/v1/yourboard/yourboard-metrics HTTP/1.1" 200 OK
2025-12-30 17:27:26 - app.main - INFO - 📨 GET http://localhost:8000/api/v1/yourboard/yourboard-metrics
2025-12-30 17:27:26,232 INFO sqlalchemy.engine.Engine BEGIN (implicit)
2025-12-30 17:27:26,232 INFO sqlalchemy.engine.Engine SELECT count(applications.id) AS count_1 
FROM applications 
WHERE EXTRACT(month FROM applications.created_at) = $1::INTEGER AND EXTRACT(year FROM applications.created_at) = $2::INTEGER
2025-12-30 17:27:26,232 INFO sqlalchemy.engine.Engine [cached since 165s ago] (12, 2025)
2025-12-30 17:27:26,233 INFO sqlalchemy.engine.Engine SELECT count(applications.id) AS count_1 
FROM applications 
WHERE EXTRACT(month FROM applications.created_at) = $1::INTEGER AND EXTRACT(year FROM applications.created_at) = $2::INTEGER
2025-12-30 17:27:26,233 INFO sqlalchemy.engine.Engine [cached since 165s ago] (11, 2025)
2025-12-30 17:27:26,234 INFO sqlalchemy.engine.Engine SELECT count(applications.id) AS count_1 
FROM applications
2025-12-30 17:27:26,234 INFO sqlalchemy.engine.Engine [cached since 165s ago] ()
2025-12-30 17:27:26,234 INFO sqlalchemy.engine.Engine SELECT count(vulnerabilities.id) AS count_1 
FROM vulnerabilities 
WHERE EXTRACT(month FROM vulnerabilities.created_at) = $1::INTEGER AND EXTRACT(year FROM vulnerabilities.created_at) = $2::INTEGER
2025-12-30 17:27:26,234 INFO sqlalchemy.engine.Engine [cached since 165s ago] (12, 2025)
2025-12-30 17:27:26,235 INFO sqlalchemy.engine.Engine SELECT count(vulnerabilities.id) AS count_1 
FROM vulnerabilities 
WHERE EXTRACT(month FROM vulnerabilities.created_at) = $1::INTEGER AND EXTRACT(year FROM vulnerabilities.created_at) = $2::INTEGER
2025-12-30 17:27:26,235 INFO sqlalchemy.engine.Engine [cached since 165s ago] (11, 2025)
2025-12-30 17:27:26,235 INFO sqlalchemy.engine.Engine SELECT count(vulnerabilities.id) AS count_1 
FROM vulnerabilities
2025-12-30 17:27:26,235 INFO sqlalchemy.engine.Engine [cached since 165s ago] ()
2025-12-30 17:27:26,235 INFO sqlalchemy.engine.Engine SELECT vendors.id, vendors.name, vendors.description, vendors.category, vendors.contact_email, vendors.contact_phone, vendors.website, vendors.risk_level, vendors.last_risk_assessment, vendors.next_risk_assessment, vendors.contract_start_date, vendors.contract_end_date, vendors.contract_value, vendors.compliance_status, vendors.compliance_rate, vendors.compliant_controls, vendors.non_compliant_controls, vendors.last_compliance_check, vendors.organization_id, vendors.created_at, vendors.updated_at 
FROM vendors
2025-12-30 17:27:26,235 INFO sqlalchemy.engine.Engine [cached since 165s ago] ()
2025-12-30 17:27:26,236 INFO sqlalchemy.engine.Engine SELECT vendor_certificates.vendor_id AS vendor_certificates_vendor_id, vendor_certificates.id AS vendor_certificates_id, vendor_certificates.certificate_type AS vendor_certificates_certificate_type, vendor_certificates.certificate_number AS vendor_certificates_certificate_number, vendor_certificates.issue_date AS vendor_certificates_issue_date, vendor_certificates.expiry_date AS vendor_certificates_expiry_date, vendor_certificates.status AS vendor_certificates_status, vendor_certificates.issuing_authority AS vendor_certificates_issuing_authority, vendor_certificates.certificate_url AS vendor_certificates_certificate_url, vendor_certificates.scope AS vendor_certificates_scope, vendor_certificates.notes AS vendor_certificates_notes, vendor_certificates.application_id AS vendor_certificates_application_id, vendor_certificates.created_at AS vendor_certificates_created_at, vendor_certificates.updated_at AS vendor_certificates_updated_at 
FROM vendor_certificates 
WHERE vendor_certificates.vendor_id IN ($1::INTEGER, $2::INTEGER, $3::INTEGER, $4::INTEGER, $5::INTEGER, $6::INTEGER, $7::INTEGER, $8::INTEGER, $9::INTEGER, $10::INTEGER, $11::INTEGER, $12::INTEGER, $13::INTEGER, $14::INTEGER, $15::INTEGER, $16::INTEGER, $17::INTEGER, $18::INTEGER, $19::INTEGER, $20::INTEGER, $21::INTEGER, $22::INTEGER, $23::INTEGER, $24::INTEGER, $25::INTEGER, $26::INTEGER, $27::INTEGER, $28::INTEGER, $29::INTEGER, $30::INTEGER, $31::INTEGER, $32::INTEGER)
2025-12-30 17:27:26,236 INFO sqlalchemy.engine.Engine [cached since 165s ago] (26, 27, 8, 7, 10, 11, 16, 17, 18, 19, 20, 21, 22, 23, 24, 25, 1, 2, 3, 4, 5, 6, 9, 12, 13, 14, 15, 28, 29, 30, 31, 32)
2025-12-30 17:27:26,237 INFO sqlalchemy.engine.Engine SELECT count(exceptions.id) AS count_1 
FROM exceptions 
WHERE EXTRACT(month FROM exceptions.created_at) = $1::INTEGER AND EXTRACT(year FROM exceptions.created_at) = $2::INTEGER
2025-12-30 17:27:26,237 INFO sqlalchemy.engine.Engine [cached since 165s ago] (12, 2025)
2025-12-30 17:27:26,238 INFO sqlalchemy.engine.Engine SELECT count(exceptions.id) AS count_1 
FROM exceptions 
WHERE EXTRACT(month FROM exceptions.created_at) = $1::INTEGER AND EXTRACT(year FROM exceptions.created_at) = $2::INTEGER
2025-12-30 17:27:26,238 INFO sqlalchemy.engine.Engine [cached since 165s ago] (11, 2025)
2025-12-30 17:27:26,238 INFO sqlalchemy.engine.Engine SELECT count(exceptions.id) AS count_1 
FROM exceptions
2025-12-30 17:27:26,238 INFO sqlalchemy.engine.Engine [cached since 165s ago] ()
2025-12-30 17:27:26,239 INFO sqlalchemy.engine.Engine COMMIT
2025-12-30 17:27:26 - app.main - INFO - ⚡ Completed in 0.0079s - Status: 200
INFO:     127.0.0.1:51157 - "GET /api/v1/yourboard/yourboard-metrics HTTP/1.1" 200 OK
2025-12-30 17:27:26 - app.main - INFO - 📨 GET http://localhost:8000/api/v1/activities?page=1&size=20&days=7
2025-12-30 17:27:26,312 INFO sqlalchemy.engine.Engine BEGIN (implicit)
2025-12-30 17:27:26,313 INFO sqlalchemy.engine.Engine SELECT count(*) AS count_1 
FROM activity_logs 
WHERE activity_logs.created_at >= $1::TIMESTAMP WITH TIME ZONE AND activity_logs.status = $2::VARCHAR
2025-12-30 17:27:26,313 INFO sqlalchemy.engine.Engine [cached since 165s ago] (datetime.datetime(2025, 12, 23, 11, 57, 26, 311755), 'active')
2025-12-30 17:27:26,316 INFO sqlalchemy.engine.Engine SELECT activity_logs.id, activity_logs.activity_type, activity_logs.priority, activity_logs.title, activity_logs.description, activity_logs.user_id, activity_logs.user_name, activity_logs.entity_type, activity_logs.entity_id, activity_logs.entity_name, activity_logs.extra_data, activity_logs.tags, activity_logs.status, activity_logs.is_read, activity_logs.created_at, activity_logs.updated_at 
FROM activity_logs 
WHERE activity_logs.created_at >= $1::TIMESTAMP WITH TIME ZONE AND activity_logs.status = $2::VARCHAR ORDER BY activity_logs.created_at DESC 
 LIMIT $3::INTEGER OFFSET $4::INTEGER
2025-12-30 17:27:26,316 INFO sqlalchemy.engine.Engine [cached since 165s ago] (datetime.datetime(2025, 12, 23, 11, 57, 26, 311755), 'active', 20, 0)
2025-12-30 17:27:26,318 INFO sqlalchemy.engine.Engine COMMIT
2025-12-30 17:27:26 - app.main - INFO - ⚡ Completed in 0.0090s - Status: 200
INFO:     127.0.0.1:51157 - "GET /api/v1/activities?page=1&size=20&days=7 HTTP/1.1" 200 OK
2025-12-30 17:27:26 - app.main - INFO - 📨 GET http://localhost:8000/api/v1/activities?page=1&size=20&days=7
2025-12-30 17:27:26,322 INFO sqlalchemy.engine.Engine BEGIN (implicit)
2025-12-30 17:27:26,323 INFO sqlalchemy.engine.Engine SELECT count(*) AS count_1 
FROM activity_logs 
WHERE activity_logs.created_at >= $1::TIMESTAMP WITH TIME ZONE AND activity_logs.status = $2::VARCHAR
2025-12-30 17:27:26,323 INFO sqlalchemy.engine.Engine [cached since 165s ago] (datetime.datetime(2025, 12, 23, 11, 57, 26, 321690), 'active')
2025-12-30 17:27:26,325 INFO sqlalchemy.engine.Engine SELECT activity_logs.id, activity_logs.activity_type, activity_logs.priority, activity_logs.title, activity_logs.description, activity_logs.user_id, activity_logs.user_name, activity_logs.entity_type, activity_logs.entity_id, activity_logs.entity_name, activity_logs.extra_data, activity_logs.tags, activity_logs.status, activity_logs.is_read, activity_logs.created_at, activity_logs.updated_at 
FROM activity_logs 
WHERE activity_logs.created_at >= $1::TIMESTAMP WITH TIME ZONE AND activity_logs.status = $2::VARCHAR ORDER BY activity_logs.created_at DESC 
 LIMIT $3::INTEGER OFFSET $4::INTEGER
2025-12-30 17:27:26,325 INFO sqlalchemy.engine.Engine [cached since 165s ago] (datetime.datetime(2025, 12, 23, 11, 57, 26, 321690), 'active', 20, 0)
2025-12-30 17:27:26,328 INFO sqlalchemy.engine.Engine COMMIT
2025-12-30 17:27:26 - app.main - INFO - ⚡ Completed in 0.0080s - Status: 200
INFO:     127.0.0.1:51157 - "GET /api/v1/activities?page=1&size=20&days=7 HTTP/1.1" 200 OK
2025-12-30 17:27:27 - app.main - INFO - ⚡ Completed in 1.2907s - Status: 200
INFO:     127.0.0.1:51158 - "GET /api/v1/intelligence/weekly HTTP/1.1" 200 OK
2025-12-30 17:27:27 - app.main - INFO - 📨 GET http://localhost:8000/api/v1/intelligence/weekly
2025-12-30 17:27:28 - app.main - INFO - ⚡ Completed in 1.1309s - Status: 200
INFO:     127.0.0.1:51158 - "GET /api/v1/intelligence/weekly HTTP/1.1" 200 OK
2025-12-30 17:27:56 - app.main - INFO - 📨 GET http://localhost:8000/api/v1/activities?page=1&size=20&days=7
2025-12-30 17:27:56,326 INFO sqlalchemy.engine.Engine BEGIN (implicit)
2025-12-30 17:27:56,326 INFO sqlalchemy.engine.Engine SELECT count(*) AS count_1 
FROM activity_logs 
WHERE activity_logs.created_at >= $1::TIMESTAMP WITH TIME ZONE AND activity_logs.status = $2::VARCHAR
2025-12-30 17:27:56,326 INFO sqlalchemy.engine.Engine [cached since 195s ago] (datetime.datetime(2025, 12, 23, 11, 57, 56, 324559), 'active')
2025-12-30 17:27:56,328 INFO sqlalchemy.engine.Engine SELECT activity_logs.id, activity_logs.activity_type, activity_logs.priority, activity_logs.title, activity_logs.description, activity_logs.user_id, activity_logs.user_name, activity_logs.entity_type, activity_logs.entity_id, activity_logs.entity_name, activity_logs.extra_data, activity_logs.tags, activity_logs.status, activity_logs.is_read, activity_logs.created_at, activity_logs.updated_at 
FROM activity_logs 
WHERE activity_logs.created_at >= $1::TIMESTAMP WITH TIME ZONE AND activity_logs.status = $2::VARCHAR ORDER BY activity_logs.created_at DESC 
 LIMIT $3::INTEGER OFFSET $4::INTEGER
2025-12-30 17:27:56,328 INFO sqlalchemy.engine.Engine [cached since 195s ago] (datetime.datetime(2025, 12, 23, 11, 57, 56, 324559), 'active', 20, 0)
2025-12-30 17:27:56,330 INFO sqlalchemy.engine.Engine COMMIT
2025-12-30 17:27:56 - app.main - INFO - ⚡ Completed in 0.0095s - Status: 200
INFO:     127.0.0.1:51300 - "GET /api/v1/activities?page=1&size=20&days=7 HTTP/1.1" 200 OK
