INFO:     Will watch for changes in these directories: ['/Users/root1/Downloads/ RiskTrix/risktrix-backend']
INFO:     Uvicorn running on http://0.0.0.0:8000 (Press CTRL+C to quit)
INFO:     Started reloader process [14355] using WatchFiles
/Users/root1/Downloads/ RiskTrix/risktrix-backend/venv/lib/python3.11/site-packages/pydantic/_internal/_config.py:345: UserWarning: Valid config keys have changed in V2:
* 'orm_mode' has been renamed to 'from_attributes'
  warnings.warn(message, UserWarning)
INFO:     Started server process [14360]
INFO:     Waiting for application startup.
2025-12-31 19:18:27 - app.main - INFO - 🚀 Starting RiskTrix Backend Application...
2025-12-31 19:18:27 - app.main - INFO - Environment: development
2025-12-31 19:18:27 - app.main - INFO - API Version: 1.0.0
INFO:     Application startup complete.
2025-12-31 19:18:52 - app.main - INFO - 📨 GET http://localhost:8000/api/v1/users/
2025-12-31 19:18:52,673 INFO sqlalchemy.engine.Engine select pg_catalog.version()
2025-12-31 19:18:52,673 INFO sqlalchemy.engine.Engine [raw sql] ()
2025-12-31 19:18:52,674 INFO sqlalchemy.engine.Engine select current_schema()
2025-12-31 19:18:52,674 INFO sqlalchemy.engine.Engine [raw sql] ()
2025-12-31 19:18:52,675 INFO sqlalchemy.engine.Engine show standard_conforming_strings
2025-12-31 19:18:52,675 INFO sqlalchemy.engine.Engine [raw sql] ()
2025-12-31 19:18:52,675 INFO sqlalchemy.engine.Engine BEGIN (implicit)
2025-12-31 19:18:52,675 INFO sqlalchemy.engine.Engine SELECT * FROM users ORDER BY created_at DESC
2025-12-31 19:18:52,675 INFO sqlalchemy.engine.Engine [generated in 0.00006s] ()
2025-12-31 19:18:52,684 INFO sqlalchemy.engine.Engine COMMIT
2025-12-31 19:18:52 - app.main - INFO - ⚡ Completed in 0.0693s - Status: 200
INFO:     127.0.0.1:59635 - "GET /api/v1/users/ HTTP/1.1" 200 OK
2025-12-31 19:19:25 - app.main - INFO - 📨 PUT http://localhost:8000/api/v1/users/7
2025-12-31 19:19:25,364 INFO sqlalchemy.engine.Engine BEGIN (implicit)
2025-12-31 19:19:25,421 INFO sqlalchemy.engine.Engine SELECT users.id, users.email, users.username, users.full_name, users.hashed_password, users.is_active, users.is_superuser, users.role, users.last_login, users.phone, users.department, users.profile_type, users.company, users.privilege_level, users.clearance_level, users.created_at, users.updated_at 
FROM users 
WHERE users.id = $1::INTEGER
2025-12-31 19:19:25,422 INFO sqlalchemy.engine.Engine [generated in 0.00028s] (7,)
2025-12-31 19:19:25 - app.api.v1.endpoints.users - INFO - Update user 7 payload: {'email': 'standarduser@example.com', 'username': 'standarduser', 'full_name': 'Standard Users', 'phone': '555-999988', 'company': 'mukesh pvt ltd', 'profile_type': 'external-auditor', 'privilege_level': 'limited', 'clearance_level': 'top', 'is_active': True, 'role': <UserRole.VIEWER: 'VIEWER'>}
2025-12-31 19:19:25,428 INFO sqlalchemy.engine.Engine UPDATE users SET profile_type=$1::VARCHAR, company=$2::VARCHAR, privilege_level=$3::VARCHAR, clearance_level=$4::VARCHAR, updated_at=now() WHERE users.id = $5::INTEGER
2025-12-31 19:19:25,428 INFO sqlalchemy.engine.Engine [generated in 0.00015s] ('external-auditor', 'mukesh pvt ltd', 'limited', 'top', 7)
2025-12-31 19:19:25,432 INFO sqlalchemy.engine.Engine COMMIT
2025-12-31 19:19:25,437 INFO sqlalchemy.engine.Engine BEGIN (implicit)
2025-12-31 19:19:25,439 INFO sqlalchemy.engine.Engine SELECT users.id, users.email, users.username, users.full_name, users.hashed_password, users.is_active, users.is_superuser, users.role, users.last_login, users.phone, users.department, users.profile_type, users.company, users.privilege_level, users.clearance_level, users.created_at, users.updated_at 
FROM users 
WHERE users.id = $1::INTEGER
2025-12-31 19:19:25,439 INFO sqlalchemy.engine.Engine [generated in 0.00015s] (7,)
2025-12-31 19:19:25 - app.crud.crud_user - INFO - Updated user: standarduser@example.com (ID: 7)
2025-12-31 19:19:25,442 INFO sqlalchemy.engine.Engine COMMIT
2025-12-31 19:19:25 - app.main - INFO - ⚡ Completed in 0.1088s - Status: 200
INFO:     127.0.0.1:59787 - "PUT /api/v1/users/7 HTTP/1.1" 200 OK
2025-12-31 19:20:43 - app.main - INFO - 📨 OPTIONS http://localhost:8000/api/v1/audit/statistics
2025-12-31 19:20:43 - app.main - INFO - 📨 OPTIONS http://localhost:8000/api/v1/audit/iso27001-compliance
2025-12-31 19:20:43 - app.main - INFO - 📨 OPTIONS http://localhost:8000/api/v1/audit/pcidss-compliance
2025-12-31 19:20:43 - app.main - INFO - ⚡ Completed in 0.0032s - Status: 200
INFO:     127.0.0.1:60155 - "OPTIONS /api/v1/audit/statistics HTTP/1.1" 200 OK
2025-12-31 19:20:43 - app.main - INFO - 📨 OPTIONS http://localhost:8000/api/v1/audit/top-vendors?limit=5
2025-12-31 19:20:43 - app.main - INFO - ⚡ Completed in 0.0026s - Status: 200
INFO:     127.0.0.1:60158 - "OPTIONS /api/v1/audit/iso27001-compliance HTTP/1.1" 200 OK
2025-12-31 19:20:43 - app.main - INFO - 📨 OPTIONS http://localhost:8000/api/v1/audit/statistics
2025-12-31 19:20:43 - app.main - INFO - ⚡ Completed in 0.0060s - Status: 200
INFO:     127.0.0.1:60160 - "OPTIONS /api/v1/audit/pcidss-compliance HTTP/1.1" 200 OK
2025-12-31 19:20:43 - app.main - INFO - 📨 OPTIONS http://localhost:8000/api/v1/audit/iso27001-compliance
2025-12-31 19:20:43 - app.main - INFO - ⚡ Completed in 0.0149s - Status: 200
INFO:     127.0.0.1:60162 - "OPTIONS /api/v1/audit/top-vendors?limit=5 HTTP/1.1" 200 OK
2025-12-31 19:20:43 - app.main - INFO - 📨 OPTIONS http://localhost:8000/api/v1/audit/pcidss-compliance
2025-12-31 19:20:43 - app.main - INFO - ⚡ Completed in 0.0275s - Status: 200
INFO:     127.0.0.1:60164 - "OPTIONS /api/v1/audit/statistics HTTP/1.1" 200 OK
2025-12-31 19:20:43 - app.main - INFO - ⚡ Completed in 0.0166s - Status: 200
INFO:     127.0.0.1:60165 - "OPTIONS /api/v1/audit/iso27001-compliance HTTP/1.1" 200 OK
2025-12-31 19:20:43 - app.main - INFO - 📨 OPTIONS http://localhost:8000/api/v1/audit/top-vendors?limit=5
2025-12-31 19:20:43 - app.main - INFO - 📨 GET http://localhost:8000/api/v1/audit/statistics
2025-12-31 19:20:43 - app.main - INFO - ⚡ Completed in 0.0160s - Status: 200
INFO:     127.0.0.1:60155 - "OPTIONS /api/v1/audit/pcidss-compliance HTTP/1.1" 200 OK
2025-12-31 19:20:43 - app.main - INFO - 📨 GET http://localhost:8000/api/v1/audit/iso27001-compliance
2025-12-31 19:20:43 - app.main - INFO - 📨 GET http://localhost:8000/api/v1/audit/pcidss-compliance
2025-12-31 19:20:43 - app.main - INFO - ⚡ Completed in 0.0211s - Status: 200
INFO:     127.0.0.1:60158 - "OPTIONS /api/v1/audit/top-vendors?limit=5 HTTP/1.1" 200 OK
2025-12-31 19:20:43 - app.main - INFO - 📨 GET http://localhost:8000/api/v1/audit/top-vendors?limit=5
2025-12-31 19:20:43,599 INFO sqlalchemy.engine.Engine BEGIN (implicit)
2025-12-31 19:20:43,602 INFO sqlalchemy.engine.Engine SELECT vendors.id, vendors.name, vendors.description, vendors.category, vendors.contact_email, vendors.contact_phone, vendors.website, vendors.risk_level, vendors.last_risk_assessment, vendors.next_risk_assessment, vendors.contract_start_date, vendors.contract_end_date, vendors.contract_value, vendors.compliance_status, vendors.compliance_rate, vendors.compliant_controls, vendors.non_compliant_controls, vendors.last_compliance_check, vendors.organization_id, vendors.created_at, vendors.updated_at 
FROM vendors
2025-12-31 19:20:43,602 INFO sqlalchemy.engine.Engine [generated in 0.00022s] ()
2025-12-31 19:20:43,619 INFO sqlalchemy.engine.Engine SELECT vendor_certificates.vendor_id AS vendor_certificates_vendor_id, vendor_certificates.id AS vendor_certificates_id, vendor_certificates.certificate_type AS vendor_certificates_certificate_type, vendor_certificates.certificate_number AS vendor_certificates_certificate_number, vendor_certificates.issue_date AS vendor_certificates_issue_date, vendor_certificates.expiry_date AS vendor_certificates_expiry_date, vendor_certificates.status AS vendor_certificates_status, vendor_certificates.issuing_authority AS vendor_certificates_issuing_authority, vendor_certificates.certificate_url AS vendor_certificates_certificate_url, vendor_certificates.scope AS vendor_certificates_scope, vendor_certificates.notes AS vendor_certificates_notes, vendor_certificates.application_id AS vendor_certificates_application_id, vendor_certificates.created_at AS vendor_certificates_created_at, vendor_certificates.updated_at AS vendor_certificates_updated_at 
FROM vendor_certificates 
WHERE vendor_certificates.vendor_id IN ($1::INTEGER, $2::INTEGER, $3::INTEGER, $4::INTEGER, $5::INTEGER, $6::INTEGER, $7::INTEGER, $8::INTEGER, $9::INTEGER, $10::INTEGER, $11::INTEGER, $12::INTEGER, $13::INTEGER, $14::INTEGER, $15::INTEGER, $16::INTEGER, $17::INTEGER, $18::INTEGER, $19::INTEGER, $20::INTEGER, $21::INTEGER, $22::INTEGER, $23::INTEGER, $24::INTEGER, $25::INTEGER, $26::INTEGER, $27::INTEGER, $28::INTEGER, $29::INTEGER, $30::INTEGER, $31::INTEGER, $32::INTEGER)
2025-12-31 19:20:43,619 INFO sqlalchemy.engine.Engine [generated in 0.00155s] (26, 27, 8, 7, 10, 11, 16, 17, 18, 19, 20, 21, 22, 23, 24, 25, 1, 2, 3, 4, 5, 6, 9, 12, 13, 14, 15, 28, 29, 30, 31, 32)
2025-12-31 19:20:43,624 INFO sqlalchemy.engine.Engine COMMIT
2025-12-31 19:20:43 - app.main - INFO - ⚡ Completed in 0.0514s - Status: 200
INFO:     127.0.0.1:60160 - "GET /api/v1/audit/statistics HTTP/1.1" 200 OK
2025-12-31 19:20:43 - app.main - INFO - 📨 GET http://localhost:8000/api/v1/audit/statistics
2025-12-31 19:20:43,627 INFO sqlalchemy.engine.Engine BEGIN (implicit)
2025-12-31 19:20:43,627 INFO sqlalchemy.engine.Engine SELECT vendors.id, vendors.name, vendors.description, vendors.category, vendors.contact_email, vendors.contact_phone, vendors.website, vendors.risk_level, vendors.last_risk_assessment, vendors.next_risk_assessment, vendors.contract_start_date, vendors.contract_end_date, vendors.contract_value, vendors.compliance_status, vendors.compliance_rate, vendors.compliant_controls, vendors.non_compliant_controls, vendors.last_compliance_check, vendors.organization_id, vendors.created_at, vendors.updated_at 
FROM vendors
2025-12-31 19:20:43,627 INFO sqlalchemy.engine.Engine [cached since 0.02524s ago] ()
2025-12-31 19:20:43,629 INFO sqlalchemy.engine.Engine SELECT vendor_certificates.vendor_id AS vendor_certificates_vendor_id, vendor_certificates.id AS vendor_certificates_id, vendor_certificates.certificate_type AS vendor_certificates_certificate_type, vendor_certificates.certificate_number AS vendor_certificates_certificate_number, vendor_certificates.issue_date AS vendor_certificates_issue_date, vendor_certificates.expiry_date AS vendor_certificates_expiry_date, vendor_certificates.status AS vendor_certificates_status, vendor_certificates.issuing_authority AS vendor_certificates_issuing_authority, vendor_certificates.certificate_url AS vendor_certificates_certificate_url, vendor_certificates.scope AS vendor_certificates_scope, vendor_certificates.notes AS vendor_certificates_notes, vendor_certificates.application_id AS vendor_certificates_application_id, vendor_certificates.created_at AS vendor_certificates_created_at, vendor_certificates.updated_at AS vendor_certificates_updated_at 
FROM vendor_certificates 
WHERE vendor_certificates.vendor_id IN ($1::INTEGER, $2::INTEGER, $3::INTEGER, $4::INTEGER, $5::INTEGER, $6::INTEGER, $7::INTEGER, $8::INTEGER, $9::INTEGER, $10::INTEGER, $11::INTEGER, $12::INTEGER, $13::INTEGER, $14::INTEGER, $15::INTEGER, $16::INTEGER, $17::INTEGER, $18::INTEGER, $19::INTEGER, $20::INTEGER, $21::INTEGER, $22::INTEGER, $23::INTEGER, $24::INTEGER, $25::INTEGER, $26::INTEGER, $27::INTEGER, $28::INTEGER, $29::INTEGER, $30::INTEGER, $31::INTEGER, $32::INTEGER)
2025-12-31 19:20:43,629 INFO sqlalchemy.engine.Engine [cached since 0.01081s ago] (26, 27, 8, 7, 10, 11, 16, 17, 18, 19, 20, 21, 22, 23, 24, 25, 1, 2, 3, 4, 5, 6, 9, 12, 13, 14, 15, 28, 29, 30, 31, 32)
2025-12-31 19:20:43,629 INFO sqlalchemy.engine.Engine COMMIT
2025-12-31 19:20:43 - app.main - INFO - ⚡ Completed in 0.0038s - Status: 200
INFO:     127.0.0.1:60160 - "GET /api/v1/audit/statistics HTTP/1.1" 200 OK
2025-12-31 19:20:43,647 INFO sqlalchemy.engine.Engine BEGIN (implicit)
2025-12-31 19:20:43,647 INFO sqlalchemy.engine.Engine SELECT vendors.id, vendors.name, vendors.description, vendors.category, vendors.contact_email, vendors.contact_phone, vendors.website, vendors.risk_level, vendors.last_risk_assessment, vendors.next_risk_assessment, vendors.contract_start_date, vendors.contract_end_date, vendors.contract_value, vendors.compliance_status, vendors.compliance_rate, vendors.compliant_controls, vendors.non_compliant_controls, vendors.last_compliance_check, vendors.organization_id, vendors.created_at, vendors.updated_at 
FROM vendors
2025-12-31 19:20:43,648 INFO sqlalchemy.engine.Engine [cached since 0.04527s ago] ()
2025-12-31 19:20:43,648 INFO sqlalchemy.engine.Engine BEGIN (implicit)
2025-12-31 19:20:43,649 INFO sqlalchemy.engine.Engine SELECT applications.id, applications.name, applications.description, applications.application_type, applications.version, applications.url, applications.risk_level, applications.business_criticality, applications.data_classification, applications.owner, applications.vendor_name, applications.owner_id, applications.organization_id, applications.technology_stack, applications.environment, applications.hosting_type, applications.compliance_requirements, applications.last_security_review, applications.next_security_review, applications.created_at, applications.updated_at 
FROM applications
2025-12-31 19:20:43,649 INFO sqlalchemy.engine.Engine [generated in 0.00006s] ()
2025-12-31 19:20:43,649 INFO sqlalchemy.engine.Engine BEGIN (implicit)
2025-12-31 19:20:43,649 INFO sqlalchemy.engine.Engine SELECT applications.id, applications.name, applications.description, applications.application_type, applications.version, applications.url, applications.risk_level, applications.business_criticality, applications.data_classification, applications.owner, applications.vendor_name, applications.owner_id, applications.organization_id, applications.technology_stack, applications.environment, applications.hosting_type, applications.compliance_requirements, applications.last_security_review, applications.next_security_review, applications.created_at, applications.updated_at 
FROM applications
2025-12-31 19:20:43,649 INFO sqlalchemy.engine.Engine [cached since 0.0002316s ago] ()
2025-12-31 19:20:43,657 INFO sqlalchemy.engine.Engine SELECT vendor_certificates.vendor_id AS vendor_certificates_vendor_id, vendor_certificates.id AS vendor_certificates_id, vendor_certificates.certificate_type AS vendor_certificates_certificate_type, vendor_certificates.certificate_number AS vendor_certificates_certificate_number, vendor_certificates.issue_date AS vendor_certificates_issue_date, vendor_certificates.expiry_date AS vendor_certificates_expiry_date, vendor_certificates.status AS vendor_certificates_status, vendor_certificates.issuing_authority AS vendor_certificates_issuing_authority, vendor_certificates.certificate_url AS vendor_certificates_certificate_url, vendor_certificates.scope AS vendor_certificates_scope, vendor_certificates.notes AS vendor_certificates_notes, vendor_certificates.application_id AS vendor_certificates_application_id, vendor_certificates.created_at AS vendor_certificates_created_at, vendor_certificates.updated_at AS vendor_certificates_updated_at 
FROM vendor_certificates 
WHERE vendor_certificates.vendor_id IN ($1::INTEGER, $2::INTEGER, $3::INTEGER, $4::INTEGER, $5::INTEGER, $6::INTEGER, $7::INTEGER, $8::INTEGER, $9::INTEGER, $10::INTEGER, $11::INTEGER, $12::INTEGER, $13::INTEGER, $14::INTEGER, $15::INTEGER, $16::INTEGER, $17::INTEGER, $18::INTEGER, $19::INTEGER, $20::INTEGER, $21::INTEGER, $22::INTEGER, $23::INTEGER, $24::INTEGER, $25::INTEGER, $26::INTEGER, $27::INTEGER, $28::INTEGER, $29::INTEGER, $30::INTEGER, $31::INTEGER, $32::INTEGER)
2025-12-31 19:20:43,657 INFO sqlalchemy.engine.Engine [cached since 0.03895s ago] (26, 27, 8, 7, 10, 11, 16, 17, 18, 19, 20, 21, 22, 23, 24, 25, 1, 2, 3, 4, 5, 6, 9, 12, 13, 14, 15, 28, 29, 30, 31, 32)
2025-12-31 19:20:43,659 INFO sqlalchemy.engine.Engine SELECT vendor_certificates.application_id AS vendor_certificates_application_id, vendor_certificates.id AS vendor_certificates_id, vendor_certificates.certificate_type AS vendor_certificates_certificate_type, vendor_certificates.certificate_number AS vendor_certificates_certificate_number, vendor_certificates.issue_date AS vendor_certificates_issue_date, vendor_certificates.expiry_date AS vendor_certificates_expiry_date, vendor_certificates.status AS vendor_certificates_status, vendor_certificates.issuing_authority AS vendor_certificates_issuing_authority, vendor_certificates.certificate_url AS vendor_certificates_certificate_url, vendor_certificates.scope AS vendor_certificates_scope, vendor_certificates.notes AS vendor_certificates_notes, vendor_certificates.vendor_id AS vendor_certificates_vendor_id, vendor_certificates.created_at AS vendor_certificates_created_at, vendor_certificates.updated_at AS vendor_certificates_updated_at 
FROM vendor_certificates 
WHERE vendor_certificates.application_id IN ($1::INTEGER, $2::INTEGER, $3::INTEGER, $4::INTEGER, $5::INTEGER, $6::INTEGER, $7::INTEGER, $8::INTEGER, $9::INTEGER, $10::INTEGER, $11::INTEGER, $12::INTEGER, $13::INTEGER, $14::INTEGER, $15::INTEGER, $16::INTEGER, $17::INTEGER, $18::INTEGER, $19::INTEGER, $20::INTEGER, $21::INTEGER, $22::INTEGER, $23::INTEGER, $24::INTEGER, $25::INTEGER, $26::INTEGER, $27::INTEGER)
2025-12-31 19:20:43,659 INFO sqlalchemy.engine.Engine [generated in 0.00025s] (1, 2, 3, 4, 5, 6, 7, 8, 9, 10, 11, 12, 13, 14, 15, 16, 17, 18, 19, 20, 21, 22, 23, 24, 25, 26, 27)
2025-12-31 19:20:43,660 INFO sqlalchemy.engine.Engine SELECT vendor_certificates.application_id AS vendor_certificates_application_id, vendor_certificates.id AS vendor_certificates_id, vendor_certificates.certificate_type AS vendor_certificates_certificate_type, vendor_certificates.certificate_number AS vendor_certificates_certificate_number, vendor_certificates.issue_date AS vendor_certificates_issue_date, vendor_certificates.expiry_date AS vendor_certificates_expiry_date, vendor_certificates.status AS vendor_certificates_status, vendor_certificates.issuing_authority AS vendor_certificates_issuing_authority, vendor_certificates.certificate_url AS vendor_certificates_certificate_url, vendor_certificates.scope AS vendor_certificates_scope, vendor_certificates.notes AS vendor_certificates_notes, vendor_certificates.vendor_id AS vendor_certificates_vendor_id, vendor_certificates.created_at AS vendor_certificates_created_at, vendor_certificates.updated_at AS vendor_certificates_updated_at 
FROM vendor_certificates 
WHERE vendor_certificates.application_id IN ($1::INTEGER, $2::INTEGER, $3::INTEGER, $4::INTEGER, $5::INTEGER, $6::INTEGER, $7::INTEGER, $8::INTEGER, $9::INTEGER, $10::INTEGER, $11::INTEGER, $12::INTEGER, $13::INTEGER, $14::INTEGER, $15::INTEGER, $16::INTEGER, $17::INTEGER, $18::INTEGER, $19::INTEGER, $20::INTEGER, $21::INTEGER, $22::INTEGER, $23::INTEGER, $24::INTEGER, $25::INTEGER, $26::INTEGER, $27::INTEGER)
2025-12-31 19:20:43,660 INFO sqlalchemy.engine.Engine [cached since 0.0008807s ago] (1, 2, 3, 4, 5, 6, 7, 8, 9, 10, 11, 12, 13, 14, 15, 16, 17, 18, 19, 20, 21, 22, 23, 24, 25, 26, 27)
2025-12-31 19:20:43,661 INFO sqlalchemy.engine.Engine COMMIT
2025-12-31 19:20:43,661 INFO sqlalchemy.engine.Engine COMMIT
2025-12-31 19:20:43,662 INFO sqlalchemy.engine.Engine COMMIT
2025-12-31 19:20:43 - app.main - INFO - ⚡ Completed in 0.0647s - Status: 200
INFO:     127.0.0.1:60165 - "GET /api/v1/audit/top-vendors?limit=5 HTTP/1.1" 200 OK
2025-12-31 19:20:43 - app.main - INFO - ⚡ Completed in 0.0684s - Status: 200
INFO:     127.0.0.1:60162 - "GET /api/v1/audit/iso27001-compliance HTTP/1.1" 200 OK
2025-12-31 19:20:43 - app.main - INFO - ⚡ Completed in 0.0680s - Status: 200
INFO:     127.0.0.1:60164 - "GET /api/v1/audit/pcidss-compliance HTTP/1.1" 200 OK
2025-12-31 19:20:43 - app.main - INFO - 📨 GET http://localhost:8000/api/v1/audit/iso27001-compliance
2025-12-31 19:20:43 - app.main - INFO - 📨 GET http://localhost:8000/api/v1/audit/pcidss-compliance
2025-12-31 19:20:43 - app.main - INFO - 📨 GET http://localhost:8000/api/v1/audit/top-vendors?limit=5
2025-12-31 19:20:43,666 INFO sqlalchemy.engine.Engine BEGIN (implicit)
2025-12-31 19:20:43,666 INFO sqlalchemy.engine.Engine SELECT applications.id, applications.name, applications.description, applications.application_type, applications.version, applications.url, applications.risk_level, applications.business_criticality, applications.data_classification, applications.owner, applications.vendor_name, applications.owner_id, applications.organization_id, applications.technology_stack, applications.environment, applications.hosting_type, applications.compliance_requirements, applications.last_security_review, applications.next_security_review, applications.created_at, applications.updated_at 
FROM applications
2025-12-31 19:20:43,666 INFO sqlalchemy.engine.Engine [cached since 0.01776s ago] ()
2025-12-31 19:20:43,667 INFO sqlalchemy.engine.Engine BEGIN (implicit)
2025-12-31 19:20:43,667 INFO sqlalchemy.engine.Engine SELECT vendors.id, vendors.name, vendors.description, vendors.category, vendors.contact_email, vendors.contact_phone, vendors.website, vendors.risk_level, vendors.last_risk_assessment, vendors.next_risk_assessment, vendors.contract_start_date, vendors.contract_end_date, vendors.contract_value, vendors.compliance_status, vendors.compliance_rate, vendors.compliant_controls, vendors.non_compliant_controls, vendors.last_compliance_check, vendors.organization_id, vendors.created_at, vendors.updated_at 
FROM vendors
2025-12-31 19:20:43,667 INFO sqlalchemy.engine.Engine [cached since 0.06447s ago] ()
2025-12-31 19:20:43,667 INFO sqlalchemy.engine.Engine BEGIN (implicit)
2025-12-31 19:20:43,667 INFO sqlalchemy.engine.Engine SELECT applications.id, applications.name, applications.description, applications.application_type, applications.version, applications.url, applications.risk_level, applications.business_criticality, applications.data_classification, applications.owner, applications.vendor_name, applications.owner_id, applications.organization_id, applications.technology_stack, applications.environment, applications.hosting_type, applications.compliance_requirements, applications.last_security_review, applications.next_security_review, applications.created_at, applications.updated_at 
FROM applications
2025-12-31 19:20:43,667 INFO sqlalchemy.engine.Engine [cached since 0.01827s ago] ()
2025-12-31 19:20:43,671 INFO sqlalchemy.engine.Engine SELECT vendor_certificates.vendor_id AS vendor_certificates_vendor_id, vendor_certificates.id AS vendor_certificates_id, vendor_certificates.certificate_type AS vendor_certificates_certificate_type, vendor_certificates.certificate_number AS vendor_certificates_certificate_number, vendor_certificates.issue_date AS vendor_certificates_issue_date, vendor_certificates.expiry_date AS vendor_certificates_expiry_date, vendor_certificates.status AS vendor_certificates_status, vendor_certificates.issuing_authority AS vendor_certificates_issuing_authority, vendor_certificates.certificate_url AS vendor_certificates_certificate_url, vendor_certificates.scope AS vendor_certificates_scope, vendor_certificates.notes AS vendor_certificates_notes, vendor_certificates.application_id AS vendor_certificates_application_id, vendor_certificates.created_at AS vendor_certificates_created_at, vendor_certificates.updated_at AS vendor_certificates_updated_at 
FROM vendor_certificates 
WHERE vendor_certificates.vendor_id IN ($1::INTEGER, $2::INTEGER, $3::INTEGER, $4::INTEGER, $5::INTEGER, $6::INTEGER, $7::INTEGER, $8::INTEGER, $9::INTEGER, $10::INTEGER, $11::INTEGER, $12::INTEGER, $13::INTEGER, $14::INTEGER, $15::INTEGER, $16::INTEGER, $17::INTEGER, $18::INTEGER, $19::INTEGER, $20::INTEGER, $21::INTEGER, $22::INTEGER, $23::INTEGER, $24::INTEGER, $25::INTEGER, $26::INTEGER, $27::INTEGER, $28::INTEGER, $29::INTEGER, $30::INTEGER, $31::INTEGER, $32::INTEGER)
2025-12-31 19:20:43,671 INFO sqlalchemy.engine.Engine [cached since 0.05347s ago] (26, 27, 8, 7, 10, 11, 16, 17, 18, 19, 20, 21, 22, 23, 24, 25, 1, 2, 3, 4, 5, 6, 9, 12, 13, 14, 15, 28, 29, 30, 31, 32)
2025-12-31 19:20:43,672 INFO sqlalchemy.engine.Engine SELECT vendor_certificates.application_id AS vendor_certificates_application_id, vendor_certificates.id AS vendor_certificates_id, vendor_certificates.certificate_type AS vendor_certificates_certificate_type, vendor_certificates.certificate_number AS vendor_certificates_certificate_number, vendor_certificates.issue_date AS vendor_certificates_issue_date, vendor_certificates.expiry_date AS vendor_certificates_expiry_date, vendor_certificates.status AS vendor_certificates_status, vendor_certificates.issuing_authority AS vendor_certificates_issuing_authority, vendor_certificates.certificate_url AS vendor_certificates_certificate_url, vendor_certificates.scope AS vendor_certificates_scope, vendor_certificates.notes AS vendor_certificates_notes, vendor_certificates.vendor_id AS vendor_certificates_vendor_id, vendor_certificates.created_at AS vendor_certificates_created_at, vendor_certificates.updated_at AS vendor_certificates_updated_at 
FROM vendor_certificates 
WHERE vendor_certificates.application_id IN ($1::INTEGER, $2::INTEGER, $3::INTEGER, $4::INTEGER, $5::INTEGER, $6::INTEGER, $7::INTEGER, $8::INTEGER, $9::INTEGER, $10::INTEGER, $11::INTEGER, $12::INTEGER, $13::INTEGER, $14::INTEGER, $15::INTEGER, $16::INTEGER, $17::INTEGER, $18::INTEGER, $19::INTEGER, $20::INTEGER, $21::INTEGER, $22::INTEGER, $23::INTEGER, $24::INTEGER, $25::INTEGER, $26::INTEGER, $27::INTEGER)
2025-12-31 19:20:43,672 INFO sqlalchemy.engine.Engine [cached since 0.01341s ago] (1, 2, 3, 4, 5, 6, 7, 8, 9, 10, 11, 12, 13, 14, 15, 16, 17, 18, 19, 20, 21, 22, 23, 24, 25, 26, 27)
2025-12-31 19:20:43,675 INFO sqlalchemy.engine.Engine COMMIT
2025-12-31 19:20:43,676 INFO sqlalchemy.engine.Engine COMMIT
2025-12-31 19:20:43,676 INFO sqlalchemy.engine.Engine SELECT vendor_certificates.application_id AS vendor_certificates_application_id, vendor_certificates.id AS vendor_certificates_id, vendor_certificates.certificate_type AS vendor_certificates_certificate_type, vendor_certificates.certificate_number AS vendor_certificates_certificate_number, vendor_certificates.issue_date AS vendor_certificates_issue_date, vendor_certificates.expiry_date AS vendor_certificates_expiry_date, vendor_certificates.status AS vendor_certificates_status, vendor_certificates.issuing_authority AS vendor_certificates_issuing_authority, vendor_certificates.certificate_url AS vendor_certificates_certificate_url, vendor_certificates.scope AS vendor_certificates_scope, vendor_certificates.notes AS vendor_certificates_notes, vendor_certificates.vendor_id AS vendor_certificates_vendor_id, vendor_certificates.created_at AS vendor_certificates_created_at, vendor_certificates.updated_at AS vendor_certificates_updated_at 
FROM vendor_certificates 
WHERE vendor_certificates.application_id IN ($1::INTEGER, $2::INTEGER, $3::INTEGER, $4::INTEGER, $5::INTEGER, $6::INTEGER, $7::INTEGER, $8::INTEGER, $9::INTEGER, $10::INTEGER, $11::INTEGER, $12::INTEGER, $13::INTEGER, $14::INTEGER, $15::INTEGER, $16::INTEGER, $17::INTEGER, $18::INTEGER, $19::INTEGER, $20::INTEGER, $21::INTEGER, $22::INTEGER, $23::INTEGER, $24::INTEGER, $25::INTEGER, $26::INTEGER, $27::INTEGER)
2025-12-31 19:20:43,677 INFO sqlalchemy.engine.Engine [cached since 0.01779s ago] (1, 2, 3, 4, 5, 6, 7, 8, 9, 10, 11, 12, 13, 14, 15, 16, 17, 18, 19, 20, 21, 22, 23, 24, 25, 26, 27)
2025-12-31 19:20:43 - app.main - INFO - ⚡ Completed in 0.0121s - Status: 200
INFO:     127.0.0.1:60160 - "GET /api/v1/audit/top-vendors?limit=5 HTTP/1.1" 200 OK
2025-12-31 19:20:43 - app.main - INFO - ⚡ Completed in 0.0127s - Status: 200
INFO:     127.0.0.1:60164 - "GET /api/v1/audit/pcidss-compliance HTTP/1.1" 200 OK
2025-12-31 19:20:43,679 INFO sqlalchemy.engine.Engine COMMIT
2025-12-31 19:20:43 - app.main - INFO - ⚡ Completed in 0.0169s - Status: 200
INFO:     127.0.0.1:60165 - "GET /api/v1/audit/iso27001-compliance HTTP/1.1" 200 OK
2025-12-31 19:20:51 - app.main - INFO - 📨 GET http://localhost:8000/api/v1/yourboard/yourboard-metrics
2025-12-31 19:20:51 - app.main - INFO - 📨 GET http://localhost:8000/api/v1/intelligence/weekly
2025-12-31 19:20:51,858 INFO sqlalchemy.engine.Engine BEGIN (implicit)
2025-12-31 19:20:51,859 INFO sqlalchemy.engine.Engine SELECT count(applications.id) AS count_1 
FROM applications 
WHERE EXTRACT(month FROM applications.created_at) = $1::INTEGER AND EXTRACT(year FROM applications.created_at) = $2::INTEGER
2025-12-31 19:20:51,859 INFO sqlalchemy.engine.Engine [generated in 0.00014s] (12, 2025)
2025-12-31 19:20:51,862 INFO sqlalchemy.engine.Engine SELECT count(applications.id) AS count_1 
FROM applications 
WHERE EXTRACT(month FROM applications.created_at) = $1::INTEGER AND EXTRACT(year FROM applications.created_at) = $2::INTEGER
2025-12-31 19:20:51,862 INFO sqlalchemy.engine.Engine [cached since 0.002966s ago] (11, 2025)
2025-12-31 19:20:51,863 INFO sqlalchemy.engine.Engine SELECT count(applications.id) AS count_1 
FROM applications
2025-12-31 19:20:51,863 INFO sqlalchemy.engine.Engine [generated in 0.00005s] ()
2025-12-31 19:20:51,864 INFO sqlalchemy.engine.Engine SELECT count(vulnerabilities.id) AS count_1 
FROM vulnerabilities 
WHERE EXTRACT(month FROM vulnerabilities.created_at) = $1::INTEGER AND EXTRACT(year FROM vulnerabilities.created_at) = $2::INTEGER
2025-12-31 19:20:51,864 INFO sqlalchemy.engine.Engine [generated in 0.00008s] (12, 2025)
2025-12-31 19:20:51,866 INFO sqlalchemy.engine.Engine SELECT count(vulnerabilities.id) AS count_1 
FROM vulnerabilities 
WHERE EXTRACT(month FROM vulnerabilities.created_at) = $1::INTEGER AND EXTRACT(year FROM vulnerabilities.created_at) = $2::INTEGER
2025-12-31 19:20:51,866 INFO sqlalchemy.engine.Engine [cached since 0.002845s ago] (11, 2025)
2025-12-31 19:20:51,867 INFO sqlalchemy.engine.Engine SELECT count(vulnerabilities.id) AS count_1 
FROM vulnerabilities
2025-12-31 19:20:51,867 INFO sqlalchemy.engine.Engine [generated in 0.00004s] ()
2025-12-31 19:20:51,868 INFO sqlalchemy.engine.Engine SELECT vendors.id, vendors.name, vendors.description, vendors.category, vendors.contact_email, vendors.contact_phone, vendors.website, vendors.risk_level, vendors.last_risk_assessment, vendors.next_risk_assessment, vendors.contract_start_date, vendors.contract_end_date, vendors.contract_value, vendors.compliance_status, vendors.compliance_rate, vendors.compliant_controls, vendors.non_compliant_controls, vendors.last_compliance_check, vendors.organization_id, vendors.created_at, vendors.updated_at 
FROM vendors
2025-12-31 19:20:51,868 INFO sqlalchemy.engine.Engine [cached since 8.266s ago] ()
2025-12-31 19:20:51,878 INFO sqlalchemy.engine.Engine SELECT vendor_certificates.vendor_id AS vendor_certificates_vendor_id, vendor_certificates.id AS vendor_certificates_id, vendor_certificates.certificate_type AS vendor_certificates_certificate_type, vendor_certificates.certificate_number AS vendor_certificates_certificate_number, vendor_certificates.issue_date AS vendor_certificates_issue_date, vendor_certificates.expiry_date AS vendor_certificates_expiry_date, vendor_certificates.status AS vendor_certificates_status, vendor_certificates.issuing_authority AS vendor_certificates_issuing_authority, vendor_certificates.certificate_url AS vendor_certificates_certificate_url, vendor_certificates.scope AS vendor_certificates_scope, vendor_certificates.notes AS vendor_certificates_notes, vendor_certificates.application_id AS vendor_certificates_application_id, vendor_certificates.created_at AS vendor_certificates_created_at, vendor_certificates.updated_at AS vendor_certificates_updated_at 
FROM vendor_certificates 
WHERE vendor_certificates.vendor_id IN ($1::INTEGER, $2::INTEGER, $3::INTEGER, $4::INTEGER, $5::INTEGER, $6::INTEGER, $7::INTEGER, $8::INTEGER, $9::INTEGER, $10::INTEGER, $11::INTEGER, $12::INTEGER, $13::INTEGER, $14::INTEGER, $15::INTEGER, $16::INTEGER, $17::INTEGER, $18::INTEGER, $19::INTEGER, $20::INTEGER, $21::INTEGER, $22::INTEGER, $23::INTEGER, $24::INTEGER, $25::INTEGER, $26::INTEGER, $27::INTEGER, $28::INTEGER, $29::INTEGER, $30::INTEGER, $31::INTEGER, $32::INTEGER)
2025-12-31 19:20:51,878 INFO sqlalchemy.engine.Engine [cached since 8.26s ago] (26, 27, 8, 7, 10, 11, 16, 17, 18, 19, 20, 21, 22, 23, 24, 25, 1, 2, 3, 4, 5, 6, 9, 12, 13, 14, 15, 28, 29, 30, 31, 32)
2025-12-31 19:20:51,880 INFO sqlalchemy.engine.Engine SELECT count(exceptions.id) AS count_1 
FROM exceptions 
WHERE EXTRACT(month FROM exceptions.created_at) = $1::INTEGER AND EXTRACT(year FROM exceptions.created_at) = $2::INTEGER
2025-12-31 19:20:51,880 INFO sqlalchemy.engine.Engine [generated in 0.00009s] (12, 2025)
2025-12-31 19:20:51,884 INFO sqlalchemy.engine.Engine SELECT count(exceptions.id) AS count_1 
FROM exceptions 
WHERE EXTRACT(month FROM exceptions.created_at) = $1::INTEGER AND EXTRACT(year FROM exceptions.created_at) = $2::INTEGER
2025-12-31 19:20:51,884 INFO sqlalchemy.engine.Engine [cached since 0.004746s ago] (11, 2025)
2025-12-31 19:20:51,885 INFO sqlalchemy.engine.Engine SELECT count(exceptions.id) AS count_1 
FROM exceptions
2025-12-31 19:20:51,885 INFO sqlalchemy.engine.Engine [generated in 0.00005s] ()
2025-12-31 19:20:51,886 INFO sqlalchemy.engine.Engine COMMIT
2025-12-31 19:20:51 - app.main - INFO - ⚡ Completed in 0.0714s - Status: 200
INFO:     127.0.0.1:60206 - "GET /api/v1/yourboard/yourboard-metrics HTTP/1.1" 200 OK
2025-12-31 19:20:51 - app.main - INFO - 📨 GET http://localhost:8000/api/v1/yourboard/yourboard-metrics
2025-12-31 19:20:51,889 INFO sqlalchemy.engine.Engine BEGIN (implicit)
2025-12-31 19:20:51,889 INFO sqlalchemy.engine.Engine SELECT count(applications.id) AS count_1 
FROM applications 
WHERE EXTRACT(month FROM applications.created_at) = $1::INTEGER AND EXTRACT(year FROM applications.created_at) = $2::INTEGER
2025-12-31 19:20:51,889 INFO sqlalchemy.engine.Engine [cached since 0.02993s ago] (12, 2025)
2025-12-31 19:20:51,891 INFO sqlalchemy.engine.Engine SELECT count(applications.id) AS count_1 
FROM applications 
WHERE EXTRACT(month FROM applications.created_at) = $1::INTEGER AND EXTRACT(year FROM applications.created_at) = $2::INTEGER
2025-12-31 19:20:51,891 INFO sqlalchemy.engine.Engine [cached since 0.03135s ago] (11, 2025)
2025-12-31 19:20:51,891 INFO sqlalchemy.engine.Engine SELECT count(applications.id) AS count_1 
FROM applications
2025-12-31 19:20:51,891 INFO sqlalchemy.engine.Engine [cached since 0.02825s ago] ()
2025-12-31 19:20:51,891 INFO sqlalchemy.engine.Engine SELECT count(vulnerabilities.id) AS count_1 
FROM vulnerabilities 
WHERE EXTRACT(month FROM vulnerabilities.created_at) = $1::INTEGER AND EXTRACT(year FROM vulnerabilities.created_at) = $2::INTEGER
2025-12-31 19:20:51,891 INFO sqlalchemy.engine.Engine [cached since 0.02787s ago] (12, 2025)
2025-12-31 19:20:51,893 INFO sqlalchemy.engine.Engine SELECT count(vulnerabilities.id) AS count_1 
FROM vulnerabilities 
WHERE EXTRACT(month FROM vulnerabilities.created_at) = $1::INTEGER AND EXTRACT(year FROM vulnerabilities.created_at) = $2::INTEGER
2025-12-31 19:20:51,893 INFO sqlalchemy.engine.Engine [cached since 0.02971s ago] (11, 2025)
2025-12-31 19:20:51,894 INFO sqlalchemy.engine.Engine SELECT count(vulnerabilities.id) AS count_1 
FROM vulnerabilities
2025-12-31 19:20:51,894 INFO sqlalchemy.engine.Engine [cached since 0.02689s ago] ()
2025-12-31 19:20:51,895 INFO sqlalchemy.engine.Engine SELECT vendors.id, vendors.name, vendors.description, vendors.category, vendors.contact_email, vendors.contact_phone, vendors.website, vendors.risk_level, vendors.last_risk_assessment, vendors.next_risk_assessment, vendors.contract_start_date, vendors.contract_end_date, vendors.contract_value, vendors.compliance_status, vendors.compliance_rate, vendors.compliant_controls, vendors.non_compliant_controls, vendors.last_compliance_check, vendors.organization_id, vendors.created_at, vendors.updated_at 
FROM vendors
2025-12-31 19:20:51,895 INFO sqlalchemy.engine.Engine [cached since 8.293s ago] ()
2025-12-31 19:20:51,897 INFO sqlalchemy.engine.Engine SELECT vendor_certificates.vendor_id AS vendor_certificates_vendor_id, vendor_certificates.id AS vendor_certificates_id, vendor_certificates.certificate_type AS vendor_certificates_certificate_type, vendor_certificates.certificate_number AS vendor_certificates_certificate_number, vendor_certificates.issue_date AS vendor_certificates_issue_date, vendor_certificates.expiry_date AS vendor_certificates_expiry_date, vendor_certificates.status AS vendor_certificates_status, vendor_certificates.issuing_authority AS vendor_certificates_issuing_authority, vendor_certificates.certificate_url AS vendor_certificates_certificate_url, vendor_certificates.scope AS vendor_certificates_scope, vendor_certificates.notes AS vendor_certificates_notes, vendor_certificates.application_id AS vendor_certificates_application_id, vendor_certificates.created_at AS vendor_certificates_created_at, vendor_certificates.updated_at AS vendor_certificates_updated_at 
FROM vendor_certificates 
WHERE vendor_certificates.vendor_id IN ($1::INTEGER, $2::INTEGER, $3::INTEGER, $4::INTEGER, $5::INTEGER, $6::INTEGER, $7::INTEGER, $8::INTEGER, $9::INTEGER, $10::INTEGER, $11::INTEGER, $12::INTEGER, $13::INTEGER, $14::INTEGER, $15::INTEGER, $16::INTEGER, $17::INTEGER, $18::INTEGER, $19::INTEGER, $20::INTEGER, $21::INTEGER, $22::INTEGER, $23::INTEGER, $24::INTEGER, $25::INTEGER, $26::INTEGER, $27::INTEGER, $28::INTEGER, $29::INTEGER, $30::INTEGER, $31::INTEGER, $32::INTEGER)
2025-12-31 19:20:51,897 INFO sqlalchemy.engine.Engine [cached since 8.279s ago] (26, 27, 8, 7, 10, 11, 16, 17, 18, 19, 20, 21, 22, 23, 24, 25, 1, 2, 3, 4, 5, 6, 9, 12, 13, 14, 15, 28, 29, 30, 31, 32)
2025-12-31 19:20:51,898 INFO sqlalchemy.engine.Engine SELECT count(exceptions.id) AS count_1 
FROM exceptions 
WHERE EXTRACT(month FROM exceptions.created_at) = $1::INTEGER AND EXTRACT(year FROM exceptions.created_at) = $2::INTEGER
2025-12-31 19:20:51,898 INFO sqlalchemy.engine.Engine [cached since 0.01834s ago] (12, 2025)
2025-12-31 19:20:51,899 INFO sqlalchemy.engine.Engine SELECT count(exceptions.id) AS count_1 
FROM exceptions 
WHERE EXTRACT(month FROM exceptions.created_at) = $1::INTEGER AND EXTRACT(year FROM exceptions.created_at) = $2::INTEGER
2025-12-31 19:20:51,899 INFO sqlalchemy.engine.Engine [cached since 0.01959s ago] (11, 2025)
2025-12-31 19:20:51,899 INFO sqlalchemy.engine.Engine SELECT count(exceptions.id) AS count_1 
FROM exceptions
2025-12-31 19:20:51,899 INFO sqlalchemy.engine.Engine [cached since 0.0145s ago] ()
2025-12-31 19:20:51,900 INFO sqlalchemy.engine.Engine COMMIT
2025-12-31 19:20:51 - app.main - INFO - ⚡ Completed in 0.0126s - Status: 200
INFO:     127.0.0.1:60206 - "GET /api/v1/yourboard/yourboard-metrics HTTP/1.1" 200 OK
2025-12-31 19:20:51 - app.main - INFO - 📨 GET http://localhost:8000/api/v1/activities?page=1&size=20&days=7
2025-12-31 19:20:51,988 INFO sqlalchemy.engine.Engine BEGIN (implicit)
2025-12-31 19:20:51,988 INFO sqlalchemy.engine.Engine SELECT count(*) AS count_1 
FROM activity_logs 
WHERE activity_logs.created_at >= $1::TIMESTAMP WITH TIME ZONE AND activity_logs.status = $2::VARCHAR
2025-12-31 19:20:51,989 INFO sqlalchemy.engine.Engine [generated in 0.00023s] (datetime.datetime(2025, 12, 24, 13, 50, 51, 986856), 'active')
2025-12-31 19:20:51,993 INFO sqlalchemy.engine.Engine SELECT activity_logs.id, activity_logs.activity_type, activity_logs.priority, activity_logs.title, activity_logs.description, activity_logs.user_id, activity_logs.user_name, activity_logs.entity_type, activity_logs.entity_id, activity_logs.entity_name, activity_logs.extra_data, activity_logs.tags, activity_logs.status, activity_logs.is_read, activity_logs.created_at, activity_logs.updated_at 
FROM activity_logs 
WHERE activity_logs.created_at >= $1::TIMESTAMP WITH TIME ZONE AND activity_logs.status = $2::VARCHAR ORDER BY activity_logs.created_at DESC 
 LIMIT $3::INTEGER OFFSET $4::INTEGER
2025-12-31 19:20:51,994 INFO sqlalchemy.engine.Engine [generated in 0.00031s] (datetime.datetime(2025, 12, 24, 13, 50, 51, 986856), 'active', 20, 0)
2025-12-31 19:20:52,000 INFO sqlalchemy.engine.Engine COMMIT
2025-12-31 19:20:52 - app.main - INFO - ⚡ Completed in 0.0172s - Status: 200
INFO:     127.0.0.1:60206 - "GET /api/v1/activities?page=1&size=20&days=7 HTTP/1.1" 200 OK
2025-12-31 19:20:52 - app.main - INFO - 📨 GET http://localhost:8000/api/v1/activities?page=1&size=20&days=7
2025-12-31 19:20:52,004 INFO sqlalchemy.engine.Engine BEGIN (implicit)
2025-12-31 19:20:52,004 INFO sqlalchemy.engine.Engine SELECT count(*) AS count_1 
FROM activity_logs 
WHERE activity_logs.created_at >= $1::TIMESTAMP WITH TIME ZONE AND activity_logs.status = $2::VARCHAR
2025-12-31 19:20:52,004 INFO sqlalchemy.engine.Engine [cached since 0.01595s ago] (datetime.datetime(2025, 12, 24, 13, 50, 52, 3975), 'active')
2025-12-31 19:20:52,007 INFO sqlalchemy.engine.Engine SELECT activity_logs.id, activity_logs.activity_type, activity_logs.priority, activity_logs.title, activity_logs.description, activity_logs.user_id, activity_logs.user_name, activity_logs.entity_type, activity_logs.entity_id, activity_logs.entity_name, activity_logs.extra_data, activity_logs.tags, activity_logs.status, activity_logs.is_read, activity_logs.created_at, activity_logs.updated_at 
FROM activity_logs 
WHERE activity_logs.created_at >= $1::TIMESTAMP WITH TIME ZONE AND activity_logs.status = $2::VARCHAR ORDER BY activity_logs.created_at DESC 
 LIMIT $3::INTEGER OFFSET $4::INTEGER
2025-12-31 19:20:52,007 INFO sqlalchemy.engine.Engine [cached since 0.01382s ago] (datetime.datetime(2025, 12, 24, 13, 50, 52, 3975), 'active', 20, 0)
2025-12-31 19:20:52,009 INFO sqlalchemy.engine.Engine COMMIT
2025-12-31 19:20:52 - app.main - INFO - ⚡ Completed in 0.0066s - Status: 200
INFO:     127.0.0.1:60206 - "GET /api/v1/activities?page=1&size=20&days=7 HTTP/1.1" 200 OK
2025-12-31 19:20:53 - app.main - INFO - ⚡ Completed in 1.5434s - Status: 200
INFO:     127.0.0.1:60208 - "GET /api/v1/intelligence/weekly HTTP/1.1" 200 OK
2025-12-31 19:20:53 - app.main - INFO - 📨 GET http://localhost:8000/api/v1/intelligence/weekly
2025-12-31 19:20:54 - app.main - INFO - ⚡ Completed in 1.1219s - Status: 200
INFO:     127.0.0.1:60208 - "GET /api/v1/intelligence/weekly HTTP/1.1" 200 OK
2025-12-31 19:21:16 - app.main - INFO - 📨 OPTIONS http://localhost:8000/api/v1/dashboard/data
2025-12-31 19:21:16 - app.main - INFO - 📨 OPTIONS http://localhost:8000/api/v1/dashboard/data
2025-12-31 19:21:16 - app.main - INFO - ⚡ Completed in 0.0108s - Status: 200
INFO:     127.0.0.1:60325 - "OPTIONS /api/v1/dashboard/data HTTP/1.1" 200 OK
2025-12-31 19:21:16 - app.main - INFO - ⚡ Completed in 0.0076s - Status: 200
INFO:     127.0.0.1:60326 - "OPTIONS /api/v1/dashboard/data HTTP/1.1" 200 OK
2025-12-31 19:21:16 - app.main - INFO - 📨 GET http://localhost:8000/api/v1/dashboard/data
2025-12-31 19:21:16,703 INFO sqlalchemy.engine.Engine BEGIN (implicit)
2025-12-31 19:21:16,707 INFO sqlalchemy.engine.Engine SELECT applications.id, applications.name, applications.description, applications.application_type, applications.version, applications.url, applications.risk_level, applications.business_criticality, applications.data_classification, applications.owner, applications.vendor_name, applications.owner_id, applications.organization_id, applications.technology_stack, applications.environment, applications.hosting_type, applications.compliance_requirements, applications.last_security_review, applications.next_security_review, applications.created_at, applications.updated_at 
FROM applications
2025-12-31 19:21:16,707 INFO sqlalchemy.engine.Engine [generated in 0.00066s] ()
2025-12-31 19:21:16,725 INFO sqlalchemy.engine.Engine SELECT vulnerabilities.id, vulnerabilities.title, vulnerabilities.description, vulnerabilities.cve_id, vulnerabilities.severity, vulnerabilities.status, vulnerabilities.discovered_date, vulnerabilities.source, vulnerabilities.cvss_score, vulnerabilities.cvss_vector, vulnerabilities.exploit_available, vulnerabilities.remediation_plan, vulnerabilities.remediation_deadline, vulnerabilities.remediation_completed, vulnerabilities.remarks, vulnerabilities.poc_file_path, vulnerabilities.application_id, vulnerabilities.vendor_id, vulnerabilities.assigned_to_id, vulnerabilities.created_at, vulnerabilities.updated_at 
FROM vulnerabilities
2025-12-31 19:21:16,725 INFO sqlalchemy.engine.Engine [generated in 0.00042s] ()
2025-12-31 19:21:16,739 INFO sqlalchemy.engine.Engine COMMIT
2025-12-31 19:21:16 - app.main - INFO - ⚡ Completed in 0.0448s - Status: 200
INFO:     127.0.0.1:60325 - "GET /api/v1/dashboard/data HTTP/1.1" 200 OK
2025-12-31 19:21:16 - app.main - INFO - 📨 GET http://localhost:8000/api/v1/dashboard/data
2025-12-31 19:21:16,743 INFO sqlalchemy.engine.Engine BEGIN (implicit)
2025-12-31 19:21:16,743 INFO sqlalchemy.engine.Engine SELECT applications.id, applications.name, applications.description, applications.application_type, applications.version, applications.url, applications.risk_level, applications.business_criticality, applications.data_classification, applications.owner, applications.vendor_name, applications.owner_id, applications.organization_id, applications.technology_stack, applications.environment, applications.hosting_type, applications.compliance_requirements, applications.last_security_review, applications.next_security_review, applications.created_at, applications.updated_at 
FROM applications
2025-12-31 19:21:16,743 INFO sqlalchemy.engine.Engine [cached since 0.03687s ago] ()
2025-12-31 19:21:16,743 INFO sqlalchemy.engine.Engine SELECT vulnerabilities.id, vulnerabilities.title, vulnerabilities.description, vulnerabilities.cve_id, vulnerabilities.severity, vulnerabilities.status, vulnerabilities.discovered_date, vulnerabilities.source, vulnerabilities.cvss_score, vulnerabilities.cvss_vector, vulnerabilities.exploit_available, vulnerabilities.remediation_plan, vulnerabilities.remediation_deadline, vulnerabilities.remediation_completed, vulnerabilities.remarks, vulnerabilities.poc_file_path, vulnerabilities.application_id, vulnerabilities.vendor_id, vulnerabilities.assigned_to_id, vulnerabilities.created_at, vulnerabilities.updated_at 
FROM vulnerabilities
2025-12-31 19:21:16,743 INFO sqlalchemy.engine.Engine [cached since 0.01899s ago] ()
2025-12-31 19:21:16,751 INFO sqlalchemy.engine.Engine COMMIT
2025-12-31 19:21:16 - app.main - INFO - ⚡ Completed in 0.0104s - Status: 200
INFO:     127.0.0.1:60325 - "GET /api/v1/dashboard/data HTTP/1.1" 200 OK
2025-12-31 19:21:22 - app.main - INFO - 📨 OPTIONS http://localhost:8000/api/v1/vulnerabilities/?page=1&size=100
2025-12-31 19:21:22 - app.main - INFO - 📨 OPTIONS http://localhost:8000/api/v1/vulnerabilities/statistics
2025-12-31 19:21:22 - app.main - INFO - 📨 OPTIONS http://localhost:8000/api/v1/vulnerabilities/?page=1&size=100
2025-12-31 19:21:22 - app.main - INFO - 📨 OPTIONS http://localhost:8000/api/v1/vulnerabilities/statistics
2025-12-31 19:21:22 - app.main - INFO - ⚡ Completed in 0.0020s - Status: 200
INFO:     127.0.0.1:60358 - "OPTIONS /api/v1/vulnerabilities/?page=1&size=100 HTTP/1.1" 200 OK
2025-12-31 19:21:22 - app.main - INFO - ⚡ Completed in 0.0011s - Status: 200
INFO:     127.0.0.1:60360 - "OPTIONS /api/v1/vulnerabilities/statistics HTTP/1.1" 200 OK
2025-12-31 19:21:22 - app.main - INFO - ⚡ Completed in 0.0010s - Status: 200
INFO:     127.0.0.1:60361 - "OPTIONS /api/v1/vulnerabilities/?page=1&size=100 HTTP/1.1" 200 OK
2025-12-31 19:21:22 - app.main - INFO - ⚡ Completed in 0.0010s - Status: 200
INFO:     127.0.0.1:60362 - "OPTIONS /api/v1/vulnerabilities/statistics HTTP/1.1" 200 OK
2025-12-31 19:21:22 - app.main - INFO - 📨 GET http://localhost:8000/api/v1/vulnerabilities/?page=1&size=100
2025-12-31 19:21:22 - app.main - INFO - 📨 GET http://localhost:8000/api/v1/vulnerabilities/statistics
2025-12-31 19:21:22,644 INFO sqlalchemy.engine.Engine BEGIN (implicit)
2025-12-31 19:21:22,645 INFO sqlalchemy.engine.Engine SELECT count(*) AS count_1 
FROM vulnerabilities
2025-12-31 19:21:22,645 INFO sqlalchemy.engine.Engine [generated in 0.00013s] ()
2025-12-31 19:21:22,645 INFO sqlalchemy.engine.Engine BEGIN (implicit)
2025-12-31 19:21:22,645 INFO sqlalchemy.engine.Engine SELECT count(*) AS count_1 
FROM vulnerabilities
2025-12-31 19:21:22,646 INFO sqlalchemy.engine.Engine [cached since 0.0008123s ago] ()
2025-12-31 19:21:22,657 INFO sqlalchemy.engine.Engine SELECT vulnerabilities.id, vulnerabilities.title, vulnerabilities.description, vulnerabilities.cve_id, vulnerabilities.severity, vulnerabilities.status, vulnerabilities.discovered_date, vulnerabilities.source, vulnerabilities.cvss_score, vulnerabilities.cvss_vector, vulnerabilities.exploit_available, vulnerabilities.remediation_plan, vulnerabilities.remediation_deadline, vulnerabilities.remediation_completed, vulnerabilities.remarks, vulnerabilities.poc_file_path, vulnerabilities.application_id, vulnerabilities.vendor_id, vulnerabilities.assigned_to_id, vulnerabilities.created_at, vulnerabilities.updated_at 
FROM vulnerabilities ORDER BY vulnerabilities.discovered_date DESC 
 LIMIT $1::INTEGER OFFSET $2::INTEGER
2025-12-31 19:21:22,657 INFO sqlalchemy.engine.Engine [generated in 0.00045s] (100, 0)
2025-12-31 19:21:22,658 INFO sqlalchemy.engine.Engine SELECT count(*) AS count_1 
FROM vulnerabilities 
WHERE vulnerabilities.status = $1::vulnerabilitystatus
2025-12-31 19:21:22,663 INFO sqlalchemy.engine.Engine [generated in 0.00452s] ('OPEN',)
2025-12-31 19:21:22,677 INFO sqlalchemy.engine.Engine SELECT applications.id AS applications_id, applications.name AS applications_name, applications.description AS applications_description, applications.application_type AS applications_application_type, applications.version AS applications_version, applications.url AS applications_url, applications.risk_level AS applications_risk_level, applications.business_criticality AS applications_business_criticality, applications.data_classification AS applications_data_classification, applications.owner AS applications_owner, applications.vendor_name AS applications_vendor_name, applications.owner_id AS applications_owner_id, applications.organization_id AS applications_organization_id, applications.technology_stack AS applications_technology_stack, applications.environment AS applications_environment, applications.hosting_type AS applications_hosting_type, applications.compliance_requirements AS applications_compliance_requirements, applications.last_security_review AS applications_last_security_review, applications.next_security_review AS applications_next_security_review, applications.created_at AS applications_created_at, applications.updated_at AS applications_updated_at 
FROM applications 
WHERE applications.id IN ($1::INTEGER, $2::INTEGER, $3::INTEGER, $4::INTEGER, $5::INTEGER, $6::INTEGER, $7::INTEGER, $8::INTEGER)
2025-12-31 19:21:22,677 INFO sqlalchemy.engine.Engine [generated in 0.00016s] (1, 2, 9, 13, 14, 15, 16, 17)
2025-12-31 19:21:22,678 INFO sqlalchemy.engine.Engine COMMIT
2025-12-31 19:21:22,679 INFO sqlalchemy.engine.Engine SELECT count(*) AS count_1 
FROM vulnerabilities 
WHERE vulnerabilities.status = $1::vulnerabilitystatus
2025-12-31 19:21:22,679 INFO sqlalchemy.engine.Engine [cached since 0.02045s ago] ('CLOSED',)
2025-12-31 19:21:22,679 INFO sqlalchemy.engine.Engine SELECT count(*) AS count_1 
FROM vulnerabilities 
WHERE vulnerabilities.status = $1::vulnerabilitystatus
2025-12-31 19:21:22,679 INFO sqlalchemy.engine.Engine [cached since 0.02097s ago] ('IN_PROGRESS',)
2025-12-31 19:21:22,680 INFO sqlalchemy.engine.Engine SELECT vulnerabilities.severity, count(vulnerabilities.id) AS count 
FROM vulnerabilities GROUP BY vulnerabilities.severity
2025-12-31 19:21:22,680 INFO sqlalchemy.engine.Engine [generated in 0.00005s] ()
2025-12-31 19:21:22 - app.main - INFO - ⚡ Completed in 0.0392s - Status: 200
INFO:     127.0.0.1:60358 - "GET /api/v1/vulnerabilities/?page=1&size=100 HTTP/1.1" 200 OK
2025-12-31 19:21:22,682 INFO sqlalchemy.engine.Engine SELECT applications.name, count(vulnerabilities.id) AS count 
FROM applications JOIN vulnerabilities ON applications.id = vulnerabilities.application_id GROUP BY applications.name
2025-12-31 19:21:22,682 INFO sqlalchemy.engine.Engine [generated in 0.00012s] ()
2025-12-31 19:21:22 - app.main - INFO - 📨 GET http://localhost:8000/api/v1/vulnerabilities/?page=1&size=100
2025-12-31 19:21:22,683 INFO sqlalchemy.engine.Engine BEGIN (implicit)
2025-12-31 19:21:22,683 INFO sqlalchemy.engine.Engine SELECT count(*) AS count_1 
FROM vulnerabilities
2025-12-31 19:21:22,683 INFO sqlalchemy.engine.Engine [cached since 0.0384s ago] ()
2025-12-31 19:21:22,684 INFO sqlalchemy.engine.Engine SELECT vulnerabilities.id, vulnerabilities.title, vulnerabilities.description, vulnerabilities.cve_id, vulnerabilities.severity, vulnerabilities.status, vulnerabilities.discovered_date, vulnerabilities.source, vulnerabilities.cvss_score, vulnerabilities.cvss_vector, vulnerabilities.exploit_available, vulnerabilities.remediation_plan, vulnerabilities.remediation_deadline, vulnerabilities.remediation_completed, vulnerabilities.remarks, vulnerabilities.poc_file_path, vulnerabilities.application_id, vulnerabilities.vendor_id, vulnerabilities.assigned_to_id, vulnerabilities.created_at, vulnerabilities.updated_at 
FROM vulnerabilities ORDER BY vulnerabilities.discovered_date DESC 
 LIMIT $1::INTEGER OFFSET $2::INTEGER
2025-12-31 19:21:22,684 INFO sqlalchemy.engine.Engine [cached since 0.02702s ago] (100, 0)
2025-12-31 19:21:22,685 INFO sqlalchemy.engine.Engine COMMIT
2025-12-31 19:21:22 - app.main - INFO - ⚡ Completed in 0.0421s - Status: 200
INFO:     127.0.0.1:60361 - "GET /api/v1/vulnerabilities/statistics HTTP/1.1" 200 OK
2025-12-31 19:21:22,686 INFO sqlalchemy.engine.Engine SELECT applications.id AS applications_id, applications.name AS applications_name, applications.description AS applications_description, applications.application_type AS applications_application_type, applications.version AS applications_version, applications.url AS applications_url, applications.risk_level AS applications_risk_level, applications.business_criticality AS applications_business_criticality, applications.data_classification AS applications_data_classification, applications.owner AS applications_owner, applications.vendor_name AS applications_vendor_name, applications.owner_id AS applications_owner_id, applications.organization_id AS applications_organization_id, applications.technology_stack AS applications_technology_stack, applications.environment AS applications_environment, applications.hosting_type AS applications_hosting_type, applications.compliance_requirements AS applications_compliance_requirements, applications.last_security_review AS applications_last_security_review, applications.next_security_review AS applications_next_security_review, applications.created_at AS applications_created_at, applications.updated_at AS applications_updated_at 
FROM applications 
WHERE applications.id IN ($1::INTEGER, $2::INTEGER, $3::INTEGER, $4::INTEGER, $5::INTEGER, $6::INTEGER, $7::INTEGER, $8::INTEGER)
2025-12-31 19:21:22,686 INFO sqlalchemy.engine.Engine [cached since 0.008941s ago] (1, 2, 9, 13, 14, 15, 16, 17)
2025-12-31 19:21:22 - app.main - INFO - 📨 GET http://localhost:8000/api/v1/vulnerabilities/statistics
2025-12-31 19:21:22,687 INFO sqlalchemy.engine.Engine COMMIT
2025-12-31 19:21:22,687 INFO sqlalchemy.engine.Engine BEGIN (implicit)
2025-12-31 19:21:22,687 INFO sqlalchemy.engine.Engine SELECT count(*) AS count_1 
FROM vulnerabilities
2025-12-31 19:21:22,687 INFO sqlalchemy.engine.Engine [cached since 0.0426s ago] ()
2025-12-31 19:21:22 - app.main - INFO - ⚡ Completed in 0.0053s - Status: 200
INFO:     127.0.0.1:60358 - "GET /api/v1/vulnerabilities/?page=1&size=100 HTTP/1.1" 200 OK
2025-12-31 19:21:22,688 INFO sqlalchemy.engine.Engine SELECT count(*) AS count_1 
FROM vulnerabilities 
WHERE vulnerabilities.status = $1::vulnerabilitystatus
2025-12-31 19:21:22,688 INFO sqlalchemy.engine.Engine [cached since 0.03013s ago] ('OPEN',)
2025-12-31 19:21:22,689 INFO sqlalchemy.engine.Engine SELECT count(*) AS count_1 
FROM vulnerabilities 
WHERE vulnerabilities.status = $1::vulnerabilitystatus
2025-12-31 19:21:22,689 INFO sqlalchemy.engine.Engine [cached since 0.03085s ago] ('CLOSED',)
2025-12-31 19:21:22,689 INFO sqlalchemy.engine.Engine SELECT count(*) AS count_1 
FROM vulnerabilities 
WHERE vulnerabilities.status = $1::vulnerabilitystatus
2025-12-31 19:21:22,689 INFO sqlalchemy.engine.Engine [cached since 0.03129s ago] ('IN_PROGRESS',)
2025-12-31 19:21:22,690 INFO sqlalchemy.engine.Engine SELECT vulnerabilities.severity, count(vulnerabilities.id) AS count 
FROM vulnerabilities GROUP BY vulnerabilities.severity
2025-12-31 19:21:22,690 INFO sqlalchemy.engine.Engine [cached since 0.009933s ago] ()
2025-12-31 19:21:22,691 INFO sqlalchemy.engine.Engine SELECT applications.name, count(vulnerabilities.id) AS count 
FROM applications JOIN vulnerabilities ON applications.id = vulnerabilities.application_id GROUP BY applications.name
2025-12-31 19:21:22,691 INFO sqlalchemy.engine.Engine [cached since 0.008661s ago] ()
2025-12-31 19:21:22,691 INFO sqlalchemy.engine.Engine COMMIT
2025-12-31 19:21:22 - app.main - INFO - ⚡ Completed in 0.0057s - Status: 200
INFO:     127.0.0.1:60362 - "GET /api/v1/vulnerabilities/statistics HTTP/1.1" 200 OK
2025-12-31 19:21:26 - app.main - INFO - 📨 OPTIONS http://localhost:8000/api/v1/reminders/
2025-12-31 19:21:26 - app.main - INFO - 📨 OPTIONS http://localhost:8000/api/v1/reminders/
2025-12-31 19:21:26 - app.main - INFO - ⚡ Completed in 0.0007s - Status: 200
INFO:     127.0.0.1:60385 - "OPTIONS /api/v1/reminders/ HTTP/1.1" 200 OK
2025-12-31 19:21:26 - app.main - INFO - ⚡ Completed in 0.0007s - Status: 200
INFO:     127.0.0.1:60386 - "OPTIONS /api/v1/reminders/ HTTP/1.1" 200 OK
2025-12-31 19:21:26 - app.main - INFO - 📨 GET http://localhost:8000/api/v1/reminders/
2025-12-31 19:21:26,485 INFO sqlalchemy.engine.Engine BEGIN (implicit)
2025-12-31 19:21:26,487 INFO sqlalchemy.engine.Engine SELECT applications.id, applications.name, applications.description, applications.application_type, applications.version, applications.url, applications.risk_level, applications.business_criticality, applications.data_classification, applications.owner, applications.vendor_name, applications.owner_id, applications.organization_id, applications.technology_stack, applications.environment, applications.hosting_type, applications.compliance_requirements, applications.last_security_review, applications.next_security_review, applications.created_at, applications.updated_at 
FROM applications 
WHERE applications.owner_id IS NOT NULL
2025-12-31 19:21:26,487 INFO sqlalchemy.engine.Engine [generated in 0.00020s] ()
2025-12-31 19:21:26,489 INFO sqlalchemy.engine.Engine SELECT vulnerabilities.id, vulnerabilities.title, vulnerabilities.description, vulnerabilities.cve_id, vulnerabilities.severity, vulnerabilities.status, vulnerabilities.discovered_date, vulnerabilities.source, vulnerabilities.cvss_score, vulnerabilities.cvss_vector, vulnerabilities.exploit_available, vulnerabilities.remediation_plan, vulnerabilities.remediation_deadline, vulnerabilities.remediation_completed, vulnerabilities.remarks, vulnerabilities.poc_file_path, vulnerabilities.application_id, vulnerabilities.vendor_id, vulnerabilities.assigned_to_id, vulnerabilities.created_at, vulnerabilities.updated_at 
FROM vulnerabilities 
WHERE vulnerabilities.status = $1::vulnerabilitystatus
2025-12-31 19:21:26,489 INFO sqlalchemy.engine.Engine [generated in 0.00012s] ('OPEN',)
2025-12-31 19:21:26,491 INFO sqlalchemy.engine.Engine SELECT users.id, users.email, users.username, users.full_name, users.hashed_password, users.is_active, users.is_superuser, users.role, users.last_login, users.phone, users.department, users.profile_type, users.company, users.privilege_level, users.clearance_level, users.created_at, users.updated_at 
FROM users 
WHERE users.id IN ($1::INTEGER, $2::INTEGER, $3::INTEGER, $4::INTEGER, $5::INTEGER, $6::INTEGER, $7::INTEGER, $8::INTEGER, $9::INTEGER, $10::INTEGER, $11::INTEGER, $12::INTEGER, $13::INTEGER, $14::INTEGER)
2025-12-31 19:21:26,491 INFO sqlalchemy.engine.Engine [generated in 0.00016s] (2, 3, 3, 2, 2, 3, 2, 1, 3, 3, 3, 1, 2, 1)
2025-12-31 19:21:26,514 INFO sqlalchemy.engine.Engine COMMIT
2025-12-31 19:21:26 - app.main - INFO - ⚡ Completed in 0.0317s - Status: 200
INFO:     127.0.0.1:60385 - "GET /api/v1/reminders/ HTTP/1.1" 200 OK
2025-12-31 19:21:26 - app.main - INFO - 📨 GET http://localhost:8000/api/v1/reminders/
2025-12-31 19:21:26,517 INFO sqlalchemy.engine.Engine BEGIN (implicit)
2025-12-31 19:21:26,517 INFO sqlalchemy.engine.Engine SELECT applications.id, applications.name, applications.description, applications.application_type, applications.version, applications.url, applications.risk_level, applications.business_criticality, applications.data_classification, applications.owner, applications.vendor_name, applications.owner_id, applications.organization_id, applications.technology_stack, applications.environment, applications.hosting_type, applications.compliance_requirements, applications.last_security_review, applications.next_security_review, applications.created_at, applications.updated_at 
FROM applications 
WHERE applications.owner_id IS NOT NULL
2025-12-31 19:21:26,517 INFO sqlalchemy.engine.Engine [cached since 0.03049s ago] ()
2025-12-31 19:21:26,518 INFO sqlalchemy.engine.Engine SELECT vulnerabilities.id, vulnerabilities.title, vulnerabilities.description, vulnerabilities.cve_id, vulnerabilities.severity, vulnerabilities.status, vulnerabilities.discovered_date, vulnerabilities.source, vulnerabilities.cvss_score, vulnerabilities.cvss_vector, vulnerabilities.exploit_available, vulnerabilities.remediation_plan, vulnerabilities.remediation_deadline, vulnerabilities.remediation_completed, vulnerabilities.remarks, vulnerabilities.poc_file_path, vulnerabilities.application_id, vulnerabilities.vendor_id, vulnerabilities.assigned_to_id, vulnerabilities.created_at, vulnerabilities.updated_at 
FROM vulnerabilities 
WHERE vulnerabilities.status = $1::vulnerabilitystatus
2025-12-31 19:21:26,518 INFO sqlalchemy.engine.Engine [cached since 0.02846s ago] ('OPEN',)
2025-12-31 19:21:26,519 INFO sqlalchemy.engine.Engine SELECT users.id, users.email, users.username, users.full_name, users.hashed_password, users.is_active, users.is_superuser, users.role, users.last_login, users.phone, users.department, users.profile_type, users.company, users.privilege_level, users.clearance_level, users.created_at, users.updated_at 
FROM users 
WHERE users.id IN ($1::INTEGER, $2::INTEGER, $3::INTEGER, $4::INTEGER, $5::INTEGER, $6::INTEGER, $7::INTEGER, $8::INTEGER, $9::INTEGER, $10::INTEGER, $11::INTEGER, $12::INTEGER, $13::INTEGER, $14::INTEGER)
2025-12-31 19:21:26,519 INFO sqlalchemy.engine.Engine [cached since 0.02753s ago] (2, 3, 3, 2, 2, 3, 2, 1, 3, 3, 3, 1, 2, 1)
2025-12-31 19:21:26,520 INFO sqlalchemy.engine.Engine COMMIT
2025-12-31 19:21:26 - app.main - INFO - ⚡ Completed in 0.0043s - Status: 200
INFO:     127.0.0.1:60386 - "GET /api/v1/reminders/ HTTP/1.1" 200 OK
2025-12-31 19:21:29 - app.main - INFO - 📨 OPTIONS http://localhost:8000/api/v1/app-history/?year=2025
2025-12-31 19:21:29 - app.main - INFO - 📨 OPTIONS http://localhost:8000/api/v1/app-history/?year=2025
2025-12-31 19:21:29 - app.main - INFO - ⚡ Completed in 0.0007s - Status: 200
INFO:     127.0.0.1:60405 - "OPTIONS /api/v1/app-history/?year=2025 HTTP/1.1" 200 OK
2025-12-31 19:21:29 - app.main - INFO - ⚡ Completed in 0.0005s - Status: 200
INFO:     127.0.0.1:60406 - "OPTIONS /api/v1/app-history/?year=2025 HTTP/1.1" 200 OK
2025-12-31 19:21:29 - app.main - INFO - 📨 GET http://localhost:8000/api/v1/app-history/?year=2025
2025-12-31 19:21:29,623 INFO sqlalchemy.engine.Engine BEGIN (implicit)
2025-12-31 19:21:29,626 INFO sqlalchemy.engine.Engine SELECT count(vulnerabilities.id) AS count_1 
FROM vulnerabilities 
WHERE EXTRACT(year FROM vulnerabilities.discovered_date) = $1::INTEGER AND EXTRACT(month FROM vulnerabilities.discovered_date) = $2::INTEGER
2025-12-31 19:21:29,627 INFO sqlalchemy.engine.Engine [generated in 0.00067s] (2025, 1)
2025-12-31 19:21:29,634 INFO sqlalchemy.engine.Engine SELECT count(vulnerabilities.id) AS count_1 
FROM vulnerabilities 
WHERE vulnerabilities.status = $1::vulnerabilitystatus AND EXTRACT(year FROM vulnerabilities.remediation_completed) = $2::INTEGER AND EXTRACT(month FROM vulnerabilities.remediation_completed) = $3::INTEGER
2025-12-31 19:21:29,635 INFO sqlalchemy.engine.Engine [generated in 0.00015s] ('CLOSED', 2025, 1)
2025-12-31 19:21:29,636 INFO sqlalchemy.engine.Engine SELECT count(vulnerabilities.id) AS count_1 
FROM vulnerabilities 
WHERE EXTRACT(year FROM vulnerabilities.discovered_date) = $1::INTEGER AND EXTRACT(month FROM vulnerabilities.discovered_date) = $2::INTEGER
2025-12-31 19:21:29,636 INFO sqlalchemy.engine.Engine [cached since 0.01007s ago] (2025, 2)
2025-12-31 19:21:29,637 INFO sqlalchemy.engine.Engine SELECT count(vulnerabilities.id) AS count_1 
FROM vulnerabilities 
WHERE vulnerabilities.status = $1::vulnerabilitystatus AND EXTRACT(year FROM vulnerabilities.remediation_completed) = $2::INTEGER AND EXTRACT(month FROM vulnerabilities.remediation_completed) = $3::INTEGER
2025-12-31 19:21:29,637 INFO sqlalchemy.engine.Engine [cached since 0.002352s ago] ('CLOSED', 2025, 2)
2025-12-31 19:21:29,637 INFO sqlalchemy.engine.Engine SELECT count(vulnerabilities.id) AS count_1 
FROM vulnerabilities 
WHERE EXTRACT(year FROM vulnerabilities.discovered_date) = $1::INTEGER AND EXTRACT(month FROM vulnerabilities.discovered_date) = $2::INTEGER
2025-12-31 19:21:29,637 INFO sqlalchemy.engine.Engine [cached since 0.01123s ago] (2025, 3)
2025-12-31 19:21:29,638 INFO sqlalchemy.engine.Engine SELECT count(vulnerabilities.id) AS count_1 
FROM vulnerabilities 
WHERE vulnerabilities.status = $1::vulnerabilitystatus AND EXTRACT(year FROM vulnerabilities.remediation_completed) = $2::INTEGER AND EXTRACT(month FROM vulnerabilities.remediation_completed) = $3::INTEGER
2025-12-31 19:21:29,638 INFO sqlalchemy.engine.Engine [cached since 0.003387s ago] ('CLOSED', 2025, 3)
2025-12-31 19:21:29,639 INFO sqlalchemy.engine.Engine SELECT count(vulnerabilities.id) AS count_1 
FROM vulnerabilities 
WHERE EXTRACT(year FROM vulnerabilities.discovered_date) = $1::INTEGER AND EXTRACT(month FROM vulnerabilities.discovered_date) = $2::INTEGER
2025-12-31 19:21:29,639 INFO sqlalchemy.engine.Engine [cached since 0.01308s ago] (2025, 4)
2025-12-31 19:21:29,642 INFO sqlalchemy.engine.Engine SELECT count(vulnerabilities.id) AS count_1 
FROM vulnerabilities 
WHERE vulnerabilities.status = $1::vulnerabilitystatus AND EXTRACT(year FROM vulnerabilities.remediation_completed) = $2::INTEGER AND EXTRACT(month FROM vulnerabilities.remediation_completed) = $3::INTEGER
2025-12-31 19:21:29,642 INFO sqlalchemy.engine.Engine [cached since 0.007717s ago] ('CLOSED', 2025, 4)
2025-12-31 19:21:29,643 INFO sqlalchemy.engine.Engine SELECT count(vulnerabilities.id) AS count_1 
FROM vulnerabilities 
WHERE EXTRACT(year FROM vulnerabilities.discovered_date) = $1::INTEGER AND EXTRACT(month FROM vulnerabilities.discovered_date) = $2::INTEGER
2025-12-31 19:21:29,643 INFO sqlalchemy.engine.Engine [cached since 0.01683s ago] (2025, 5)
2025-12-31 19:21:29,643 INFO sqlalchemy.engine.Engine SELECT count(vulnerabilities.id) AS count_1 
FROM vulnerabilities 
WHERE vulnerabilities.status = $1::vulnerabilitystatus AND EXTRACT(year FROM vulnerabilities.remediation_completed) = $2::INTEGER AND EXTRACT(month FROM vulnerabilities.remediation_completed) = $3::INTEGER
2025-12-31 19:21:29,643 INFO sqlalchemy.engine.Engine [cached since 0.008943s ago] ('CLOSED', 2025, 5)
2025-12-31 19:21:29,644 INFO sqlalchemy.engine.Engine SELECT count(vulnerabilities.id) AS count_1 
FROM vulnerabilities 
WHERE EXTRACT(year FROM vulnerabilities.discovered_date) = $1::INTEGER AND EXTRACT(month FROM vulnerabilities.discovered_date) = $2::INTEGER
2025-12-31 19:21:29,644 INFO sqlalchemy.engine.Engine [cached since 0.01818s ago] (2025, 6)
2025-12-31 19:21:29,645 INFO sqlalchemy.engine.Engine SELECT count(vulnerabilities.id) AS count_1 
FROM vulnerabilities 
WHERE vulnerabilities.status = $1::vulnerabilitystatus AND EXTRACT(year FROM vulnerabilities.remediation_completed) = $2::INTEGER AND EXTRACT(month FROM vulnerabilities.remediation_completed) = $3::INTEGER
2025-12-31 19:21:29,645 INFO sqlalchemy.engine.Engine [cached since 0.01051s ago] ('CLOSED', 2025, 6)
2025-12-31 19:21:29,645 INFO sqlalchemy.engine.Engine SELECT count(vulnerabilities.id) AS count_1 
FROM vulnerabilities 
WHERE EXTRACT(year FROM vulnerabilities.discovered_date) = $1::INTEGER AND EXTRACT(month FROM vulnerabilities.discovered_date) = $2::INTEGER
2025-12-31 19:21:29,645 INFO sqlalchemy.engine.Engine [cached since 0.01935s ago] (2025, 7)
2025-12-31 19:21:29,646 INFO sqlalchemy.engine.Engine SELECT count(vulnerabilities.id) AS count_1 
FROM vulnerabilities 
WHERE vulnerabilities.status = $1::vulnerabilitystatus AND EXTRACT(year FROM vulnerabilities.remediation_completed) = $2::INTEGER AND EXTRACT(month FROM vulnerabilities.remediation_completed) = $3::INTEGER
2025-12-31 19:21:29,646 INFO sqlalchemy.engine.Engine [cached since 0.01129s ago] ('CLOSED', 2025, 7)
2025-12-31 19:21:29,646 INFO sqlalchemy.engine.Engine SELECT count(vulnerabilities.id) AS count_1 
FROM vulnerabilities 
WHERE EXTRACT(year FROM vulnerabilities.discovered_date) = $1::INTEGER AND EXTRACT(month FROM vulnerabilities.discovered_date) = $2::INTEGER
2025-12-31 19:21:29,646 INFO sqlalchemy.engine.Engine [cached since 0.02001s ago] (2025, 8)
2025-12-31 19:21:29,646 INFO sqlalchemy.engine.Engine SELECT count(vulnerabilities.id) AS count_1 
FROM vulnerabilities 
WHERE vulnerabilities.status = $1::vulnerabilitystatus AND EXTRACT(year FROM vulnerabilities.remediation_completed) = $2::INTEGER AND EXTRACT(month FROM vulnerabilities.remediation_completed) = $3::INTEGER
2025-12-31 19:21:29,646 INFO sqlalchemy.engine.Engine [cached since 0.01191s ago] ('CLOSED', 2025, 8)
2025-12-31 19:21:29,647 INFO sqlalchemy.engine.Engine SELECT count(vulnerabilities.id) AS count_1 
FROM vulnerabilities 
WHERE EXTRACT(year FROM vulnerabilities.discovered_date) = $1::INTEGER AND EXTRACT(month FROM vulnerabilities.discovered_date) = $2::INTEGER
2025-12-31 19:21:29,647 INFO sqlalchemy.engine.Engine [cached since 0.02062s ago] (2025, 9)
2025-12-31 19:21:29,647 INFO sqlalchemy.engine.Engine SELECT count(vulnerabilities.id) AS count_1 
FROM vulnerabilities 
WHERE vulnerabilities.status = $1::vulnerabilitystatus AND EXTRACT(year FROM vulnerabilities.remediation_completed) = $2::INTEGER AND EXTRACT(month FROM vulnerabilities.remediation_completed) = $3::INTEGER
2025-12-31 19:21:29,647 INFO sqlalchemy.engine.Engine [cached since 0.0125s ago] ('CLOSED', 2025, 9)
2025-12-31 19:21:29,647 INFO sqlalchemy.engine.Engine SELECT count(vulnerabilities.id) AS count_1 
FROM vulnerabilities 
WHERE EXTRACT(year FROM vulnerabilities.discovered_date) = $1::INTEGER AND EXTRACT(month FROM vulnerabilities.discovered_date) = $2::INTEGER
2025-12-31 19:21:29,647 INFO sqlalchemy.engine.Engine [cached since 0.0212s ago] (2025, 10)
2025-12-31 19:21:29,647 INFO sqlalchemy.engine.Engine SELECT count(vulnerabilities.id) AS count_1 
FROM vulnerabilities 
WHERE vulnerabilities.status = $1::vulnerabilitystatus AND EXTRACT(year FROM vulnerabilities.remediation_completed) = $2::INTEGER AND EXTRACT(month FROM vulnerabilities.remediation_completed) = $3::INTEGER
2025-12-31 19:21:29,647 INFO sqlalchemy.engine.Engine [cached since 0.0131s ago] ('CLOSED', 2025, 10)
2025-12-31 19:21:29,648 INFO sqlalchemy.engine.Engine SELECT count(vulnerabilities.id) AS count_1 
FROM vulnerabilities 
WHERE EXTRACT(year FROM vulnerabilities.discovered_date) = $1::INTEGER AND EXTRACT(month FROM vulnerabilities.discovered_date) = $2::INTEGER
2025-12-31 19:21:29,648 INFO sqlalchemy.engine.Engine [cached since 0.0218s ago] (2025, 11)
2025-12-31 19:21:29,648 INFO sqlalchemy.engine.Engine SELECT count(vulnerabilities.id) AS count_1 
FROM vulnerabilities 
WHERE vulnerabilities.status = $1::vulnerabilitystatus AND EXTRACT(year FROM vulnerabilities.remediation_completed) = $2::INTEGER AND EXTRACT(month FROM vulnerabilities.remediation_completed) = $3::INTEGER
2025-12-31 19:21:29,648 INFO sqlalchemy.engine.Engine [cached since 0.01369s ago] ('CLOSED', 2025, 11)
2025-12-31 19:21:29,648 INFO sqlalchemy.engine.Engine SELECT count(vulnerabilities.id) AS count_1 
FROM vulnerabilities 
WHERE EXTRACT(year FROM vulnerabilities.discovered_date) = $1::INTEGER AND EXTRACT(month FROM vulnerabilities.discovered_date) = $2::INTEGER
2025-12-31 19:21:29,648 INFO sqlalchemy.engine.Engine [cached since 0.02238s ago] (2025, 12)
2025-12-31 19:21:29,649 INFO sqlalchemy.engine.Engine SELECT count(vulnerabilities.id) AS count_1 
FROM vulnerabilities 
WHERE vulnerabilities.status = $1::vulnerabilitystatus AND EXTRACT(year FROM vulnerabilities.remediation_completed) = $2::INTEGER AND EXTRACT(month FROM vulnerabilities.remediation_completed) = $3::INTEGER
2025-12-31 19:21:29,649 INFO sqlalchemy.engine.Engine [cached since 0.01427s ago] ('CLOSED', 2025, 12)
2025-12-31 19:21:29,649 INFO sqlalchemy.engine.Engine SELECT count(vulnerabilities.id) AS count_1 
FROM vulnerabilities 
WHERE vulnerabilities.status = $1::vulnerabilitystatus AND vulnerabilities.severity = $2::risklevel AND EXTRACT(year FROM vulnerabilities.remediation_completed) = $3::INTEGER
2025-12-31 19:21:29,649 INFO sqlalchemy.engine.Engine [generated in 0.00006s] ('CLOSED', 'CRITICAL', 2023)
2025-12-31 19:21:29,650 INFO sqlalchemy.engine.Engine SELECT count(vulnerabilities.id) AS count_1 
FROM vulnerabilities 
WHERE vulnerabilities.status = $1::vulnerabilitystatus AND vulnerabilities.severity = $2::risklevel AND EXTRACT(year FROM vulnerabilities.remediation_completed) = $3::INTEGER
2025-12-31 19:21:29,650 INFO sqlalchemy.engine.Engine [cached since 0.001216s ago] ('CLOSED', 'HIGH', 2023)
2025-12-31 19:21:29,651 INFO sqlalchemy.engine.Engine SELECT count(vulnerabilities.id) AS count_1 
FROM vulnerabilities 
WHERE vulnerabilities.status = $1::vulnerabilitystatus AND vulnerabilities.severity = $2::risklevel AND EXTRACT(year FROM vulnerabilities.remediation_completed) = $3::INTEGER
2025-12-31 19:21:29,651 INFO sqlalchemy.engine.Engine [cached since 0.00171s ago] ('CLOSED', 'MEDIUM', 2023)
2025-12-31 19:21:29,651 INFO sqlalchemy.engine.Engine SELECT count(vulnerabilities.id) AS count_1 
FROM vulnerabilities 
WHERE vulnerabilities.status = $1::vulnerabilitystatus AND vulnerabilities.severity = $2::risklevel AND EXTRACT(year FROM vulnerabilities.remediation_completed) = $3::INTEGER
2025-12-31 19:21:29,651 INFO sqlalchemy.engine.Engine [cached since 0.002188s ago] ('CLOSED', 'LOW', 2023)
2025-12-31 19:21:29,652 INFO sqlalchemy.engine.Engine SELECT count(vulnerabilities.id) AS count_1 
FROM vulnerabilities 
WHERE vulnerabilities.status = $1::vulnerabilitystatus AND vulnerabilities.severity = $2::risklevel AND EXTRACT(year FROM vulnerabilities.remediation_completed) = $3::INTEGER
2025-12-31 19:21:29,652 INFO sqlalchemy.engine.Engine [cached since 0.00266s ago] ('CLOSED', 'CRITICAL', 2024)
2025-12-31 19:21:29,652 INFO sqlalchemy.engine.Engine SELECT count(vulnerabilities.id) AS count_1 
FROM vulnerabilities 
WHERE vulnerabilities.status = $1::vulnerabilitystatus AND vulnerabilities.severity = $2::risklevel AND EXTRACT(year FROM vulnerabilities.remediation_completed) = $3::INTEGER
2025-12-31 19:21:29,652 INFO sqlalchemy.engine.Engine [cached since 0.003098s ago] ('CLOSED', 'HIGH', 2024)
2025-12-31 19:21:29,653 INFO sqlalchemy.engine.Engine SELECT count(vulnerabilities.id) AS count_1 
FROM vulnerabilities 
WHERE vulnerabilities.status = $1::vulnerabilitystatus AND vulnerabilities.severity = $2::risklevel AND EXTRACT(year FROM vulnerabilities.remediation_completed) = $3::INTEGER
2025-12-31 19:21:29,653 INFO sqlalchemy.engine.Engine [cached since 0.003531s ago] ('CLOSED', 'MEDIUM', 2024)
2025-12-31 19:21:29,653 INFO sqlalchemy.engine.Engine SELECT count(vulnerabilities.id) AS count_1 
FROM vulnerabilities 
WHERE vulnerabilities.status = $1::vulnerabilitystatus AND vulnerabilities.severity = $2::risklevel AND EXTRACT(year FROM vulnerabilities.remediation_completed) = $3::INTEGER
2025-12-31 19:21:29,653 INFO sqlalchemy.engine.Engine [cached since 0.00402s ago] ('CLOSED', 'LOW', 2024)
2025-12-31 19:21:29,654 INFO sqlalchemy.engine.Engine SELECT count(vulnerabilities.id) AS count_1 
FROM vulnerabilities 
WHERE vulnerabilities.status = $1::vulnerabilitystatus AND vulnerabilities.severity = $2::risklevel AND EXTRACT(year FROM vulnerabilities.remediation_completed) = $3::INTEGER
2025-12-31 19:21:29,654 INFO sqlalchemy.engine.Engine [cached since 0.004749s ago] ('CLOSED', 'CRITICAL', 2025)
2025-12-31 19:21:29,655 INFO sqlalchemy.engine.Engine SELECT count(vulnerabilities.id) AS count_1 
FROM vulnerabilities 
WHERE vulnerabilities.status = $1::vulnerabilitystatus AND vulnerabilities.severity = $2::risklevel AND EXTRACT(year FROM vulnerabilities.remediation_completed) = $3::INTEGER
2025-12-31 19:21:29,655 INFO sqlalchemy.engine.Engine [cached since 0.005465s ago] ('CLOSED', 'HIGH', 2025)
2025-12-31 19:21:29,655 INFO sqlalchemy.engine.Engine SELECT count(vulnerabilities.id) AS count_1 
FROM vulnerabilities 
WHERE vulnerabilities.status = $1::vulnerabilitystatus AND vulnerabilities.severity = $2::risklevel AND EXTRACT(year FROM vulnerabilities.remediation_completed) = $3::INTEGER
2025-12-31 19:21:29,655 INFO sqlalchemy.engine.Engine [cached since 0.006172s ago] ('CLOSED', 'MEDIUM', 2025)
2025-12-31 19:21:29,656 INFO sqlalchemy.engine.Engine SELECT count(vulnerabilities.id) AS count_1 
FROM vulnerabilities 
WHERE vulnerabilities.status = $1::vulnerabilitystatus AND vulnerabilities.severity = $2::risklevel AND EXTRACT(year FROM vulnerabilities.remediation_completed) = $3::INTEGER
2025-12-31 19:21:29,656 INFO sqlalchemy.engine.Engine [cached since 0.006622s ago] ('CLOSED', 'LOW', 2025)
2025-12-31 19:21:29,656 INFO sqlalchemy.engine.Engine SELECT applications.id, applications.name, applications.description, applications.application_type, applications.version, applications.url, applications.risk_level, applications.business_criticality, applications.data_classification, applications.owner, applications.vendor_name, applications.owner_id, applications.organization_id, applications.technology_stack, applications.environment, applications.hosting_type, applications.compliance_requirements, applications.last_security_review, applications.next_security_review, applications.created_at, applications.updated_at 
FROM applications
2025-12-31 19:21:29,656 INFO sqlalchemy.engine.Engine [cached since 12.95s ago] ()
2025-12-31 19:21:29,657 INFO sqlalchemy.engine.Engine SELECT vulnerabilities.id, vulnerabilities.title, vulnerabilities.description, vulnerabilities.cve_id, vulnerabilities.severity, vulnerabilities.status, vulnerabilities.discovered_date, vulnerabilities.source, vulnerabilities.cvss_score, vulnerabilities.cvss_vector, vulnerabilities.exploit_available, vulnerabilities.remediation_plan, vulnerabilities.remediation_deadline, vulnerabilities.remediation_completed, vulnerabilities.remarks, vulnerabilities.poc_file_path, vulnerabilities.application_id, vulnerabilities.vendor_id, vulnerabilities.assigned_to_id, vulnerabilities.created_at, vulnerabilities.updated_at 
FROM vulnerabilities 
WHERE vulnerabilities.status = $1::vulnerabilitystatus
2025-12-31 19:21:29,657 INFO sqlalchemy.engine.Engine [cached since 3.168s ago] ('OPEN',)
2025-12-31 19:21:29,658 INFO sqlalchemy.engine.Engine SELECT applications.id, applications.name, applications.description, applications.application_type, applications.version, applications.url, applications.risk_level, applications.business_criticality, applications.data_classification, applications.owner, applications.vendor_name, applications.owner_id, applications.organization_id, applications.technology_stack, applications.environment, applications.hosting_type, applications.compliance_requirements, applications.last_security_review, applications.next_security_review, applications.created_at, applications.updated_at 
FROM applications
2025-12-31 19:21:29,658 INFO sqlalchemy.engine.Engine [cached since 12.95s ago] ()
2025-12-31 19:21:29,658 INFO sqlalchemy.engine.Engine SELECT vulnerabilities.id, vulnerabilities.title, vulnerabilities.description, vulnerabilities.cve_id, vulnerabilities.severity, vulnerabilities.status, vulnerabilities.discovered_date, vulnerabilities.source, vulnerabilities.cvss_score, vulnerabilities.cvss_vector, vulnerabilities.exploit_available, vulnerabilities.remediation_plan, vulnerabilities.remediation_deadline, vulnerabilities.remediation_completed, vulnerabilities.remarks, vulnerabilities.poc_file_path, vulnerabilities.application_id, vulnerabilities.vendor_id, vulnerabilities.assigned_to_id, vulnerabilities.created_at, vulnerabilities.updated_at 
FROM vulnerabilities 
WHERE vulnerabilities.status = $1::vulnerabilitystatus
2025-12-31 19:21:29,658 INFO sqlalchemy.engine.Engine [cached since 3.169s ago] ('OPEN',)
2025-12-31 19:21:29,659 INFO sqlalchemy.engine.Engine COMMIT
2025-12-31 19:21:29 - app.main - INFO - ⚡ Completed in 0.0399s - Status: 200
INFO:     127.0.0.1:60405 - "GET /api/v1/app-history/?year=2025 HTTP/1.1" 200 OK
2025-12-31 19:21:29 - app.main - INFO - 📨 GET http://localhost:8000/api/v1/app-history/?year=2025
2025-12-31 19:21:29,661 INFO sqlalchemy.engine.Engine BEGIN (implicit)
2025-12-31 19:21:29,661 INFO sqlalchemy.engine.Engine SELECT count(vulnerabilities.id) AS count_1 
FROM vulnerabilities 
WHERE EXTRACT(year FROM vulnerabilities.discovered_date) = $1::INTEGER AND EXTRACT(month FROM vulnerabilities.discovered_date) = $2::INTEGER
2025-12-31 19:21:29,661 INFO sqlalchemy.engine.Engine [cached since 0.03551s ago] (2025, 1)
2025-12-31 19:21:29,662 INFO sqlalchemy.engine.Engine SELECT count(vulnerabilities.id) AS count_1 
FROM vulnerabilities 
WHERE vulnerabilities.status = $1::vulnerabilitystatus AND EXTRACT(year FROM vulnerabilities.remediation_completed) = $2::INTEGER AND EXTRACT(month FROM vulnerabilities.remediation_completed) = $3::INTEGER
2025-12-31 19:21:29,662 INFO sqlalchemy.engine.Engine [cached since 0.02786s ago] ('CLOSED', 2025, 1)
2025-12-31 19:21:29,663 INFO sqlalchemy.engine.Engine SELECT count(vulnerabilities.id) AS count_1 
FROM vulnerabilities 
WHERE EXTRACT(year FROM vulnerabilities.discovered_date) = $1::INTEGER AND EXTRACT(month FROM vulnerabilities.discovered_date) = $2::INTEGER
2025-12-31 19:21:29,663 INFO sqlalchemy.engine.Engine [cached since 0.03676s ago] (2025, 2)
2025-12-31 19:21:29,663 INFO sqlalchemy.engine.Engine SELECT count(vulnerabilities.id) AS count_1 
FROM vulnerabilities 
WHERE vulnerabilities.status = $1::vulnerabilitystatus AND EXTRACT(year FROM vulnerabilities.remediation_completed) = $2::INTEGER AND EXTRACT(month FROM vulnerabilities.remediation_completed) = $3::INTEGER
2025-12-31 19:21:29,663 INFO sqlalchemy.engine.Engine [cached since 0.02871s ago] ('CLOSED', 2025, 2)
2025-12-31 19:21:29,663 INFO sqlalchemy.engine.Engine SELECT count(vulnerabilities.id) AS count_1 
FROM vulnerabilities 
WHERE EXTRACT(year FROM vulnerabilities.discovered_date) = $1::INTEGER AND EXTRACT(month FROM vulnerabilities.discovered_date) = $2::INTEGER
2025-12-31 19:21:29,663 INFO sqlalchemy.engine.Engine [cached since 0.03746s ago] (2025, 3)
2025-12-31 19:21:29,664 INFO sqlalchemy.engine.Engine SELECT count(vulnerabilities.id) AS count_1 
FROM vulnerabilities 
WHERE vulnerabilities.status = $1::vulnerabilitystatus AND EXTRACT(year FROM vulnerabilities.remediation_completed) = $2::INTEGER AND EXTRACT(month FROM vulnerabilities.remediation_completed) = $3::INTEGER
2025-12-31 19:21:29,664 INFO sqlalchemy.engine.Engine [cached since 0.0294s ago] ('CLOSED', 2025, 3)
2025-12-31 19:21:29,664 INFO sqlalchemy.engine.Engine SELECT count(vulnerabilities.id) AS count_1 
FROM vulnerabilities 
WHERE EXTRACT(year FROM vulnerabilities.discovered_date) = $1::INTEGER AND EXTRACT(month FROM vulnerabilities.discovered_date) = $2::INTEGER
2025-12-31 19:21:29,664 INFO sqlalchemy.engine.Engine [cached since 0.03814s ago] (2025, 4)
2025-12-31 19:21:29,664 INFO sqlalchemy.engine.Engine SELECT count(vulnerabilities.id) AS count_1 
FROM vulnerabilities 
WHERE vulnerabilities.status = $1::vulnerabilitystatus AND EXTRACT(year FROM vulnerabilities.remediation_completed) = $2::INTEGER AND EXTRACT(month FROM vulnerabilities.remediation_completed) = $3::INTEGER
2025-12-31 19:21:29,664 INFO sqlalchemy.engine.Engine [cached since 0.03007s ago] ('CLOSED', 2025, 4)
2025-12-31 19:21:29,665 INFO sqlalchemy.engine.Engine SELECT count(vulnerabilities.id) AS count_1 
FROM vulnerabilities 
WHERE EXTRACT(year FROM vulnerabilities.discovered_date) = $1::INTEGER AND EXTRACT(month FROM vulnerabilities.discovered_date) = $2::INTEGER
2025-12-31 19:21:29,665 INFO sqlalchemy.engine.Engine [cached since 0.03882s ago] (2025, 5)
2025-12-31 19:21:29,665 INFO sqlalchemy.engine.Engine SELECT count(vulnerabilities.id) AS count_1 
FROM vulnerabilities 
WHERE vulnerabilities.status = $1::vulnerabilitystatus AND EXTRACT(year FROM vulnerabilities.remediation_completed) = $2::INTEGER AND EXTRACT(month FROM vulnerabilities.remediation_completed) = $3::INTEGER
2025-12-31 19:21:29,665 INFO sqlalchemy.engine.Engine [cached since 0.03085s ago] ('CLOSED', 2025, 5)
2025-12-31 19:21:29,666 INFO sqlalchemy.engine.Engine SELECT count(vulnerabilities.id) AS count_1 
FROM vulnerabilities 
WHERE EXTRACT(year FROM vulnerabilities.discovered_date) = $1::INTEGER AND EXTRACT(month FROM vulnerabilities.discovered_date) = $2::INTEGER
2025-12-31 19:21:29,666 INFO sqlalchemy.engine.Engine [cached since 0.03965s ago] (2025, 6)
2025-12-31 19:21:29,666 INFO sqlalchemy.engine.Engine SELECT count(vulnerabilities.id) AS count_1 
FROM vulnerabilities 
WHERE vulnerabilities.status = $1::vulnerabilitystatus AND EXTRACT(year FROM vulnerabilities.remediation_completed) = $2::INTEGER AND EXTRACT(month FROM vulnerabilities.remediation_completed) = $3::INTEGER
2025-12-31 19:21:29,666 INFO sqlalchemy.engine.Engine [cached since 0.03166s ago] ('CLOSED', 2025, 6)
2025-12-31 19:21:29,666 INFO sqlalchemy.engine.Engine SELECT count(vulnerabilities.id) AS count_1 
FROM vulnerabilities 
WHERE EXTRACT(year FROM vulnerabilities.discovered_date) = $1::INTEGER AND EXTRACT(month FROM vulnerabilities.discovered_date) = $2::INTEGER
2025-12-31 19:21:29,666 INFO sqlalchemy.engine.Engine [cached since 0.04046s ago] (2025, 7)
2025-12-31 19:21:29,667 INFO sqlalchemy.engine.Engine SELECT count(vulnerabilities.id) AS count_1 
FROM vulnerabilities 
WHERE vulnerabilities.status = $1::vulnerabilitystatus AND EXTRACT(year FROM vulnerabilities.remediation_completed) = $2::INTEGER AND EXTRACT(month FROM vulnerabilities.remediation_completed) = $3::INTEGER
2025-12-31 19:21:29,667 INFO sqlalchemy.engine.Engine [cached since 0.03244s ago] ('CLOSED', 2025, 7)
2025-12-31 19:21:29,667 INFO sqlalchemy.engine.Engine SELECT count(vulnerabilities.id) AS count_1 
FROM vulnerabilities 
WHERE EXTRACT(year FROM vulnerabilities.discovered_date) = $1::INTEGER AND EXTRACT(month FROM vulnerabilities.discovered_date) = $2::INTEGER
2025-12-31 19:21:29,667 INFO sqlalchemy.engine.Engine [cached since 0.04115s ago] (2025, 8)
2025-12-31 19:21:29,667 INFO sqlalchemy.engine.Engine SELECT count(vulnerabilities.id) AS count_1 
FROM vulnerabilities 
WHERE vulnerabilities.status = $1::vulnerabilitystatus AND EXTRACT(year FROM vulnerabilities.remediation_completed) = $2::INTEGER AND EXTRACT(month FROM vulnerabilities.remediation_completed) = $3::INTEGER
2025-12-31 19:21:29,667 INFO sqlalchemy.engine.Engine [cached since 0.03308s ago] ('CLOSED', 2025, 8)
2025-12-31 19:21:29,668 INFO sqlalchemy.engine.Engine SELECT count(vulnerabilities.id) AS count_1 
FROM vulnerabilities 
WHERE EXTRACT(year FROM vulnerabilities.discovered_date) = $1::INTEGER AND EXTRACT(month FROM vulnerabilities.discovered_date) = $2::INTEGER
2025-12-31 19:21:29,668 INFO sqlalchemy.engine.Engine [cached since 0.04179s ago] (2025, 9)
2025-12-31 19:21:29,668 INFO sqlalchemy.engine.Engine SELECT count(vulnerabilities.id) AS count_1 
FROM vulnerabilities 
WHERE vulnerabilities.status = $1::vulnerabilitystatus AND EXTRACT(year FROM vulnerabilities.remediation_completed) = $2::INTEGER AND EXTRACT(month FROM vulnerabilities.remediation_completed) = $3::INTEGER
2025-12-31 19:21:29,668 INFO sqlalchemy.engine.Engine [cached since 0.03372s ago] ('CLOSED', 2025, 9)
2025-12-31 19:21:29,668 INFO sqlalchemy.engine.Engine SELECT count(vulnerabilities.id) AS count_1 
FROM vulnerabilities 
WHERE EXTRACT(year FROM vulnerabilities.discovered_date) = $1::INTEGER AND EXTRACT(month FROM vulnerabilities.discovered_date) = $2::INTEGER
2025-12-31 19:21:29,668 INFO sqlalchemy.engine.Engine [cached since 0.04243s ago] (2025, 10)
2025-12-31 19:21:29,669 INFO sqlalchemy.engine.Engine SELECT count(vulnerabilities.id) AS count_1 
FROM vulnerabilities 
WHERE vulnerabilities.status = $1::vulnerabilitystatus AND EXTRACT(year FROM vulnerabilities.remediation_completed) = $2::INTEGER AND EXTRACT(month FROM vulnerabilities.remediation_completed) = $3::INTEGER
2025-12-31 19:21:29,669 INFO sqlalchemy.engine.Engine [cached since 0.03435s ago] ('CLOSED', 2025, 10)
2025-12-31 19:21:29,669 INFO sqlalchemy.engine.Engine SELECT count(vulnerabilities.id) AS count_1 
FROM vulnerabilities 
WHERE EXTRACT(year FROM vulnerabilities.discovered_date) = $1::INTEGER AND EXTRACT(month FROM vulnerabilities.discovered_date) = $2::INTEGER
2025-12-31 19:21:29,669 INFO sqlalchemy.engine.Engine [cached since 0.04308s ago] (2025, 11)
2025-12-31 19:21:29,669 INFO sqlalchemy.engine.Engine SELECT count(vulnerabilities.id) AS count_1 
FROM vulnerabilities 
WHERE vulnerabilities.status = $1::vulnerabilitystatus AND EXTRACT(year FROM vulnerabilities.remediation_completed) = $2::INTEGER AND EXTRACT(month FROM vulnerabilities.remediation_completed) = $3::INTEGER
2025-12-31 19:21:29,669 INFO sqlalchemy.engine.Engine [cached since 0.03502s ago] ('CLOSED', 2025, 11)
2025-12-31 19:21:29,670 INFO sqlalchemy.engine.Engine SELECT count(vulnerabilities.id) AS count_1 
FROM vulnerabilities 
WHERE EXTRACT(year FROM vulnerabilities.discovered_date) = $1::INTEGER AND EXTRACT(month FROM vulnerabilities.discovered_date) = $2::INTEGER
2025-12-31 19:21:29,670 INFO sqlalchemy.engine.Engine [cached since 0.04375s ago] (2025, 12)
2025-12-31 19:21:29,670 INFO sqlalchemy.engine.Engine SELECT count(vulnerabilities.id) AS count_1 
FROM vulnerabilities 
WHERE vulnerabilities.status = $1::vulnerabilitystatus AND EXTRACT(year FROM vulnerabilities.remediation_completed) = $2::INTEGER AND EXTRACT(month FROM vulnerabilities.remediation_completed) = $3::INTEGER
2025-12-31 19:21:29,670 INFO sqlalchemy.engine.Engine [cached since 0.03573s ago] ('CLOSED', 2025, 12)
2025-12-31 19:21:29,670 INFO sqlalchemy.engine.Engine SELECT count(vulnerabilities.id) AS count_1 
FROM vulnerabilities 
WHERE vulnerabilities.status = $1::vulnerabilitystatus AND vulnerabilities.severity = $2::risklevel AND EXTRACT(year FROM vulnerabilities.remediation_completed) = $3::INTEGER
2025-12-31 19:21:29,670 INFO sqlalchemy.engine.Engine [cached since 0.02128s ago] ('CLOSED', 'CRITICAL', 2023)
2025-12-31 19:21:29,671 INFO sqlalchemy.engine.Engine SELECT count(vulnerabilities.id) AS count_1 
FROM vulnerabilities 
WHERE vulnerabilities.status = $1::vulnerabilitystatus AND vulnerabilities.severity = $2::risklevel AND EXTRACT(year FROM vulnerabilities.remediation_completed) = $3::INTEGER
2025-12-31 19:21:29,671 INFO sqlalchemy.engine.Engine [cached since 0.02221s ago] ('CLOSED', 'HIGH', 2023)
2025-12-31 19:21:29,672 INFO sqlalchemy.engine.Engine SELECT count(vulnerabilities.id) AS count_1 
FROM vulnerabilities 
WHERE vulnerabilities.status = $1::vulnerabilitystatus AND vulnerabilities.severity = $2::risklevel AND EXTRACT(year FROM vulnerabilities.remediation_completed) = $3::INTEGER
2025-12-31 19:21:29,672 INFO sqlalchemy.engine.Engine [cached since 0.02263s ago] ('CLOSED', 'MEDIUM', 2023)
2025-12-31 19:21:29,672 INFO sqlalchemy.engine.Engine SELECT count(vulnerabilities.id) AS count_1 
FROM vulnerabilities 
WHERE vulnerabilities.status = $1::vulnerabilitystatus AND vulnerabilities.severity = $2::risklevel AND EXTRACT(year FROM vulnerabilities.remediation_completed) = $3::INTEGER
2025-12-31 19:21:29,672 INFO sqlalchemy.engine.Engine [cached since 0.02305s ago] ('CLOSED', 'LOW', 2023)
2025-12-31 19:21:29,673 INFO sqlalchemy.engine.Engine SELECT count(vulnerabilities.id) AS count_1 
FROM vulnerabilities 
WHERE vulnerabilities.status = $1::vulnerabilitystatus AND vulnerabilities.severity = $2::risklevel AND EXTRACT(year FROM vulnerabilities.remediation_completed) = $3::INTEGER
2025-12-31 19:21:29,673 INFO sqlalchemy.engine.Engine [cached since 0.02356s ago] ('CLOSED', 'CRITICAL', 2024)
2025-12-31 19:21:29,673 INFO sqlalchemy.engine.Engine SELECT count(vulnerabilities.id) AS count_1 
FROM vulnerabilities 
WHERE vulnerabilities.status = $1::vulnerabilitystatus AND vulnerabilities.severity = $2::risklevel AND EXTRACT(year FROM vulnerabilities.remediation_completed) = $3::INTEGER
2025-12-31 19:21:29,673 INFO sqlalchemy.engine.Engine [cached since 0.02405s ago] ('CLOSED', 'HIGH', 2024)
2025-12-31 19:21:29,674 INFO sqlalchemy.engine.Engine SELECT count(vulnerabilities.id) AS count_1 
FROM vulnerabilities 
WHERE vulnerabilities.status = $1::vulnerabilitystatus AND vulnerabilities.severity = $2::risklevel AND EXTRACT(year FROM vulnerabilities.remediation_completed) = $3::INTEGER
2025-12-31 19:21:29,674 INFO sqlalchemy.engine.Engine [cached since 0.02452s ago] ('CLOSED', 'MEDIUM', 2024)
2025-12-31 19:21:29,674 INFO sqlalchemy.engine.Engine SELECT count(vulnerabilities.id) AS count_1 
FROM vulnerabilities 
WHERE vulnerabilities.status = $1::vulnerabilitystatus AND vulnerabilities.severity = $2::risklevel AND EXTRACT(year FROM vulnerabilities.remediation_completed) = $3::INTEGER
2025-12-31 19:21:29,674 INFO sqlalchemy.engine.Engine [cached since 0.0249s ago] ('CLOSED', 'LOW', 2024)
2025-12-31 19:21:29,674 INFO sqlalchemy.engine.Engine SELECT count(vulnerabilities.id) AS count_1 
FROM vulnerabilities 
WHERE vulnerabilities.status = $1::vulnerabilitystatus AND vulnerabilities.severity = $2::risklevel AND EXTRACT(year FROM vulnerabilities.remediation_completed) = $3::INTEGER
2025-12-31 19:21:29,674 INFO sqlalchemy.engine.Engine [cached since 0.0253s ago] ('CLOSED', 'CRITICAL', 2025)
2025-12-31 19:21:29,675 INFO sqlalchemy.engine.Engine SELECT count(vulnerabilities.id) AS count_1 
FROM vulnerabilities 
WHERE vulnerabilities.status = $1::vulnerabilitystatus AND vulnerabilities.severity = $2::risklevel AND EXTRACT(year FROM vulnerabilities.remediation_completed) = $3::INTEGER
2025-12-31 19:21:29,675 INFO sqlalchemy.engine.Engine [cached since 0.02567s ago] ('CLOSED', 'HIGH', 2025)
2025-12-31 19:21:29,675 INFO sqlalchemy.engine.Engine SELECT count(vulnerabilities.id) AS count_1 
FROM vulnerabilities 
WHERE vulnerabilities.status = $1::vulnerabilitystatus AND vulnerabilities.severity = $2::risklevel AND EXTRACT(year FROM vulnerabilities.remediation_completed) = $3::INTEGER
2025-12-31 19:21:29,675 INFO sqlalchemy.engine.Engine [cached since 0.0263s ago] ('CLOSED', 'MEDIUM', 2025)
2025-12-31 19:21:29,676 INFO sqlalchemy.engine.Engine SELECT count(vulnerabilities.id) AS count_1 
FROM vulnerabilities 
WHERE vulnerabilities.status = $1::vulnerabilitystatus AND vulnerabilities.severity = $2::risklevel AND EXTRACT(year FROM vulnerabilities.remediation_completed) = $3::INTEGER
2025-12-31 19:21:29,676 INFO sqlalchemy.engine.Engine [cached since 0.02707s ago] ('CLOSED', 'LOW', 2025)
2025-12-31 19:21:29,677 INFO sqlalchemy.engine.Engine SELECT applications.id, applications.name, applications.description, applications.application_type, applications.version, applications.url, applications.risk_level, applications.business_criticality, applications.data_classification, applications.owner, applications.vendor_name, applications.owner_id, applications.organization_id, applications.technology_stack, applications.environment, applications.hosting_type, applications.compliance_requirements, applications.last_security_review, applications.next_security_review, applications.created_at, applications.updated_at 
FROM applications
2025-12-31 19:21:29,677 INFO sqlalchemy.engine.Engine [cached since 12.97s ago] ()
2025-12-31 19:21:29,677 INFO sqlalchemy.engine.Engine SELECT vulnerabilities.id, vulnerabilities.title, vulnerabilities.description, vulnerabilities.cve_id, vulnerabilities.severity, vulnerabilities.status, vulnerabilities.discovered_date, vulnerabilities.source, vulnerabilities.cvss_score, vulnerabilities.cvss_vector, vulnerabilities.exploit_available, vulnerabilities.remediation_plan, vulnerabilities.remediation_deadline, vulnerabilities.remediation_completed, vulnerabilities.remarks, vulnerabilities.poc_file_path, vulnerabilities.application_id, vulnerabilities.vendor_id, vulnerabilities.assigned_to_id, vulnerabilities.created_at, vulnerabilities.updated_at 
FROM vulnerabilities 
WHERE vulnerabilities.status = $1::vulnerabilitystatus
2025-12-31 19:21:29,678 INFO sqlalchemy.engine.Engine [cached since 3.188s ago] ('OPEN',)
2025-12-31 19:21:29,678 INFO sqlalchemy.engine.Engine SELECT applications.id, applications.name, applications.description, applications.application_type, applications.version, applications.url, applications.risk_level, applications.business_criticality, applications.data_classification, applications.owner, applications.vendor_name, applications.owner_id, applications.organization_id, applications.technology_stack, applications.environment, applications.hosting_type, applications.compliance_requirements, applications.last_security_review, applications.next_security_review, applications.created_at, applications.updated_at 
FROM applications
2025-12-31 19:21:29,678 INFO sqlalchemy.engine.Engine [cached since 12.97s ago] ()
2025-12-31 19:21:29,679 INFO sqlalchemy.engine.Engine SELECT vulnerabilities.id, vulnerabilities.title, vulnerabilities.description, vulnerabilities.cve_id, vulnerabilities.severity, vulnerabilities.status, vulnerabilities.discovered_date, vulnerabilities.source, vulnerabilities.cvss_score, vulnerabilities.cvss_vector, vulnerabilities.exploit_available, vulnerabilities.remediation_plan, vulnerabilities.remediation_deadline, vulnerabilities.remediation_completed, vulnerabilities.remarks, vulnerabilities.poc_file_path, vulnerabilities.application_id, vulnerabilities.vendor_id, vulnerabilities.assigned_to_id, vulnerabilities.created_at, vulnerabilities.updated_at 
FROM vulnerabilities 
WHERE vulnerabilities.status = $1::vulnerabilitystatus
2025-12-31 19:21:29,679 INFO sqlalchemy.engine.Engine [cached since 3.189s ago] ('OPEN',)
2025-12-31 19:21:29,679 INFO sqlalchemy.engine.Engine COMMIT
2025-12-31 19:21:29 - app.main - INFO - ⚡ Completed in 0.0193s - Status: 200
INFO:     127.0.0.1:60405 - "GET /api/v1/app-history/?year=2025 HTTP/1.1" 200 OK
2025-12-31 19:21:40 - app.main - INFO - 📨 GET http://localhost:8000/api/v1/audit/statistics
2025-12-31 19:21:40 - app.main - INFO - 📨 GET http://localhost:8000/api/v1/audit/iso27001-compliance
2025-12-31 19:21:40 - app.main - INFO - 📨 GET http://localhost:8000/api/v1/audit/pcidss-compliance
2025-12-31 19:21:40 - app.main - INFO - 📨 GET http://localhost:8000/api/v1/audit/top-vendors?limit=5
2025-12-31 19:21:40,791 INFO sqlalchemy.engine.Engine BEGIN (implicit)
2025-12-31 19:21:40,792 INFO sqlalchemy.engine.Engine SELECT vendors.id, vendors.name, vendors.description, vendors.category, vendors.contact_email, vendors.contact_phone, vendors.website, vendors.risk_level, vendors.last_risk_assessment, vendors.next_risk_assessment, vendors.contract_start_date, vendors.contract_end_date, vendors.contract_value, vendors.compliance_status, vendors.compliance_rate, vendors.compliant_controls, vendors.non_compliant_controls, vendors.last_compliance_check, vendors.organization_id, vendors.created_at, vendors.updated_at 
FROM vendors
2025-12-31 19:21:40,792 INFO sqlalchemy.engine.Engine [cached since 57.19s ago] ()
2025-12-31 19:21:40,792 INFO sqlalchemy.engine.Engine BEGIN (implicit)
2025-12-31 19:21:40,792 INFO sqlalchemy.engine.Engine SELECT applications.id, applications.name, applications.description, applications.application_type, applications.version, applications.url, applications.risk_level, applications.business_criticality, applications.data_classification, applications.owner, applications.vendor_name, applications.owner_id, applications.organization_id, applications.technology_stack, applications.environment, applications.hosting_type, applications.compliance_requirements, applications.last_security_review, applications.next_security_review, applications.created_at, applications.updated_at 
FROM applications
2025-12-31 19:21:40,792 INFO sqlalchemy.engine.Engine [cached since 57.15s ago] ()
2025-12-31 19:21:40,792 INFO sqlalchemy.engine.Engine BEGIN (implicit)
2025-12-31 19:21:40,792 INFO sqlalchemy.engine.Engine SELECT applications.id, applications.name, applications.description, applications.application_type, applications.version, applications.url, applications.risk_level, applications.business_criticality, applications.data_classification, applications.owner, applications.vendor_name, applications.owner_id, applications.organization_id, applications.technology_stack, applications.environment, applications.hosting_type, applications.compliance_requirements, applications.last_security_review, applications.next_security_review, applications.created_at, applications.updated_at 
FROM applications
2025-12-31 19:21:40,792 INFO sqlalchemy.engine.Engine [cached since 57.15s ago] ()
2025-12-31 19:21:40,792 INFO sqlalchemy.engine.Engine BEGIN (implicit)
2025-12-31 19:21:40,793 INFO sqlalchemy.engine.Engine SELECT vendors.id, vendors.name, vendors.description, vendors.category, vendors.contact_email, vendors.contact_phone, vendors.website, vendors.risk_level, vendors.last_risk_assessment, vendors.next_risk_assessment, vendors.contract_start_date, vendors.contract_end_date, vendors.contract_value, vendors.compliance_status, vendors.compliance_rate, vendors.compliant_controls, vendors.non_compliant_controls, vendors.last_compliance_check, vendors.organization_id, vendors.created_at, vendors.updated_at 
FROM vendors
2025-12-31 19:21:40,793 INFO sqlalchemy.engine.Engine [cached since 57.19s ago] ()
2025-12-31 19:21:40,795 INFO sqlalchemy.engine.Engine SELECT vendor_certificates.application_id AS vendor_certificates_application_id, vendor_certificates.id AS vendor_certificates_id, vendor_certificates.certificate_type AS vendor_certificates_certificate_type, vendor_certificates.certificate_number AS vendor_certificates_certificate_number, vendor_certificates.issue_date AS vendor_certificates_issue_date, vendor_certificates.expiry_date AS vendor_certificates_expiry_date, vendor_certificates.status AS vendor_certificates_status, vendor_certificates.issuing_authority AS vendor_certificates_issuing_authority, vendor_certificates.certificate_url AS vendor_certificates_certificate_url, vendor_certificates.scope AS vendor_certificates_scope, vendor_certificates.notes AS vendor_certificates_notes, vendor_certificates.vendor_id AS vendor_certificates_vendor_id, vendor_certificates.created_at AS vendor_certificates_created_at, vendor_certificates.updated_at AS vendor_certificates_updated_at 
FROM vendor_certificates 
WHERE vendor_certificates.application_id IN ($1::INTEGER, $2::INTEGER, $3::INTEGER, $4::INTEGER, $5::INTEGER, $6::INTEGER, $7::INTEGER, $8::INTEGER, $9::INTEGER, $10::INTEGER, $11::INTEGER, $12::INTEGER, $13::INTEGER, $14::INTEGER, $15::INTEGER, $16::INTEGER, $17::INTEGER, $18::INTEGER, $19::INTEGER, $20::INTEGER, $21::INTEGER, $22::INTEGER, $23::INTEGER, $24::INTEGER, $25::INTEGER, $26::INTEGER, $27::INTEGER)
2025-12-31 19:21:40,795 INFO sqlalchemy.engine.Engine [cached since 57.14s ago] (1, 2, 3, 4, 5, 6, 7, 8, 9, 10, 11, 12, 13, 14, 15, 16, 17, 18, 19, 20, 21, 22, 23, 24, 25, 26, 27)
2025-12-31 19:21:40,796 INFO sqlalchemy.engine.Engine SELECT vendor_certificates.application_id AS vendor_certificates_application_id, vendor_certificates.id AS vendor_certificates_id, vendor_certificates.certificate_type AS vendor_certificates_certificate_type, vendor_certificates.certificate_number AS vendor_certificates_certificate_number, vendor_certificates.issue_date AS vendor_certificates_issue_date, vendor_certificates.expiry_date AS vendor_certificates_expiry_date, vendor_certificates.status AS vendor_certificates_status, vendor_certificates.issuing_authority AS vendor_certificates_issuing_authority, vendor_certificates.certificate_url AS vendor_certificates_certificate_url, vendor_certificates.scope AS vendor_certificates_scope, vendor_certificates.notes AS vendor_certificates_notes, vendor_certificates.vendor_id AS vendor_certificates_vendor_id, vendor_certificates.created_at AS vendor_certificates_created_at, vendor_certificates.updated_at AS vendor_certificates_updated_at 
FROM vendor_certificates 
WHERE vendor_certificates.application_id IN ($1::INTEGER, $2::INTEGER, $3::INTEGER, $4::INTEGER, $5::INTEGER, $6::INTEGER, $7::INTEGER, $8::INTEGER, $9::INTEGER, $10::INTEGER, $11::INTEGER, $12::INTEGER, $13::INTEGER, $14::INTEGER, $15::INTEGER, $16::INTEGER, $17::INTEGER, $18::INTEGER, $19::INTEGER, $20::INTEGER, $21::INTEGER, $22::INTEGER, $23::INTEGER, $24::INTEGER, $25::INTEGER, $26::INTEGER, $27::INTEGER)
2025-12-31 19:21:40,796 INFO sqlalchemy.engine.Engine [cached since 57.14s ago] (1, 2, 3, 4, 5, 6, 7, 8, 9, 10, 11, 12, 13, 14, 15, 16, 17, 18, 19, 20, 21, 22, 23, 24, 25, 26, 27)
2025-12-31 19:21:40,797 INFO sqlalchemy.engine.Engine SELECT vendor_certificates.vendor_id AS vendor_certificates_vendor_id, vendor_certificates.id AS vendor_certificates_id, vendor_certificates.certificate_type AS vendor_certificates_certificate_type, vendor_certificates.certificate_number AS vendor_certificates_certificate_number, vendor_certificates.issue_date AS vendor_certificates_issue_date, vendor_certificates.expiry_date AS vendor_certificates_expiry_date, vendor_certificates.status AS vendor_certificates_status, vendor_certificates.issuing_authority AS vendor_certificates_issuing_authority, vendor_certificates.certificate_url AS vendor_certificates_certificate_url, vendor_certificates.scope AS vendor_certificates_scope, vendor_certificates.notes AS vendor_certificates_notes, vendor_certificates.application_id AS vendor_certificates_application_id, vendor_certificates.created_at AS vendor_certificates_created_at, vendor_certificates.updated_at AS vendor_certificates_updated_at 
FROM vendor_certificates 
WHERE vendor_certificates.vendor_id IN ($1::INTEGER, $2::INTEGER, $3::INTEGER, $4::INTEGER, $5::INTEGER, $6::INTEGER, $7::INTEGER, $8::INTEGER, $9::INTEGER, $10::INTEGER, $11::INTEGER, $12::INTEGER, $13::INTEGER, $14::INTEGER, $15::INTEGER, $16::INTEGER, $17::INTEGER, $18::INTEGER, $19::INTEGER, $20::INTEGER, $21::INTEGER, $22::INTEGER, $23::INTEGER, $24::INTEGER, $25::INTEGER, $26::INTEGER, $27::INTEGER, $28::INTEGER, $29::INTEGER, $30::INTEGER, $31::INTEGER, $32::INTEGER)
2025-12-31 19:21:40,797 INFO sqlalchemy.engine.Engine [cached since 57.18s ago] (26, 27, 8, 7, 10, 11, 16, 17, 18, 19, 20, 21, 22, 23, 24, 25, 1, 2, 3, 4, 5, 6, 9, 12, 13, 14, 15, 28, 29, 30, 31, 32)
2025-12-31 19:21:40,798 INFO sqlalchemy.engine.Engine SELECT vendor_certificates.vendor_id AS vendor_certificates_vendor_id, vendor_certificates.id AS vendor_certificates_id, vendor_certificates.certificate_type AS vendor_certificates_certificate_type, vendor_certificates.certificate_number AS vendor_certificates_certificate_number, vendor_certificates.issue_date AS vendor_certificates_issue_date, vendor_certificates.expiry_date AS vendor_certificates_expiry_date, vendor_certificates.status AS vendor_certificates_status, vendor_certificates.issuing_authority AS vendor_certificates_issuing_authority, vendor_certificates.certificate_url AS vendor_certificates_certificate_url, vendor_certificates.scope AS vendor_certificates_scope, vendor_certificates.notes AS vendor_certificates_notes, vendor_certificates.application_id AS vendor_certificates_application_id, vendor_certificates.created_at AS vendor_certificates_created_at, vendor_certificates.updated_at AS vendor_certificates_updated_at 
FROM vendor_certificates 
WHERE vendor_certificates.vendor_id IN ($1::INTEGER, $2::INTEGER, $3::INTEGER, $4::INTEGER, $5::INTEGER, $6::INTEGER, $7::INTEGER, $8::INTEGER, $9::INTEGER, $10::INTEGER, $11::INTEGER, $12::INTEGER, $13::INTEGER, $14::INTEGER, $15::INTEGER, $16::INTEGER, $17::INTEGER, $18::INTEGER, $19::INTEGER, $20::INTEGER, $21::INTEGER, $22::INTEGER, $23::INTEGER, $24::INTEGER, $25::INTEGER, $26::INTEGER, $27::INTEGER, $28::INTEGER, $29::INTEGER, $30::INTEGER, $31::INTEGER, $32::INTEGER)
2025-12-31 19:21:40,798 INFO sqlalchemy.engine.Engine [cached since 57.18s ago] (26, 27, 8, 7, 10, 11, 16, 17, 18, 19, 20, 21, 22, 23, 24, 25, 1, 2, 3, 4, 5, 6, 9, 12, 13, 14, 15, 28, 29, 30, 31, 32)
2025-12-31 19:21:40,798 INFO sqlalchemy.engine.Engine COMMIT
2025-12-31 19:21:40,799 INFO sqlalchemy.engine.Engine COMMIT
2025-12-31 19:21:40,799 INFO sqlalchemy.engine.Engine COMMIT
2025-12-31 19:21:40,799 INFO sqlalchemy.engine.Engine COMMIT
2025-12-31 19:21:40 - app.main - INFO - ⚡ Completed in 0.0113s - Status: 200
INFO:     127.0.0.1:60461 - "GET /api/v1/audit/iso27001-compliance HTTP/1.1" 200 OK
2025-12-31 19:21:40 - app.main - INFO - ⚡ Completed in 0.0112s - Status: 200
INFO:     127.0.0.1:60463 - "GET /api/v1/audit/pcidss-compliance HTTP/1.1" 200 OK
2025-12-31 19:21:40 - app.main - INFO - ⚡ Completed in 0.0101s - Status: 200
INFO:     127.0.0.1:60464 - "GET /api/v1/audit/top-vendors?limit=5 HTTP/1.1" 200 OK
2025-12-31 19:21:40 - app.main - INFO - ⚡ Completed in 0.0146s - Status: 200
INFO:     127.0.0.1:60459 - "GET /api/v1/audit/statistics HTTP/1.1" 200 OK
2025-12-31 19:21:40 - app.main - INFO - 📨 GET http://localhost:8000/api/v1/audit/iso27001-compliance
2025-12-31 19:21:40 - app.main - INFO - 📨 GET http://localhost:8000/api/v1/audit/pcidss-compliance
2025-12-31 19:21:40 - app.main - INFO - 📨 GET http://localhost:8000/api/v1/audit/statistics
2025-12-31 19:21:40 - app.main - INFO - 📨 GET http://localhost:8000/api/v1/audit/top-vendors?limit=5
2025-12-31 19:21:40,804 INFO sqlalchemy.engine.Engine BEGIN (implicit)
2025-12-31 19:21:40,804 INFO sqlalchemy.engine.Engine SELECT applications.id, applications.name, applications.description, applications.application_type, applications.version, applications.url, applications.risk_level, applications.business_criticality, applications.data_classification, applications.owner, applications.vendor_name, applications.owner_id, applications.organization_id, applications.technology_stack, applications.environment, applications.hosting_type, applications.compliance_requirements, applications.last_security_review, applications.next_security_review, applications.created_at, applications.updated_at 
FROM applications
2025-12-31 19:21:40,804 INFO sqlalchemy.engine.Engine [cached since 57.16s ago] ()
2025-12-31 19:21:40,804 INFO sqlalchemy.engine.Engine BEGIN (implicit)
2025-12-31 19:21:40,804 INFO sqlalchemy.engine.Engine SELECT applications.id, applications.name, applications.description, applications.application_type, applications.version, applications.url, applications.risk_level, applications.business_criticality, applications.data_classification, applications.owner, applications.vendor_name, applications.owner_id, applications.organization_id, applications.technology_stack, applications.environment, applications.hosting_type, applications.compliance_requirements, applications.last_security_review, applications.next_security_review, applications.created_at, applications.updated_at 
FROM applications
2025-12-31 19:21:40,804 INFO sqlalchemy.engine.Engine [cached since 57.16s ago] ()
2025-12-31 19:21:40,804 INFO sqlalchemy.engine.Engine BEGIN (implicit)
2025-12-31 19:21:40,804 INFO sqlalchemy.engine.Engine SELECT vendors.id, vendors.name, vendors.description, vendors.category, vendors.contact_email, vendors.contact_phone, vendors.website, vendors.risk_level, vendors.last_risk_assessment, vendors.next_risk_assessment, vendors.contract_start_date, vendors.contract_end_date, vendors.contract_value, vendors.compliance_status, vendors.compliance_rate, vendors.compliant_controls, vendors.non_compliant_controls, vendors.last_compliance_check, vendors.organization_id, vendors.created_at, vendors.updated_at 
FROM vendors
2025-12-31 19:21:40,804 INFO sqlalchemy.engine.Engine [cached since 57.2s ago] ()
2025-12-31 19:21:40,804 INFO sqlalchemy.engine.Engine BEGIN (implicit)
2025-12-31 19:21:40,804 INFO sqlalchemy.engine.Engine SELECT vendors.id, vendors.name, vendors.description, vendors.category, vendors.contact_email, vendors.contact_phone, vendors.website, vendors.risk_level, vendors.last_risk_assessment, vendors.next_risk_assessment, vendors.contract_start_date, vendors.contract_end_date, vendors.contract_value, vendors.compliance_status, vendors.compliance_rate, vendors.compliant_controls, vendors.non_compliant_controls, vendors.last_compliance_check, vendors.organization_id, vendors.created_at, vendors.updated_at 
FROM vendors
2025-12-31 19:21:40,804 INFO sqlalchemy.engine.Engine [cached since 57.2s ago] ()
2025-12-31 19:21:40,805 INFO sqlalchemy.engine.Engine SELECT vendor_certificates.application_id AS vendor_certificates_application_id, vendor_certificates.id AS vendor_certificates_id, vendor_certificates.certificate_type AS vendor_certificates_certificate_type, vendor_certificates.certificate_number AS vendor_certificates_certificate_number, vendor_certificates.issue_date AS vendor_certificates_issue_date, vendor_certificates.expiry_date AS vendor_certificates_expiry_date, vendor_certificates.status AS vendor_certificates_status, vendor_certificates.issuing_authority AS vendor_certificates_issuing_authority, vendor_certificates.certificate_url AS vendor_certificates_certificate_url, vendor_certificates.scope AS vendor_certificates_scope, vendor_certificates.notes AS vendor_certificates_notes, vendor_certificates.vendor_id AS vendor_certificates_vendor_id, vendor_certificates.created_at AS vendor_certificates_created_at, vendor_certificates.updated_at AS vendor_certificates_updated_at 
FROM vendor_certificates 
WHERE vendor_certificates.application_id IN ($1::INTEGER, $2::INTEGER, $3::INTEGER, $4::INTEGER, $5::INTEGER, $6::INTEGER, $7::INTEGER, $8::INTEGER, $9::INTEGER, $10::INTEGER, $11::INTEGER, $12::INTEGER, $13::INTEGER, $14::INTEGER, $15::INTEGER, $16::INTEGER, $17::INTEGER, $18::INTEGER, $19::INTEGER, $20::INTEGER, $21::INTEGER, $22::INTEGER, $23::INTEGER, $24::INTEGER, $25::INTEGER, $26::INTEGER, $27::INTEGER)
2025-12-31 19:21:40,805 INFO sqlalchemy.engine.Engine [cached since 57.15s ago] (1, 2, 3, 4, 5, 6, 7, 8, 9, 10, 11, 12, 13, 14, 15, 16, 17, 18, 19, 20, 21, 22, 23, 24, 25, 26, 27)
2025-12-31 19:21:40,806 INFO sqlalchemy.engine.Engine SELECT vendor_certificates.application_id AS vendor_certificates_application_id, vendor_certificates.id AS vendor_certificates_id, vendor_certificates.certificate_type AS vendor_certificates_certificate_type, vendor_certificates.certificate_number AS vendor_certificates_certificate_number, vendor_certificates.issue_date AS vendor_certificates_issue_date, vendor_certificates.expiry_date AS vendor_certificates_expiry_date, vendor_certificates.status AS vendor_certificates_status, vendor_certificates.issuing_authority AS vendor_certificates_issuing_authority, vendor_certificates.certificate_url AS vendor_certificates_certificate_url, vendor_certificates.scope AS vendor_certificates_scope, vendor_certificates.notes AS vendor_certificates_notes, vendor_certificates.vendor_id AS vendor_certificates_vendor_id, vendor_certificates.created_at AS vendor_certificates_created_at, vendor_certificates.updated_at AS vendor_certificates_updated_at 
FROM vendor_certificates 
WHERE vendor_certificates.application_id IN ($1::INTEGER, $2::INTEGER, $3::INTEGER, $4::INTEGER, $5::INTEGER, $6::INTEGER, $7::INTEGER, $8::INTEGER, $9::INTEGER, $10::INTEGER, $11::INTEGER, $12::INTEGER, $13::INTEGER, $14::INTEGER, $15::INTEGER, $16::INTEGER, $17::INTEGER, $18::INTEGER, $19::INTEGER, $20::INTEGER, $21::INTEGER, $22::INTEGER, $23::INTEGER, $24::INTEGER, $25::INTEGER, $26::INTEGER, $27::INTEGER)
2025-12-31 19:21:40,806 INFO sqlalchemy.engine.Engine [cached since 57.15s ago] (1, 2, 3, 4, 5, 6, 7, 8, 9, 10, 11, 12, 13, 14, 15, 16, 17, 18, 19, 20, 21, 22, 23, 24, 25, 26, 27)
2025-12-31 19:21:40,807 INFO sqlalchemy.engine.Engine SELECT vendor_certificates.vendor_id AS vendor_certificates_vendor_id, vendor_certificates.id AS vendor_certificates_id, vendor_certificates.certificate_type AS vendor_certificates_certificate_type, vendor_certificates.certificate_number AS vendor_certificates_certificate_number, vendor_certificates.issue_date AS vendor_certificates_issue_date, vendor_certificates.expiry_date AS vendor_certificates_expiry_date, vendor_certificates.status AS vendor_certificates_status, vendor_certificates.issuing_authority AS vendor_certificates_issuing_authority, vendor_certificates.certificate_url AS vendor_certificates_certificate_url, vendor_certificates.scope AS vendor_certificates_scope, vendor_certificates.notes AS vendor_certificates_notes, vendor_certificates.application_id AS vendor_certificates_application_id, vendor_certificates.created_at AS vendor_certificates_created_at, vendor_certificates.updated_at AS vendor_certificates_updated_at 
FROM vendor_certificates 
WHERE vendor_certificates.vendor_id IN ($1::INTEGER, $2::INTEGER, $3::INTEGER, $4::INTEGER, $5::INTEGER, $6::INTEGER, $7::INTEGER, $8::INTEGER, $9::INTEGER, $10::INTEGER, $11::INTEGER, $12::INTEGER, $13::INTEGER, $14::INTEGER, $15::INTEGER, $16::INTEGER, $17::INTEGER, $18::INTEGER, $19::INTEGER, $20::INTEGER, $21::INTEGER, $22::INTEGER, $23::INTEGER, $24::INTEGER, $25::INTEGER, $26::INTEGER, $27::INTEGER, $28::INTEGER, $29::INTEGER, $30::INTEGER, $31::INTEGER, $32::INTEGER)
2025-12-31 19:21:40,807 INFO sqlalchemy.engine.Engine [cached since 57.19s ago] (26, 27, 8, 7, 10, 11, 16, 17, 18, 19, 20, 21, 22, 23, 24, 25, 1, 2, 3, 4, 5, 6, 9, 12, 13, 14, 15, 28, 29, 30, 31, 32)
2025-12-31 19:21:40,807 INFO sqlalchemy.engine.Engine SELECT vendor_certificates.vendor_id AS vendor_certificates_vendor_id, vendor_certificates.id AS vendor_certificates_id, vendor_certificates.certificate_type AS vendor_certificates_certificate_type, vendor_certificates.certificate_number AS vendor_certificates_certificate_number, vendor_certificates.issue_date AS vendor_certificates_issue_date, vendor_certificates.expiry_date AS vendor_certificates_expiry_date, vendor_certificates.status AS vendor_certificates_status, vendor_certificates.issuing_authority AS vendor_certificates_issuing_authority, vendor_certificates.certificate_url AS vendor_certificates_certificate_url, vendor_certificates.scope AS vendor_certificates_scope, vendor_certificates.notes AS vendor_certificates_notes, vendor_certificates.application_id AS vendor_certificates_application_id, vendor_certificates.created_at AS vendor_certificates_created_at, vendor_certificates.updated_at AS vendor_certificates_updated_at 
FROM vendor_certificates 
WHERE vendor_certificates.vendor_id IN ($1::INTEGER, $2::INTEGER, $3::INTEGER, $4::INTEGER, $5::INTEGER, $6::INTEGER, $7::INTEGER, $8::INTEGER, $9::INTEGER, $10::INTEGER, $11::INTEGER, $12::INTEGER, $13::INTEGER, $14::INTEGER, $15::INTEGER, $16::INTEGER, $17::INTEGER, $18::INTEGER, $19::INTEGER, $20::INTEGER, $21::INTEGER, $22::INTEGER, $23::INTEGER, $24::INTEGER, $25::INTEGER, $26::INTEGER, $27::INTEGER, $28::INTEGER, $29::INTEGER, $30::INTEGER, $31::INTEGER, $32::INTEGER)
2025-12-31 19:21:40,807 INFO sqlalchemy.engine.Engine [cached since 57.19s ago] (26, 27, 8, 7, 10, 11, 16, 17, 18, 19, 20, 21, 22, 23, 24, 25, 1, 2, 3, 4, 5, 6, 9, 12, 13, 14, 15, 28, 29, 30, 31, 32)
2025-12-31 19:21:40,808 INFO sqlalchemy.engine.Engine COMMIT
2025-12-31 19:21:40,808 INFO sqlalchemy.engine.Engine COMMIT
2025-12-31 19:21:40,809 INFO sqlalchemy.engine.Engine COMMIT
2025-12-31 19:21:40,810 INFO sqlalchemy.engine.Engine COMMIT
2025-12-31 19:21:40 - app.main - INFO - ⚡ Completed in 0.0097s - Status: 200
INFO:     127.0.0.1:60461 - "GET /api/v1/audit/iso27001-compliance HTTP/1.1" 200 OK
2025-12-31 19:21:40 - app.main - INFO - ⚡ Completed in 0.0086s - Status: 200
INFO:     127.0.0.1:60464 - "GET /api/v1/audit/top-vendors?limit=5 HTTP/1.1" 200 OK
2025-12-31 19:21:40 - app.main - INFO - ⚡ Completed in 0.0095s - Status: 200
INFO:     127.0.0.1:60459 - "GET /api/v1/audit/statistics HTTP/1.1" 200 OK
2025-12-31 19:21:40 - app.main - INFO - ⚡ Completed in 0.0102s - Status: 200
INFO:     127.0.0.1:60463 - "GET /api/v1/audit/pcidss-compliance HTTP/1.1" 200 OK
2025-12-31 19:21:47 - app.main - INFO - 📨 OPTIONS http://localhost:8000/api/v1/tprm/
2025-12-31 19:21:47 - app.main - INFO - 📨 OPTIONS http://localhost:8000/api/v1/tprm/
2025-12-31 19:21:47 - app.main - INFO - ⚡ Completed in 0.0007s - Status: 200
INFO:     127.0.0.1:60497 - "OPTIONS /api/v1/tprm/ HTTP/1.1" 200 OK
2025-12-31 19:21:47 - app.main - INFO - ⚡ Completed in 0.0006s - Status: 200
INFO:     127.0.0.1:60498 - "OPTIONS /api/v1/tprm/ HTTP/1.1" 200 OK
2025-12-31 19:21:47 - app.main - INFO - 📨 GET http://localhost:8000/api/v1/tprm/
2025-12-31 19:21:47,994 INFO sqlalchemy.engine.Engine BEGIN (implicit)
2025-12-31 19:21:47,996 INFO sqlalchemy.engine.Engine SELECT vendors.id, vendors.name, vendors.description, vendors.category, vendors.contact_email, vendors.contact_phone, vendors.website, vendors.risk_level, vendors.last_risk_assessment, vendors.next_risk_assessment, vendors.contract_start_date, vendors.contract_end_date, vendors.contract_value, vendors.compliance_status, vendors.compliance_rate, vendors.compliant_controls, vendors.non_compliant_controls, vendors.last_compliance_check, vendors.organization_id, vendors.created_at, vendors.updated_at 
FROM vendors ORDER BY vendors.name
2025-12-31 19:21:47,996 INFO sqlalchemy.engine.Engine [generated in 0.00013s] ()
2025-12-31 19:21:48,001 INFO sqlalchemy.engine.Engine SELECT vendor_compliance_records.id, vendor_compliance_records.compliance_area, vendor_compliance_records.status, vendor_compliance_records.assessment_date, vendor_compliance_records.expiry_date, vendor_compliance_records.certificate_url, vendor_compliance_records.notes, vendor_compliance_records.vendor_id, vendor_compliance_records.assessor_id, vendor_compliance_records.created_at, vendor_compliance_records.updated_at 
FROM vendor_compliance_records 
WHERE vendor_compliance_records.vendor_id = $1::INTEGER ORDER BY vendor_compliance_records.assessment_date DESC 
 LIMIT $2::INTEGER
2025-12-31 19:21:48,001 INFO sqlalchemy.engine.Engine [generated in 0.00029s] (1, 1)
2025-12-31 19:21:48,004 INFO sqlalchemy.engine.Engine SELECT vendor_compliance_records.id, vendor_compliance_records.compliance_area, vendor_compliance_records.status, vendor_compliance_records.assessment_date, vendor_compliance_records.expiry_date, vendor_compliance_records.certificate_url, vendor_compliance_records.notes, vendor_compliance_records.vendor_id, vendor_compliance_records.assessor_id, vendor_compliance_records.created_at, vendor_compliance_records.updated_at 
FROM vendor_compliance_records 
WHERE vendor_compliance_records.vendor_id = $1::INTEGER ORDER BY vendor_compliance_records.assessment_date DESC 
 LIMIT $2::INTEGER
2025-12-31 19:21:48,004 INFO sqlalchemy.engine.Engine [cached since 0.003421s ago] (24, 1)
2025-12-31 19:21:48,005 INFO sqlalchemy.engine.Engine SELECT vendor_compliance_records.id, vendor_compliance_records.compliance_area, vendor_compliance_records.status, vendor_compliance_records.assessment_date, vendor_compliance_records.expiry_date, vendor_compliance_records.certificate_url, vendor_compliance_records.notes, vendor_compliance_records.vendor_id, vendor_compliance_records.assessor_id, vendor_compliance_records.created_at, vendor_compliance_records.updated_at 
FROM vendor_compliance_records 
WHERE vendor_compliance_records.vendor_id = $1::INTEGER ORDER BY vendor_compliance_records.assessment_date DESC 
 LIMIT $2::INTEGER
2025-12-31 19:21:48,005 INFO sqlalchemy.engine.Engine [cached since 0.004528s ago] (27, 1)
2025-12-31 19:21:48,006 INFO sqlalchemy.engine.Engine SELECT vendor_compliance_records.id, vendor_compliance_records.compliance_area, vendor_compliance_records.status, vendor_compliance_records.assessment_date, vendor_compliance_records.expiry_date, vendor_compliance_records.certificate_url, vendor_compliance_records.notes, vendor_compliance_records.vendor_id, vendor_compliance_records.assessor_id, vendor_compliance_records.created_at, vendor_compliance_records.updated_at 
FROM vendor_compliance_records 
WHERE vendor_compliance_records.vendor_id = $1::INTEGER ORDER BY vendor_compliance_records.assessment_date DESC 
 LIMIT $2::INTEGER
2025-12-31 19:21:48,006 INFO sqlalchemy.engine.Engine [cached since 0.005598s ago] (28, 1)
2025-12-31 19:21:48,019 INFO sqlalchemy.engine.Engine SELECT vendor_compliance_records.id, vendor_compliance_records.compliance_area, vendor_compliance_records.status, vendor_compliance_records.assessment_date, vendor_compliance_records.expiry_date, vendor_compliance_records.certificate_url, vendor_compliance_records.notes, vendor_compliance_records.vendor_id, vendor_compliance_records.assessor_id, vendor_compliance_records.created_at, vendor_compliance_records.updated_at 
FROM vendor_compliance_records 
WHERE vendor_compliance_records.vendor_id = $1::INTEGER ORDER BY vendor_compliance_records.assessment_date DESC 
 LIMIT $2::INTEGER
2025-12-31 19:21:48,019 INFO sqlalchemy.engine.Engine [cached since 0.01825s ago] (10, 1)
2025-12-31 19:21:48,023 INFO sqlalchemy.engine.Engine SELECT vendor_compliance_records.id, vendor_compliance_records.compliance_area, vendor_compliance_records.status, vendor_compliance_records.assessment_date, vendor_compliance_records.expiry_date, vendor_compliance_records.certificate_url, vendor_compliance_records.notes, vendor_compliance_records.vendor_id, vendor_compliance_records.assessor_id, vendor_compliance_records.created_at, vendor_compliance_records.updated_at 
FROM vendor_compliance_records 
WHERE vendor_compliance_records.vendor_id = $1::INTEGER ORDER BY vendor_compliance_records.assessment_date DESC 
 LIMIT $2::INTEGER
2025-12-31 19:21:48,023 INFO sqlalchemy.engine.Engine [cached since 0.02226s ago] (9, 1)
2025-12-31 19:21:48,024 INFO sqlalchemy.engine.Engine SELECT vendor_compliance_records.id, vendor_compliance_records.compliance_area, vendor_compliance_records.status, vendor_compliance_records.assessment_date, vendor_compliance_records.expiry_date, vendor_compliance_records.certificate_url, vendor_compliance_records.notes, vendor_compliance_records.vendor_id, vendor_compliance_records.assessor_id, vendor_compliance_records.created_at, vendor_compliance_records.updated_at 
FROM vendor_compliance_records 
WHERE vendor_compliance_records.vendor_id = $1::INTEGER ORDER BY vendor_compliance_records.assessment_date DESC 
 LIMIT $2::INTEGER
2025-12-31 19:21:48,025 INFO sqlalchemy.engine.Engine [cached since 0.02389s ago] (18, 1)
2025-12-31 19:21:48,025 INFO sqlalchemy.engine.Engine SELECT vendor_compliance_records.id, vendor_compliance_records.compliance_area, vendor_compliance_records.status, vendor_compliance_records.assessment_date, vendor_compliance_records.expiry_date, vendor_compliance_records.certificate_url, vendor_compliance_records.notes, vendor_compliance_records.vendor_id, vendor_compliance_records.assessor_id, vendor_compliance_records.created_at, vendor_compliance_records.updated_at 
FROM vendor_compliance_records 
WHERE vendor_compliance_records.vendor_id = $1::INTEGER ORDER BY vendor_compliance_records.assessment_date DESC 
 LIMIT $2::INTEGER
2025-12-31 19:21:48,025 INFO sqlalchemy.engine.Engine [cached since 0.02451s ago] (2, 1)
2025-12-31 19:21:48,026 INFO sqlalchemy.engine.Engine SELECT vendor_compliance_records.id, vendor_compliance_records.compliance_area, vendor_compliance_records.status, vendor_compliance_records.assessment_date, vendor_compliance_records.expiry_date, vendor_compliance_records.certificate_url, vendor_compliance_records.notes, vendor_compliance_records.vendor_id, vendor_compliance_records.assessor_id, vendor_compliance_records.created_at, vendor_compliance_records.updated_at 
FROM vendor_compliance_records 
WHERE vendor_compliance_records.vendor_id = $1::INTEGER ORDER BY vendor_compliance_records.assessment_date DESC 
 LIMIT $2::INTEGER
2025-12-31 19:21:48,026 INFO sqlalchemy.engine.Engine [cached since 0.02494s ago] (13, 1)
2025-12-31 19:21:48,026 INFO sqlalchemy.engine.Engine SELECT vendor_compliance_records.id, vendor_compliance_records.compliance_area, vendor_compliance_records.status, vendor_compliance_records.assessment_date, vendor_compliance_records.expiry_date, vendor_compliance_records.certificate_url, vendor_compliance_records.notes, vendor_compliance_records.vendor_id, vendor_compliance_records.assessor_id, vendor_compliance_records.created_at, vendor_compliance_records.updated_at 
FROM vendor_compliance_records 
WHERE vendor_compliance_records.vendor_id = $1::INTEGER ORDER BY vendor_compliance_records.assessment_date DESC 
 LIMIT $2::INTEGER
2025-12-31 19:21:48,026 INFO sqlalchemy.engine.Engine [cached since 0.0253s ago] (29, 1)
2025-12-31 19:21:48,026 INFO sqlalchemy.engine.Engine SELECT vendor_compliance_records.id, vendor_compliance_records.compliance_area, vendor_compliance_records.status, vendor_compliance_records.assessment_date, vendor_compliance_records.expiry_date, vendor_compliance_records.certificate_url, vendor_compliance_records.notes, vendor_compliance_records.vendor_id, vendor_compliance_records.assessor_id, vendor_compliance_records.created_at, vendor_compliance_records.updated_at 
FROM vendor_compliance_records 
WHERE vendor_compliance_records.vendor_id = $1::INTEGER ORDER BY vendor_compliance_records.assessment_date DESC 
 LIMIT $2::INTEGER
2025-12-31 19:21:48,026 INFO sqlalchemy.engine.Engine [cached since 0.02561s ago] (19, 1)
2025-12-31 19:21:48,027 INFO sqlalchemy.engine.Engine SELECT vendor_compliance_records.id, vendor_compliance_records.compliance_area, vendor_compliance_records.status, vendor_compliance_records.assessment_date, vendor_compliance_records.expiry_date, vendor_compliance_records.certificate_url, vendor_compliance_records.notes, vendor_compliance_records.vendor_id, vendor_compliance_records.assessor_id, vendor_compliance_records.created_at, vendor_compliance_records.updated_at 
FROM vendor_compliance_records 
WHERE vendor_compliance_records.vendor_id = $1::INTEGER ORDER BY vendor_compliance_records.assessment_date DESC 
 LIMIT $2::INTEGER
2025-12-31 19:21:48,027 INFO sqlalchemy.engine.Engine [cached since 0.02595s ago] (11, 1)
2025-12-31 19:21:48,027 INFO sqlalchemy.engine.Engine SELECT vendor_compliance_records.id, vendor_compliance_records.compliance_area, vendor_compliance_records.status, vendor_compliance_records.assessment_date, vendor_compliance_records.expiry_date, vendor_compliance_records.certificate_url, vendor_compliance_records.notes, vendor_compliance_records.vendor_id, vendor_compliance_records.assessor_id, vendor_compliance_records.created_at, vendor_compliance_records.updated_at 
FROM vendor_compliance_records 
WHERE vendor_compliance_records.vendor_id = $1::INTEGER ORDER BY vendor_compliance_records.assessment_date DESC 
 LIMIT $2::INTEGER
2025-12-31 19:21:48,027 INFO sqlalchemy.engine.Engine [cached since 0.02628s ago] (22, 1)
2025-12-31 19:21:48,027 INFO sqlalchemy.engine.Engine SELECT vendor_compliance_records.id, vendor_compliance_records.compliance_area, vendor_compliance_records.status, vendor_compliance_records.assessment_date, vendor_compliance_records.expiry_date, vendor_compliance_records.certificate_url, vendor_compliance_records.notes, vendor_compliance_records.vendor_id, vendor_compliance_records.assessor_id, vendor_compliance_records.created_at, vendor_compliance_records.updated_at 
FROM vendor_compliance_records 
WHERE vendor_compliance_records.vendor_id = $1::INTEGER ORDER BY vendor_compliance_records.assessment_date DESC 
 LIMIT $2::INTEGER
2025-12-31 19:21:48,027 INFO sqlalchemy.engine.Engine [cached since 0.02669s ago] (25, 1)
2025-12-31 19:21:48,028 INFO sqlalchemy.engine.Engine SELECT vendor_compliance_records.id, vendor_compliance_records.compliance_area, vendor_compliance_records.status, vendor_compliance_records.assessment_date, vendor_compliance_records.expiry_date, vendor_compliance_records.certificate_url, vendor_compliance_records.notes, vendor_compliance_records.vendor_id, vendor_compliance_records.assessor_id, vendor_compliance_records.created_at, vendor_compliance_records.updated_at 
FROM vendor_compliance_records 
WHERE vendor_compliance_records.vendor_id = $1::INTEGER ORDER BY vendor_compliance_records.assessment_date DESC 
 LIMIT $2::INTEGER
2025-12-31 19:21:48,030 INFO sqlalchemy.engine.Engine [cached since 0.02932s ago] (6, 1)
2025-12-31 19:21:48,031 INFO sqlalchemy.engine.Engine SELECT vendor_compliance_records.id, vendor_compliance_records.compliance_area, vendor_compliance_records.status, vendor_compliance_records.assessment_date, vendor_compliance_records.expiry_date, vendor_compliance_records.certificate_url, vendor_compliance_records.notes, vendor_compliance_records.vendor_id, vendor_compliance_records.assessor_id, vendor_compliance_records.created_at, vendor_compliance_records.updated_at 
FROM vendor_compliance_records 
WHERE vendor_compliance_records.vendor_id = $1::INTEGER ORDER BY vendor_compliance_records.assessment_date DESC 
 LIMIT $2::INTEGER
2025-12-31 19:21:48,031 INFO sqlalchemy.engine.Engine [cached since 0.0304s ago] (32, 1)
2025-12-31 19:21:48,032 INFO sqlalchemy.engine.Engine SELECT vendor_compliance_records.id, vendor_compliance_records.compliance_area, vendor_compliance_records.status, vendor_compliance_records.assessment_date, vendor_compliance_records.expiry_date, vendor_compliance_records.certificate_url, vendor_compliance_records.notes, vendor_compliance_records.vendor_id, vendor_compliance_records.assessor_id, vendor_compliance_records.created_at, vendor_compliance_records.updated_at 
FROM vendor_compliance_records 
WHERE vendor_compliance_records.vendor_id = $1::INTEGER ORDER BY vendor_compliance_records.assessment_date DESC 
 LIMIT $2::INTEGER
2025-12-31 19:21:48,032 INFO sqlalchemy.engine.Engine [cached since 0.03089s ago] (31, 1)
2025-12-31 19:21:48,032 INFO sqlalchemy.engine.Engine SELECT vendor_compliance_records.id, vendor_compliance_records.compliance_area, vendor_compliance_records.status, vendor_compliance_records.assessment_date, vendor_compliance_records.expiry_date, vendor_compliance_records.certificate_url, vendor_compliance_records.notes, vendor_compliance_records.vendor_id, vendor_compliance_records.assessor_id, vendor_compliance_records.created_at, vendor_compliance_records.updated_at 
FROM vendor_compliance_records 
WHERE vendor_compliance_records.vendor_id = $1::INTEGER ORDER BY vendor_compliance_records.assessment_date DESC 
 LIMIT $2::INTEGER
2025-12-31 19:21:48,032 INFO sqlalchemy.engine.Engine [cached since 0.03123s ago] (21, 1)
2025-12-31 19:21:48,032 INFO sqlalchemy.engine.Engine SELECT vendor_compliance_records.id, vendor_compliance_records.compliance_area, vendor_compliance_records.status, vendor_compliance_records.assessment_date, vendor_compliance_records.expiry_date, vendor_compliance_records.certificate_url, vendor_compliance_records.notes, vendor_compliance_records.vendor_id, vendor_compliance_records.assessor_id, vendor_compliance_records.created_at, vendor_compliance_records.updated_at 
FROM vendor_compliance_records 
WHERE vendor_compliance_records.vendor_id = $1::INTEGER ORDER BY vendor_compliance_records.assessment_date DESC 
 LIMIT $2::INTEGER
2025-12-31 19:21:48,032 INFO sqlalchemy.engine.Engine [cached since 0.03157s ago] (4, 1)
2025-12-31 19:21:48,033 INFO sqlalchemy.engine.Engine SELECT vendor_compliance_records.id, vendor_compliance_records.compliance_area, vendor_compliance_records.status, vendor_compliance_records.assessment_date, vendor_compliance_records.expiry_date, vendor_compliance_records.certificate_url, vendor_compliance_records.notes, vendor_compliance_records.vendor_id, vendor_compliance_records.assessor_id, vendor_compliance_records.created_at, vendor_compliance_records.updated_at 
FROM vendor_compliance_records 
WHERE vendor_compliance_records.vendor_id = $1::INTEGER ORDER BY vendor_compliance_records.assessment_date DESC 
 LIMIT $2::INTEGER
2025-12-31 19:21:48,033 INFO sqlalchemy.engine.Engine [cached since 0.03198s ago] (5, 1)
2025-12-31 19:21:48,033 INFO sqlalchemy.engine.Engine SELECT vendor_compliance_records.id, vendor_compliance_records.compliance_area, vendor_compliance_records.status, vendor_compliance_records.assessment_date, vendor_compliance_records.expiry_date, vendor_compliance_records.certificate_url, vendor_compliance_records.notes, vendor_compliance_records.vendor_id, vendor_compliance_records.assessor_id, vendor_compliance_records.created_at, vendor_compliance_records.updated_at 
FROM vendor_compliance_records 
WHERE vendor_compliance_records.vendor_id = $1::INTEGER ORDER BY vendor_compliance_records.assessment_date DESC 
 LIMIT $2::INTEGER
2025-12-31 19:21:48,033 INFO sqlalchemy.engine.Engine [cached since 0.03259s ago] (20, 1)
2025-12-31 19:21:48,034 INFO sqlalchemy.engine.Engine SELECT vendor_compliance_records.id, vendor_compliance_records.compliance_area, vendor_compliance_records.status, vendor_compliance_records.assessment_date, vendor_compliance_records.expiry_date, vendor_compliance_records.certificate_url, vendor_compliance_records.notes, vendor_compliance_records.vendor_id, vendor_compliance_records.assessor_id, vendor_compliance_records.created_at, vendor_compliance_records.updated_at 
FROM vendor_compliance_records 
WHERE vendor_compliance_records.vendor_id = $1::INTEGER ORDER BY vendor_compliance_records.assessment_date DESC 
 LIMIT $2::INTEGER
2025-12-31 19:21:48,034 INFO sqlalchemy.engine.Engine [cached since 0.03294s ago] (17, 1)
2025-12-31 19:21:48,034 INFO sqlalchemy.engine.Engine SELECT vendor_compliance_records.id, vendor_compliance_records.compliance_area, vendor_compliance_records.status, vendor_compliance_records.assessment_date, vendor_compliance_records.expiry_date, vendor_compliance_records.certificate_url, vendor_compliance_records.notes, vendor_compliance_records.vendor_id, vendor_compliance_records.assessor_id, vendor_compliance_records.created_at, vendor_compliance_records.updated_at 
FROM vendor_compliance_records 
WHERE vendor_compliance_records.vendor_id = $1::INTEGER ORDER BY vendor_compliance_records.assessment_date DESC 
 LIMIT $2::INTEGER
2025-12-31 19:21:48,034 INFO sqlalchemy.engine.Engine [cached since 0.03326s ago] (8, 1)
2025-12-31 19:21:48,034 INFO sqlalchemy.engine.Engine SELECT vendor_compliance_records.id, vendor_compliance_records.compliance_area, vendor_compliance_records.status, vendor_compliance_records.assessment_date, vendor_compliance_records.expiry_date, vendor_compliance_records.certificate_url, vendor_compliance_records.notes, vendor_compliance_records.vendor_id, vendor_compliance_records.assessor_id, vendor_compliance_records.created_at, vendor_compliance_records.updated_at 
FROM vendor_compliance_records 
WHERE vendor_compliance_records.vendor_id = $1::INTEGER ORDER BY vendor_compliance_records.assessment_date DESC 
 LIMIT $2::INTEGER
2025-12-31 19:21:48,034 INFO sqlalchemy.engine.Engine [cached since 0.03357s ago] (30, 1)
2025-12-31 19:21:48,035 INFO sqlalchemy.engine.Engine SELECT vendor_compliance_records.id, vendor_compliance_records.compliance_area, vendor_compliance_records.status, vendor_compliance_records.assessment_date, vendor_compliance_records.expiry_date, vendor_compliance_records.certificate_url, vendor_compliance_records.notes, vendor_compliance_records.vendor_id, vendor_compliance_records.assessor_id, vendor_compliance_records.created_at, vendor_compliance_records.updated_at 
FROM vendor_compliance_records 
WHERE vendor_compliance_records.vendor_id = $1::INTEGER ORDER BY vendor_compliance_records.assessment_date DESC 
 LIMIT $2::INTEGER
2025-12-31 19:21:48,035 INFO sqlalchemy.engine.Engine [cached since 0.03394s ago] (3, 1)
2025-12-31 19:21:48,035 INFO sqlalchemy.engine.Engine SELECT vendor_compliance_records.id, vendor_compliance_records.compliance_area, vendor_compliance_records.status, vendor_compliance_records.assessment_date, vendor_compliance_records.expiry_date, vendor_compliance_records.certificate_url, vendor_compliance_records.notes, vendor_compliance_records.vendor_id, vendor_compliance_records.assessor_id, vendor_compliance_records.created_at, vendor_compliance_records.updated_at 
FROM vendor_compliance_records 
WHERE vendor_compliance_records.vendor_id = $1::INTEGER ORDER BY vendor_compliance_records.assessment_date DESC 
 LIMIT $2::INTEGER
2025-12-31 19:21:48,035 INFO sqlalchemy.engine.Engine [cached since 0.03428s ago] (23, 1)
2025-12-31 19:21:48,035 INFO sqlalchemy.engine.Engine SELECT vendor_compliance_records.id, vendor_compliance_records.compliance_area, vendor_compliance_records.status, vendor_compliance_records.assessment_date, vendor_compliance_records.expiry_date, vendor_compliance_records.certificate_url, vendor_compliance_records.notes, vendor_compliance_records.vendor_id, vendor_compliance_records.assessor_id, vendor_compliance_records.created_at, vendor_compliance_records.updated_at 
FROM vendor_compliance_records 
WHERE vendor_compliance_records.vendor_id = $1::INTEGER ORDER BY vendor_compliance_records.assessment_date DESC 
 LIMIT $2::INTEGER
2025-12-31 19:21:48,035 INFO sqlalchemy.engine.Engine [cached since 0.03462s ago] (12, 1)
2025-12-31 19:21:48,036 INFO sqlalchemy.engine.Engine SELECT vendor_compliance_records.id, vendor_compliance_records.compliance_area, vendor_compliance_records.status, vendor_compliance_records.assessment_date, vendor_compliance_records.expiry_date, vendor_compliance_records.certificate_url, vendor_compliance_records.notes, vendor_compliance_records.vendor_id, vendor_compliance_records.assessor_id, vendor_compliance_records.created_at, vendor_compliance_records.updated_at 
FROM vendor_compliance_records 
WHERE vendor_compliance_records.vendor_id = $1::INTEGER ORDER BY vendor_compliance_records.assessment_date DESC 
 LIMIT $2::INTEGER
2025-12-31 19:21:48,036 INFO sqlalchemy.engine.Engine [cached since 0.03494s ago] (16, 1)
2025-12-31 19:21:48,036 INFO sqlalchemy.engine.Engine SELECT vendor_compliance_records.id, vendor_compliance_records.compliance_area, vendor_compliance_records.status, vendor_compliance_records.assessment_date, vendor_compliance_records.expiry_date, vendor_compliance_records.certificate_url, vendor_compliance_records.notes, vendor_compliance_records.vendor_id, vendor_compliance_records.assessor_id, vendor_compliance_records.created_at, vendor_compliance_records.updated_at 
FROM vendor_compliance_records 
WHERE vendor_compliance_records.vendor_id = $1::INTEGER ORDER BY vendor_compliance_records.assessment_date DESC 
 LIMIT $2::INTEGER
2025-12-31 19:21:48,036 INFO sqlalchemy.engine.Engine [cached since 0.03528s ago] (7, 1)
2025-12-31 19:21:48,036 INFO sqlalchemy.engine.Engine SELECT vendor_compliance_records.id, vendor_compliance_records.compliance_area, vendor_compliance_records.status, vendor_compliance_records.assessment_date, vendor_compliance_records.expiry_date, vendor_compliance_records.certificate_url, vendor_compliance_records.notes, vendor_compliance_records.vendor_id, vendor_compliance_records.assessor_id, vendor_compliance_records.created_at, vendor_compliance_records.updated_at 
FROM vendor_compliance_records 
WHERE vendor_compliance_records.vendor_id = $1::INTEGER ORDER BY vendor_compliance_records.assessment_date DESC 
 LIMIT $2::INTEGER
2025-12-31 19:21:48,036 INFO sqlalchemy.engine.Engine [cached since 0.03562s ago] (26, 1)
2025-12-31 19:21:48,037 INFO sqlalchemy.engine.Engine SELECT vendor_compliance_records.id, vendor_compliance_records.compliance_area, vendor_compliance_records.status, vendor_compliance_records.assessment_date, vendor_compliance_records.expiry_date, vendor_compliance_records.certificate_url, vendor_compliance_records.notes, vendor_compliance_records.vendor_id, vendor_compliance_records.assessor_id, vendor_compliance_records.created_at, vendor_compliance_records.updated_at 
FROM vendor_compliance_records 
WHERE vendor_compliance_records.vendor_id = $1::INTEGER ORDER BY vendor_compliance_records.assessment_date DESC 
 LIMIT $2::INTEGER
2025-12-31 19:21:48,037 INFO sqlalchemy.engine.Engine [cached since 0.03596s ago] (14, 1)
2025-12-31 19:21:48,037 INFO sqlalchemy.engine.Engine SELECT vendor_compliance_records.id, vendor_compliance_records.compliance_area, vendor_compliance_records.status, vendor_compliance_records.assessment_date, vendor_compliance_records.expiry_date, vendor_compliance_records.certificate_url, vendor_compliance_records.notes, vendor_compliance_records.vendor_id, vendor_compliance_records.assessor_id, vendor_compliance_records.created_at, vendor_compliance_records.updated_at 
FROM vendor_compliance_records 
WHERE vendor_compliance_records.vendor_id = $1::INTEGER ORDER BY vendor_compliance_records.assessment_date DESC 
 LIMIT $2::INTEGER
2025-12-31 19:21:48,037 INFO sqlalchemy.engine.Engine [cached since 0.03631s ago] (15, 1)
2025-12-31 19:21:48,038 INFO sqlalchemy.engine.Engine COMMIT
2025-12-31 19:21:48 - app.main - INFO - ⚡ Completed in 0.0454s - Status: 200
INFO:     127.0.0.1:60497 - "GET /api/v1/tprm/ HTTP/1.1" 200 OK
2025-12-31 19:21:48 - app.main - INFO - 📨 GET http://localhost:8000/api/v1/tprm/
2025-12-31 19:21:48,040 INFO sqlalchemy.engine.Engine BEGIN (implicit)
2025-12-31 19:21:48,041 INFO sqlalchemy.engine.Engine SELECT vendors.id, vendors.name, vendors.description, vendors.category, vendors.contact_email, vendors.contact_phone, vendors.website, vendors.risk_level, vendors.last_risk_assessment, vendors.next_risk_assessment, vendors.contract_start_date, vendors.contract_end_date, vendors.contract_value, vendors.compliance_status, vendors.compliance_rate, vendors.compliant_controls, vendors.non_compliant_controls, vendors.last_compliance_check, vendors.organization_id, vendors.created_at, vendors.updated_at 
FROM vendors ORDER BY vendors.name
2025-12-31 19:21:48,041 INFO sqlalchemy.engine.Engine [cached since 0.0451s ago] ()
2025-12-31 19:21:48,042 INFO sqlalchemy.engine.Engine SELECT vendor_compliance_records.id, vendor_compliance_records.compliance_area, vendor_compliance_records.status, vendor_compliance_records.assessment_date, vendor_compliance_records.expiry_date, vendor_compliance_records.certificate_url, vendor_compliance_records.notes, vendor_compliance_records.vendor_id, vendor_compliance_records.assessor_id, vendor_compliance_records.created_at, vendor_compliance_records.updated_at 
FROM vendor_compliance_records 
WHERE vendor_compliance_records.vendor_id = $1::INTEGER ORDER BY vendor_compliance_records.assessment_date DESC 
 LIMIT $2::INTEGER
2025-12-31 19:21:48,042 INFO sqlalchemy.engine.Engine [cached since 0.04138s ago] (1, 1)
2025-12-31 19:21:48,044 INFO sqlalchemy.engine.Engine SELECT vendor_compliance_records.id, vendor_compliance_records.compliance_area, vendor_compliance_records.status, vendor_compliance_records.assessment_date, vendor_compliance_records.expiry_date, vendor_compliance_records.certificate_url, vendor_compliance_records.notes, vendor_compliance_records.vendor_id, vendor_compliance_records.assessor_id, vendor_compliance_records.created_at, vendor_compliance_records.updated_at 
FROM vendor_compliance_records 
WHERE vendor_compliance_records.vendor_id = $1::INTEGER ORDER BY vendor_compliance_records.assessment_date DESC 
 LIMIT $2::INTEGER
2025-12-31 19:21:48,044 INFO sqlalchemy.engine.Engine [cached since 0.04358s ago] (24, 1)
2025-12-31 19:21:48,045 INFO sqlalchemy.engine.Engine SELECT vendor_compliance_records.id, vendor_compliance_records.compliance_area, vendor_compliance_records.status, vendor_compliance_records.assessment_date, vendor_compliance_records.expiry_date, vendor_compliance_records.certificate_url, vendor_compliance_records.notes, vendor_compliance_records.vendor_id, vendor_compliance_records.assessor_id, vendor_compliance_records.created_at, vendor_compliance_records.updated_at 
FROM vendor_compliance_records 
WHERE vendor_compliance_records.vendor_id = $1::INTEGER ORDER BY vendor_compliance_records.assessment_date DESC 
 LIMIT $2::INTEGER
2025-12-31 19:21:48,045 INFO sqlalchemy.engine.Engine [cached since 0.04431s ago] (27, 1)
2025-12-31 19:21:48,045 INFO sqlalchemy.engine.Engine SELECT vendor_compliance_records.id, vendor_compliance_records.compliance_area, vendor_compliance_records.status, vendor_compliance_records.assessment_date, vendor_compliance_records.expiry_date, vendor_compliance_records.certificate_url, vendor_compliance_records.notes, vendor_compliance_records.vendor_id, vendor_compliance_records.assessor_id, vendor_compliance_records.created_at, vendor_compliance_records.updated_at 
FROM vendor_compliance_records 
WHERE vendor_compliance_records.vendor_id = $1::INTEGER ORDER BY vendor_compliance_records.assessment_date DESC 
 LIMIT $2::INTEGER
2025-12-31 19:21:48,045 INFO sqlalchemy.engine.Engine [cached since 0.04481s ago] (28, 1)
2025-12-31 19:21:48,046 INFO sqlalchemy.engine.Engine SELECT vendor_compliance_records.id, vendor_compliance_records.compliance_area, vendor_compliance_records.status, vendor_compliance_records.assessment_date, vendor_compliance_records.expiry_date, vendor_compliance_records.certificate_url, vendor_compliance_records.notes, vendor_compliance_records.vendor_id, vendor_compliance_records.assessor_id, vendor_compliance_records.created_at, vendor_compliance_records.updated_at 
FROM vendor_compliance_records 
WHERE vendor_compliance_records.vendor_id = $1::INTEGER ORDER BY vendor_compliance_records.assessment_date DESC 
 LIMIT $2::INTEGER
2025-12-31 19:21:48,046 INFO sqlalchemy.engine.Engine [cached since 0.04519s ago] (10, 1)
2025-12-31 19:21:48,046 INFO sqlalchemy.engine.Engine SELECT vendor_compliance_records.id, vendor_compliance_records.compliance_area, vendor_compliance_records.status, vendor_compliance_records.assessment_date, vendor_compliance_records.expiry_date, vendor_compliance_records.certificate_url, vendor_compliance_records.notes, vendor_compliance_records.vendor_id, vendor_compliance_records.assessor_id, vendor_compliance_records.created_at, vendor_compliance_records.updated_at 
FROM vendor_compliance_records 
WHERE vendor_compliance_records.vendor_id = $1::INTEGER ORDER BY vendor_compliance_records.assessment_date DESC 
 LIMIT $2::INTEGER
2025-12-31 19:21:48,046 INFO sqlalchemy.engine.Engine [cached since 0.04555s ago] (9, 1)
2025-12-31 19:21:48,047 INFO sqlalchemy.engine.Engine SELECT vendor_compliance_records.id, vendor_compliance_records.compliance_area, vendor_compliance_records.status, vendor_compliance_records.assessment_date, vendor_compliance_records.expiry_date, vendor_compliance_records.certificate_url, vendor_compliance_records.notes, vendor_compliance_records.vendor_id, vendor_compliance_records.assessor_id, vendor_compliance_records.created_at, vendor_compliance_records.updated_at 
FROM vendor_compliance_records 
WHERE vendor_compliance_records.vendor_id = $1::INTEGER ORDER BY vendor_compliance_records.assessment_date DESC 
 LIMIT $2::INTEGER
2025-12-31 19:21:48,047 INFO sqlalchemy.engine.Engine [cached since 0.04593s ago] (18, 1)
2025-12-31 19:21:48,047 INFO sqlalchemy.engine.Engine SELECT vendor_compliance_records.id, vendor_compliance_records.compliance_area, vendor_compliance_records.status, vendor_compliance_records.assessment_date, vendor_compliance_records.expiry_date, vendor_compliance_records.certificate_url, vendor_compliance_records.notes, vendor_compliance_records.vendor_id, vendor_compliance_records.assessor_id, vendor_compliance_records.created_at, vendor_compliance_records.updated_at 
FROM vendor_compliance_records 
WHERE vendor_compliance_records.vendor_id = $1::INTEGER ORDER BY vendor_compliance_records.assessment_date DESC 
 LIMIT $2::INTEGER
2025-12-31 19:21:48,047 INFO sqlalchemy.engine.Engine [cached since 0.04623s ago] (2, 1)
2025-12-31 19:21:48,047 INFO sqlalchemy.engine.Engine SELECT vendor_compliance_records.id, vendor_compliance_records.compliance_area, vendor_compliance_records.status, vendor_compliance_records.assessment_date, vendor_compliance_records.expiry_date, vendor_compliance_records.certificate_url, vendor_compliance_records.notes, vendor_compliance_records.vendor_id, vendor_compliance_records.assessor_id, vendor_compliance_records.created_at, vendor_compliance_records.updated_at 
FROM vendor_compliance_records 
WHERE vendor_compliance_records.vendor_id = $1::INTEGER ORDER BY vendor_compliance_records.assessment_date DESC 
 LIMIT $2::INTEGER
2025-12-31 19:21:48,047 INFO sqlalchemy.engine.Engine [cached since 0.04651s ago] (13, 1)
2025-12-31 19:21:48,047 INFO sqlalchemy.engine.Engine SELECT vendor_compliance_records.id, vendor_compliance_records.compliance_area, vendor_compliance_records.status, vendor_compliance_records.assessment_date, vendor_compliance_records.expiry_date, vendor_compliance_records.certificate_url, vendor_compliance_records.notes, vendor_compliance_records.vendor_id, vendor_compliance_records.assessor_id, vendor_compliance_records.created_at, vendor_compliance_records.updated_at 
FROM vendor_compliance_records 
WHERE vendor_compliance_records.vendor_id = $1::INTEGER ORDER BY vendor_compliance_records.assessment_date DESC 
 LIMIT $2::INTEGER
2025-12-31 19:21:48,047 INFO sqlalchemy.engine.Engine [cached since 0.04678s ago] (29, 1)
2025-12-31 19:21:48,048 INFO sqlalchemy.engine.Engine SELECT vendor_compliance_records.id, vendor_compliance_records.compliance_area, vendor_compliance_records.status, vendor_compliance_records.assessment_date, vendor_compliance_records.expiry_date, vendor_compliance_records.certificate_url, vendor_compliance_records.notes, vendor_compliance_records.vendor_id, vendor_compliance_records.assessor_id, vendor_compliance_records.created_at, vendor_compliance_records.updated_at 
FROM vendor_compliance_records 
WHERE vendor_compliance_records.vendor_id = $1::INTEGER ORDER BY vendor_compliance_records.assessment_date DESC 
 LIMIT $2::INTEGER
2025-12-31 19:21:48,048 INFO sqlalchemy.engine.Engine [cached since 0.04703s ago] (19, 1)
2025-12-31 19:21:48,048 INFO sqlalchemy.engine.Engine SELECT vendor_compliance_records.id, vendor_compliance_records.compliance_area, vendor_compliance_records.status, vendor_compliance_records.assessment_date, vendor_compliance_records.expiry_date, vendor_compliance_records.certificate_url, vendor_compliance_records.notes, vendor_compliance_records.vendor_id, vendor_compliance_records.assessor_id, vendor_compliance_records.created_at, vendor_compliance_records.updated_at 
FROM vendor_compliance_records 
WHERE vendor_compliance_records.vendor_id = $1::INTEGER ORDER BY vendor_compliance_records.assessment_date DESC 
 LIMIT $2::INTEGER
2025-12-31 19:21:48,048 INFO sqlalchemy.engine.Engine [cached since 0.04748s ago] (11, 1)
2025-12-31 19:21:48,048 INFO sqlalchemy.engine.Engine SELECT vendor_compliance_records.id, vendor_compliance_records.compliance_area, vendor_compliance_records.status, vendor_compliance_records.assessment_date, vendor_compliance_records.expiry_date, vendor_compliance_records.certificate_url, vendor_compliance_records.notes, vendor_compliance_records.vendor_id, vendor_compliance_records.assessor_id, vendor_compliance_records.created_at, vendor_compliance_records.updated_at 
FROM vendor_compliance_records 
WHERE vendor_compliance_records.vendor_id = $1::INTEGER ORDER BY vendor_compliance_records.assessment_date DESC 
 LIMIT $2::INTEGER
2025-12-31 19:21:48,048 INFO sqlalchemy.engine.Engine [cached since 0.04775s ago] (22, 1)
2025-12-31 19:21:48,049 INFO sqlalchemy.engine.Engine SELECT vendor_compliance_records.id, vendor_compliance_records.compliance_area, vendor_compliance_records.status, vendor_compliance_records.assessment_date, vendor_compliance_records.expiry_date, vendor_compliance_records.certificate_url, vendor_compliance_records.notes, vendor_compliance_records.vendor_id, vendor_compliance_records.assessor_id, vendor_compliance_records.created_at, vendor_compliance_records.updated_at 
FROM vendor_compliance_records 
WHERE vendor_compliance_records.vendor_id = $1::INTEGER ORDER BY vendor_compliance_records.assessment_date DESC 
 LIMIT $2::INTEGER
2025-12-31 19:21:48,049 INFO sqlalchemy.engine.Engine [cached since 0.04801s ago] (25, 1)
2025-12-31 19:21:48,049 INFO sqlalchemy.engine.Engine SELECT vendor_compliance_records.id, vendor_compliance_records.compliance_area, vendor_compliance_records.status, vendor_compliance_records.assessment_date, vendor_compliance_records.expiry_date, vendor_compliance_records.certificate_url, vendor_compliance_records.notes, vendor_compliance_records.vendor_id, vendor_compliance_records.assessor_id, vendor_compliance_records.created_at, vendor_compliance_records.updated_at 
FROM vendor_compliance_records 
WHERE vendor_compliance_records.vendor_id = $1::INTEGER ORDER BY vendor_compliance_records.assessment_date DESC 
 LIMIT $2::INTEGER
2025-12-31 19:21:48,049 INFO sqlalchemy.engine.Engine [cached since 0.04827s ago] (6, 1)
2025-12-31 19:21:48,049 INFO sqlalchemy.engine.Engine SELECT vendor_compliance_records.id, vendor_compliance_records.compliance_area, vendor_compliance_records.status, vendor_compliance_records.assessment_date, vendor_compliance_records.expiry_date, vendor_compliance_records.certificate_url, vendor_compliance_records.notes, vendor_compliance_records.vendor_id, vendor_compliance_records.assessor_id, vendor_compliance_records.created_at, vendor_compliance_records.updated_at 
FROM vendor_compliance_records 
WHERE vendor_compliance_records.vendor_id = $1::INTEGER ORDER BY vendor_compliance_records.assessment_date DESC 
 LIMIT $2::INTEGER
2025-12-31 19:21:48,049 INFO sqlalchemy.engine.Engine [cached since 0.04852s ago] (32, 1)
2025-12-31 19:21:48,049 INFO sqlalchemy.engine.Engine SELECT vendor_compliance_records.id, vendor_compliance_records.compliance_area, vendor_compliance_records.status, vendor_compliance_records.assessment_date, vendor_compliance_records.expiry_date, vendor_compliance_records.certificate_url, vendor_compliance_records.notes, vendor_compliance_records.vendor_id, vendor_compliance_records.assessor_id, vendor_compliance_records.created_at, vendor_compliance_records.updated_at 
FROM vendor_compliance_records 
WHERE vendor_compliance_records.vendor_id = $1::INTEGER ORDER BY vendor_compliance_records.assessment_date DESC 
 LIMIT $2::INTEGER
2025-12-31 19:21:48,049 INFO sqlalchemy.engine.Engine [cached since 0.04876s ago] (31, 1)
2025-12-31 19:21:48,050 INFO sqlalchemy.engine.Engine SELECT vendor_compliance_records.id, vendor_compliance_records.compliance_area, vendor_compliance_records.status, vendor_compliance_records.assessment_date, vendor_compliance_records.expiry_date, vendor_compliance_records.certificate_url, vendor_compliance_records.notes, vendor_compliance_records.vendor_id, vendor_compliance_records.assessor_id, vendor_compliance_records.created_at, vendor_compliance_records.updated_at 
FROM vendor_compliance_records 
WHERE vendor_compliance_records.vendor_id = $1::INTEGER ORDER BY vendor_compliance_records.assessment_date DESC 
 LIMIT $2::INTEGER
2025-12-31 19:21:48,050 INFO sqlalchemy.engine.Engine [cached since 0.04901s ago] (21, 1)
2025-12-31 19:21:48,050 INFO sqlalchemy.engine.Engine SELECT vendor_compliance_records.id, vendor_compliance_records.compliance_area, vendor_compliance_records.status, vendor_compliance_records.assessment_date, vendor_compliance_records.expiry_date, vendor_compliance_records.certificate_url, vendor_compliance_records.notes, vendor_compliance_records.vendor_id, vendor_compliance_records.assessor_id, vendor_compliance_records.created_at, vendor_compliance_records.updated_at 
FROM vendor_compliance_records 
WHERE vendor_compliance_records.vendor_id = $1::INTEGER ORDER BY vendor_compliance_records.assessment_date DESC 
 LIMIT $2::INTEGER
2025-12-31 19:21:48,050 INFO sqlalchemy.engine.Engine [cached since 0.04927s ago] (4, 1)
2025-12-31 19:21:48,050 INFO sqlalchemy.engine.Engine SELECT vendor_compliance_records.id, vendor_compliance_records.compliance_area, vendor_compliance_records.status, vendor_compliance_records.assessment_date, vendor_compliance_records.expiry_date, vendor_compliance_records.certificate_url, vendor_compliance_records.notes, vendor_compliance_records.vendor_id, vendor_compliance_records.assessor_id, vendor_compliance_records.created_at, vendor_compliance_records.updated_at 
FROM vendor_compliance_records 
WHERE vendor_compliance_records.vendor_id = $1::INTEGER ORDER BY vendor_compliance_records.assessment_date DESC 
 LIMIT $2::INTEGER
2025-12-31 19:21:48,050 INFO sqlalchemy.engine.Engine [cached since 0.04954s ago] (5, 1)
2025-12-31 19:21:48,050 INFO sqlalchemy.engine.Engine SELECT vendor_compliance_records.id, vendor_compliance_records.compliance_area, vendor_compliance_records.status, vendor_compliance_records.assessment_date, vendor_compliance_records.expiry_date, vendor_compliance_records.certificate_url, vendor_compliance_records.notes, vendor_compliance_records.vendor_id, vendor_compliance_records.assessor_id, vendor_compliance_records.created_at, vendor_compliance_records.updated_at 
FROM vendor_compliance_records 
WHERE vendor_compliance_records.vendor_id = $1::INTEGER ORDER BY vendor_compliance_records.assessment_date DESC 
 LIMIT $2::INTEGER
2025-12-31 19:21:48,051 INFO sqlalchemy.engine.Engine [cached since 0.04986s ago] (20, 1)
2025-12-31 19:21:48,051 INFO sqlalchemy.engine.Engine SELECT vendor_compliance_records.id, vendor_compliance_records.compliance_area, vendor_compliance_records.status, vendor_compliance_records.assessment_date, vendor_compliance_records.expiry_date, vendor_compliance_records.certificate_url, vendor_compliance_records.notes, vendor_compliance_records.vendor_id, vendor_compliance_records.assessor_id, vendor_compliance_records.created_at, vendor_compliance_records.updated_at 
FROM vendor_compliance_records 
WHERE vendor_compliance_records.vendor_id = $1::INTEGER ORDER BY vendor_compliance_records.assessment_date DESC 
 LIMIT $2::INTEGER
2025-12-31 19:21:48,051 INFO sqlalchemy.engine.Engine [cached since 0.05017s ago] (17, 1)
2025-12-31 19:21:48,051 INFO sqlalchemy.engine.Engine SELECT vendor_compliance_records.id, vendor_compliance_records.compliance_area, vendor_compliance_records.status, vendor_compliance_records.assessment_date, vendor_compliance_records.expiry_date, vendor_compliance_records.certificate_url, vendor_compliance_records.notes, vendor_compliance_records.vendor_id, vendor_compliance_records.assessor_id, vendor_compliance_records.created_at, vendor_compliance_records.updated_at 
FROM vendor_compliance_records 
WHERE vendor_compliance_records.vendor_id = $1::INTEGER ORDER BY vendor_compliance_records.assessment_date DESC 
 LIMIT $2::INTEGER
2025-12-31 19:21:48,051 INFO sqlalchemy.engine.Engine [cached since 0.05048s ago] (8, 1)
2025-12-31 19:21:48,051 INFO sqlalchemy.engine.Engine SELECT vendor_compliance_records.id, vendor_compliance_records.compliance_area, vendor_compliance_records.status, vendor_compliance_records.assessment_date, vendor_compliance_records.expiry_date, vendor_compliance_records.certificate_url, vendor_compliance_records.notes, vendor_compliance_records.vendor_id, vendor_compliance_records.assessor_id, vendor_compliance_records.created_at, vendor_compliance_records.updated_at 
FROM vendor_compliance_records 
WHERE vendor_compliance_records.vendor_id = $1::INTEGER ORDER BY vendor_compliance_records.assessment_date DESC 
 LIMIT $2::INTEGER
2025-12-31 19:21:48,051 INFO sqlalchemy.engine.Engine [cached since 0.05079s ago] (30, 1)
2025-12-31 19:21:48,052 INFO sqlalchemy.engine.Engine SELECT vendor_compliance_records.id, vendor_compliance_records.compliance_area, vendor_compliance_records.status, vendor_compliance_records.assessment_date, vendor_compliance_records.expiry_date, vendor_compliance_records.certificate_url, vendor_compliance_records.notes, vendor_compliance_records.vendor_id, vendor_compliance_records.assessor_id, vendor_compliance_records.created_at, vendor_compliance_records.updated_at 
FROM vendor_compliance_records 
WHERE vendor_compliance_records.vendor_id = $1::INTEGER ORDER BY vendor_compliance_records.assessment_date DESC 
 LIMIT $2::INTEGER
2025-12-31 19:21:48,052 INFO sqlalchemy.engine.Engine [cached since 0.05109s ago] (3, 1)
2025-12-31 19:21:48,052 INFO sqlalchemy.engine.Engine SELECT vendor_compliance_records.id, vendor_compliance_records.compliance_area, vendor_compliance_records.status, vendor_compliance_records.assessment_date, vendor_compliance_records.expiry_date, vendor_compliance_records.certificate_url, vendor_compliance_records.notes, vendor_compliance_records.vendor_id, vendor_compliance_records.assessor_id, vendor_compliance_records.created_at, vendor_compliance_records.updated_at 
FROM vendor_compliance_records 
WHERE vendor_compliance_records.vendor_id = $1::INTEGER ORDER BY vendor_compliance_records.assessment_date DESC 
 LIMIT $2::INTEGER
2025-12-31 19:21:48,052 INFO sqlalchemy.engine.Engine [cached since 0.05141s ago] (23, 1)
2025-12-31 19:21:48,052 INFO sqlalchemy.engine.Engine SELECT vendor_compliance_records.id, vendor_compliance_records.compliance_area, vendor_compliance_records.status, vendor_compliance_records.assessment_date, vendor_compliance_records.expiry_date, vendor_compliance_records.certificate_url, vendor_compliance_records.notes, vendor_compliance_records.vendor_id, vendor_compliance_records.assessor_id, vendor_compliance_records.created_at, vendor_compliance_records.updated_at 
FROM vendor_compliance_records 
WHERE vendor_compliance_records.vendor_id = $1::INTEGER ORDER BY vendor_compliance_records.assessment_date DESC 
 LIMIT $2::INTEGER
2025-12-31 19:21:48,052 INFO sqlalchemy.engine.Engine [cached since 0.05173s ago] (12, 1)
2025-12-31 19:21:48,053 INFO sqlalchemy.engine.Engine SELECT vendor_compliance_records.id, vendor_compliance_records.compliance_area, vendor_compliance_records.status, vendor_compliance_records.assessment_date, vendor_compliance_records.expiry_date, vendor_compliance_records.certificate_url, vendor_compliance_records.notes, vendor_compliance_records.vendor_id, vendor_compliance_records.assessor_id, vendor_compliance_records.created_at, vendor_compliance_records.updated_at 
FROM vendor_compliance_records 
WHERE vendor_compliance_records.vendor_id = $1::INTEGER ORDER BY vendor_compliance_records.assessment_date DESC 
 LIMIT $2::INTEGER
2025-12-31 19:21:48,053 INFO sqlalchemy.engine.Engine [cached since 0.05206s ago] (16, 1)
2025-12-31 19:21:48,053 INFO sqlalchemy.engine.Engine SELECT vendor_compliance_records.id, vendor_compliance_records.compliance_area, vendor_compliance_records.status, vendor_compliance_records.assessment_date, vendor_compliance_records.expiry_date, vendor_compliance_records.certificate_url, vendor_compliance_records.notes, vendor_compliance_records.vendor_id, vendor_compliance_records.assessor_id, vendor_compliance_records.created_at, vendor_compliance_records.updated_at 
FROM vendor_compliance_records 
WHERE vendor_compliance_records.vendor_id = $1::INTEGER ORDER BY vendor_compliance_records.assessment_date DESC 
 LIMIT $2::INTEGER
2025-12-31 19:21:48,053 INFO sqlalchemy.engine.Engine [cached since 0.0524s ago] (7, 1)
2025-12-31 19:21:48,053 INFO sqlalchemy.engine.Engine SELECT vendor_compliance_records.id, vendor_compliance_records.compliance_area, vendor_compliance_records.status, vendor_compliance_records.assessment_date, vendor_compliance_records.expiry_date, vendor_compliance_records.certificate_url, vendor_compliance_records.notes, vendor_compliance_records.vendor_id, vendor_compliance_records.assessor_id, vendor_compliance_records.created_at, vendor_compliance_records.updated_at 
FROM vendor_compliance_records 
WHERE vendor_compliance_records.vendor_id = $1::INTEGER ORDER BY vendor_compliance_records.assessment_date DESC 
 LIMIT $2::INTEGER
2025-12-31 19:21:48,053 INFO sqlalchemy.engine.Engine [cached since 0.05271s ago] (26, 1)
2025-12-31 19:21:48,054 INFO sqlalchemy.engine.Engine SELECT vendor_compliance_records.id, vendor_compliance_records.compliance_area, vendor_compliance_records.status, vendor_compliance_records.assessment_date, vendor_compliance_records.expiry_date, vendor_compliance_records.certificate_url, vendor_compliance_records.notes, vendor_compliance_records.vendor_id, vendor_compliance_records.assessor_id, vendor_compliance_records.created_at, vendor_compliance_records.updated_at 
FROM vendor_compliance_records 
WHERE vendor_compliance_records.vendor_id = $1::INTEGER ORDER BY vendor_compliance_records.assessment_date DESC 
 LIMIT $2::INTEGER
2025-12-31 19:21:48,054 INFO sqlalchemy.engine.Engine [cached since 0.05303s ago] (14, 1)
2025-12-31 19:21:48,054 INFO sqlalchemy.engine.Engine SELECT vendor_compliance_records.id, vendor_compliance_records.compliance_area, vendor_compliance_records.status, vendor_compliance_records.assessment_date, vendor_compliance_records.expiry_date, vendor_compliance_records.certificate_url, vendor_compliance_records.notes, vendor_compliance_records.vendor_id, vendor_compliance_records.assessor_id, vendor_compliance_records.created_at, vendor_compliance_records.updated_at 
FROM vendor_compliance_records 
WHERE vendor_compliance_records.vendor_id = $1::INTEGER ORDER BY vendor_compliance_records.assessment_date DESC 
 LIMIT $2::INTEGER
2025-12-31 19:21:48,054 INFO sqlalchemy.engine.Engine [cached since 0.05339s ago] (15, 1)
2025-12-31 19:21:48,055 INFO sqlalchemy.engine.Engine COMMIT
2025-12-31 19:21:48 - app.main - INFO - ⚡ Completed in 0.0160s - Status: 200
INFO:     127.0.0.1:60497 - "GET /api/v1/tprm/ HTTP/1.1" 200 OK
2025-12-31 19:22:06 - app.main - INFO - 📨 OPTIONS http://localhost:8000/api/v1/exceptions
2025-12-31 19:22:06 - app.main - INFO - 📨 OPTIONS http://localhost:8000/api/v1/exceptions
2025-12-31 19:22:06 - app.main - INFO - ⚡ Completed in 0.0014s - Status: 200
INFO:     127.0.0.1:60585 - "OPTIONS /api/v1/exceptions HTTP/1.1" 200 OK
2025-12-31 19:22:06 - app.main - INFO - ⚡ Completed in 0.0100s - Status: 200
INFO:     127.0.0.1:60586 - "OPTIONS /api/v1/exceptions HTTP/1.1" 200 OK
2025-12-31 19:22:06 - app.main - INFO - 📨 GET http://localhost:8000/api/v1/exceptions
2025-12-31 19:22:06 - app.main - INFO - ⚡ Completed in 0.0018s - Status: 307
INFO:     127.0.0.1:60588 - "GET /api/v1/exceptions HTTP/1.1" 307 Temporary Redirect
2025-12-31 19:22:06 - app.main - INFO - 📨 GET http://localhost:8000/api/v1/exceptions
2025-12-31 19:22:06 - app.main - INFO - ⚡ Completed in 0.0008s - Status: 307
INFO:     127.0.0.1:60588 - "GET /api/v1/exceptions HTTP/1.1" 307 Temporary Redirect
2025-12-31 19:22:06 - app.main - INFO - 📨 OPTIONS http://localhost:8000/api/v1/exceptions/
2025-12-31 19:22:06 - app.main - INFO - 📨 OPTIONS http://localhost:8000/api/v1/exceptions/
2025-12-31 19:22:06 - app.main - INFO - ⚡ Completed in 0.0005s - Status: 200
INFO:     127.0.0.1:60588 - "OPTIONS /api/v1/exceptions/ HTTP/1.1" 200 OK
2025-12-31 19:22:06 - app.main - INFO - ⚡ Completed in 0.0008s - Status: 200
INFO:     127.0.0.1:60586 - "OPTIONS /api/v1/exceptions/ HTTP/1.1" 200 OK
2025-12-31 19:22:06 - app.main - INFO - 📨 GET http://localhost:8000/api/v1/exceptions/
2025-12-31 19:22:06,220 INFO sqlalchemy.engine.Engine BEGIN (implicit)
2025-12-31 19:22:06,228 INFO sqlalchemy.engine.Engine SELECT exceptions.id, exceptions.exception_name, exceptions.category, exceptions.severity, exceptions.status, exceptions.start_date, exceptions.end_date, exceptions.comments, exceptions.risk_assessment, exceptions.mitigation_plan, exceptions.approval_status, exceptions.approved_by_id, exceptions.approved_at, exceptions.organization_id, exceptions.created_by_id, exceptions.assigned_to_id, exceptions.created_at, exceptions.updated_at 
FROM exceptions 
WHERE exceptions.status = $1::exceptionstatus AND exceptions.end_date IS NOT NULL AND exceptions.end_date < $2::DATE
2025-12-31 19:22:06,229 INFO sqlalchemy.engine.Engine [generated in 0.00073s] ('ACTIVE', datetime.date(2025, 12, 31))
2025-12-31 19:22:06,259 INFO sqlalchemy.engine.Engine SELECT count(exceptions.id) AS count_1 
FROM exceptions
2025-12-31 19:22:06,259 INFO sqlalchemy.engine.Engine [cached since 74.38s ago] ()
2025-12-31 19:22:06,261 INFO sqlalchemy.engine.Engine SELECT exceptions.id, exceptions.exception_name, exceptions.category, exceptions.severity, exceptions.status, exceptions.start_date, exceptions.end_date, exceptions.comments, exceptions.risk_assessment, exceptions.mitigation_plan, exceptions.approval_status, exceptions.approved_by_id, exceptions.approved_at, exceptions.organization_id, exceptions.created_by_id, exceptions.assigned_to_id, exceptions.created_at, exceptions.updated_at 
FROM exceptions ORDER BY exceptions.created_at DESC 
 LIMIT $1::INTEGER OFFSET $2::INTEGER
2025-12-31 19:22:06,261 INFO sqlalchemy.engine.Engine [generated in 0.00014s] (20, 0)
2025-12-31 19:22:06,263 INFO sqlalchemy.engine.Engine COMMIT
2025-12-31 19:22:06 - app.main - INFO - ⚡ Completed in 0.0481s - Status: 200
INFO:     127.0.0.1:60585 - "GET /api/v1/exceptions/ HTTP/1.1" 200 OK
2025-12-31 19:22:06 - app.main - INFO - 📨 GET http://localhost:8000/api/v1/exceptions/
2025-12-31 19:22:06,270 INFO sqlalchemy.engine.Engine BEGIN (implicit)
2025-12-31 19:22:06,270 INFO sqlalchemy.engine.Engine SELECT exceptions.id, exceptions.exception_name, exceptions.category, exceptions.severity, exceptions.status, exceptions.start_date, exceptions.end_date, exceptions.comments, exceptions.risk_assessment, exceptions.mitigation_plan, exceptions.approval_status, exceptions.approved_by_id, exceptions.approved_at, exceptions.organization_id, exceptions.created_by_id, exceptions.assigned_to_id, exceptions.created_at, exceptions.updated_at 
FROM exceptions 
WHERE exceptions.status = $1::exceptionstatus AND exceptions.end_date IS NOT NULL AND exceptions.end_date < $2::DATE
2025-12-31 19:22:06,270 INFO sqlalchemy.engine.Engine [cached since 0.04216s ago] ('ACTIVE', datetime.date(2025, 12, 31))
2025-12-31 19:22:06,277 INFO sqlalchemy.engine.Engine SELECT count(exceptions.id) AS count_1 
FROM exceptions
2025-12-31 19:22:06,277 INFO sqlalchemy.engine.Engine [cached since 74.39s ago] ()
2025-12-31 19:22:06,277 INFO sqlalchemy.engine.Engine SELECT exceptions.id, exceptions.exception_name, exceptions.category, exceptions.severity, exceptions.status, exceptions.start_date, exceptions.end_date, exceptions.comments, exceptions.risk_assessment, exceptions.mitigation_plan, exceptions.approval_status, exceptions.approved_by_id, exceptions.approved_at, exceptions.organization_id, exceptions.created_by_id, exceptions.assigned_to_id, exceptions.created_at, exceptions.updated_at 
FROM exceptions ORDER BY exceptions.created_at DESC 
 LIMIT $1::INTEGER OFFSET $2::INTEGER
2025-12-31 19:22:06,277 INFO sqlalchemy.engine.Engine [cached since 0.01676s ago] (20, 0)
2025-12-31 19:22:06,279 INFO sqlalchemy.engine.Engine COMMIT
2025-12-31 19:22:06 - app.main - INFO - ⚡ Completed in 0.0112s - Status: 200
INFO:     127.0.0.1:60585 - "GET /api/v1/exceptions/ HTTP/1.1" 200 OK
2025-12-31 19:22:15 - app.main - INFO - 📨 OPTIONS http://localhost:8000/api/v1/audit/history
2025-12-31 19:22:15 - app.main - INFO - 📨 OPTIONS http://localhost:8000/api/v1/audit/history
2025-12-31 19:22:15 - app.main - INFO - ⚡ Completed in 0.0141s - Status: 200
INFO:     127.0.0.1:60635 - "OPTIONS /api/v1/audit/history HTTP/1.1" 200 OK
2025-12-31 19:22:15 - app.main - INFO - ⚡ Completed in 0.0041s - Status: 200
INFO:     127.0.0.1:60636 - "OPTIONS /api/v1/audit/history HTTP/1.1" 200 OK
2025-12-31 19:22:15 - app.main - INFO - 📨 GET http://localhost:8000/api/v1/audit/history
2025-12-31 19:22:15,735 INFO sqlalchemy.engine.Engine BEGIN (implicit)
2025-12-31 19:22:15,739 INFO sqlalchemy.engine.Engine SELECT compliance_records.id, compliance_records.status, compliance_records.assessment_date, compliance_records.next_assessment_date, compliance_records.evidence, compliance_records.notes, compliance_records.application_id, compliance_records.standard_id, compliance_records.assessor_id, compliance_records.created_at, compliance_records.updated_at 
FROM compliance_records 
WHERE compliance_records.assessment_date >= $1::DATE
2025-12-31 19:22:15,741 INFO sqlalchemy.engine.Engine [generated in 0.00192s] (datetime.date(2024, 12, 31),)
2025-12-31 19:22:15,758 INFO sqlalchemy.engine.Engine SELECT vendor_compliance_records.id, vendor_compliance_records.compliance_area, vendor_compliance_records.status, vendor_compliance_records.assessment_date, vendor_compliance_records.expiry_date, vendor_compliance_records.certificate_url, vendor_compliance_records.notes, vendor_compliance_records.vendor_id, vendor_compliance_records.assessor_id, vendor_compliance_records.created_at, vendor_compliance_records.updated_at 
FROM vendor_compliance_records 
WHERE vendor_compliance_records.assessment_date >= $1::DATE
2025-12-31 19:22:15,758 INFO sqlalchemy.engine.Engine [generated in 0.00016s] (datetime.date(2024, 12, 31),)
2025-12-31 19:22:15,772 INFO sqlalchemy.engine.Engine SELECT vendor_compliance_records.id, vendor_compliance_records.compliance_area, vendor_compliance_records.status, vendor_compliance_records.assessment_date, vendor_compliance_records.expiry_date, vendor_compliance_records.certificate_url, vendor_compliance_records.notes, vendor_compliance_records.vendor_id, vendor_compliance_records.assessor_id, vendor_compliance_records.created_at, vendor_compliance_records.updated_at 
FROM vendor_compliance_records 
WHERE vendor_compliance_records.expiry_date < $1::DATE AND vendor_compliance_records.expiry_date IS NOT NULL ORDER BY vendor_compliance_records.expiry_date DESC
2025-12-31 19:22:15,772 INFO sqlalchemy.engine.Engine [generated in 0.00017s] (datetime.date(2025, 12, 31),)
2025-12-31 19:22:15,787 INFO sqlalchemy.engine.Engine SELECT vendors.id AS vendors_id, vendors.name AS vendors_name, vendors.description AS vendors_description, vendors.category AS vendors_category, vendors.contact_email AS vendors_contact_email, vendors.contact_phone AS vendors_contact_phone, vendors.website AS vendors_website, vendors.risk_level AS vendors_risk_level, vendors.last_risk_assessment AS vendors_last_risk_assessment, vendors.next_risk_assessment AS vendors_next_risk_assessment, vendors.contract_start_date AS vendors_contract_start_date, vendors.contract_end_date AS vendors_contract_end_date, vendors.contract_value AS vendors_contract_value, vendors.compliance_status AS vendors_compliance_status, vendors.compliance_rate AS vendors_compliance_rate, vendors.compliant_controls AS vendors_compliant_controls, vendors.non_compliant_controls AS vendors_non_compliant_controls, vendors.last_compliance_check AS vendors_last_compliance_check, vendors.organization_id AS vendors_organization_id, vendors.created_at AS vendors_created_at, vendors.updated_at AS vendors_updated_at 
FROM vendors 
WHERE vendors.id IN ($1::INTEGER, $2::INTEGER, $3::INTEGER, $4::INTEGER)
2025-12-31 19:22:15,787 INFO sqlalchemy.engine.Engine [generated in 0.00070s] (5, 8, 11, 26)
2025-12-31 19:22:15,792 INFO sqlalchemy.engine.Engine SELECT exceptions.id, exceptions.exception_name, exceptions.category, exceptions.severity, exceptions.status, exceptions.start_date, exceptions.end_date, exceptions.comments, exceptions.risk_assessment, exceptions.mitigation_plan, exceptions.approval_status, exceptions.approved_by_id, exceptions.approved_at, exceptions.organization_id, exceptions.created_by_id, exceptions.assigned_to_id, exceptions.created_at, exceptions.updated_at 
FROM exceptions 
WHERE exceptions.start_date >= $1::DATE
2025-12-31 19:22:15,792 INFO sqlalchemy.engine.Engine [generated in 0.00039s] (datetime.date(2024, 12, 31),)
2025-12-31 19:22:15,804 INFO sqlalchemy.engine.Engine SELECT compliance_records.id, compliance_records.status, compliance_records.assessment_date, compliance_records.next_assessment_date, compliance_records.evidence, compliance_records.notes, compliance_records.application_id, compliance_records.standard_id, compliance_records.assessor_id, compliance_records.created_at, compliance_records.updated_at 
FROM compliance_records JOIN compliance_standards ON compliance_standards.id = compliance_records.standard_id 
WHERE compliance_standards.name ILIKE $1::VARCHAR
2025-12-31 19:22:15,804 INFO sqlalchemy.engine.Engine [generated in 0.00047s] ('%ISO%27001%',)
2025-12-31 19:22:15,810 INFO sqlalchemy.engine.Engine SELECT compliance_records.id, compliance_records.status, compliance_records.assessment_date, compliance_records.next_assessment_date, compliance_records.evidence, compliance_records.notes, compliance_records.application_id, compliance_records.standard_id, compliance_records.assessor_id, compliance_records.created_at, compliance_records.updated_at 
FROM compliance_records JOIN compliance_standards ON compliance_standards.id = compliance_records.standard_id 
WHERE compliance_standards.name ILIKE $1::VARCHAR OR compliance_standards.name ILIKE $2::VARCHAR
2025-12-31 19:22:15,810 INFO sqlalchemy.engine.Engine [generated in 0.00012s] ('%PCI%DSS%', '%PCI-DSS%')
2025-12-31 19:22:15,811 INFO sqlalchemy.engine.Engine COMMIT
2025-12-31 19:22:15 - app.main - INFO - ⚡ Completed in 0.1020s - Status: 200
INFO:     127.0.0.1:60635 - "GET /api/v1/audit/history HTTP/1.1" 200 OK
2025-12-31 19:22:15 - app.main - INFO - 📨 GET http://localhost:8000/api/v1/audit/history
2025-12-31 19:22:15,819 INFO sqlalchemy.engine.Engine BEGIN (implicit)
2025-12-31 19:22:15,819 INFO sqlalchemy.engine.Engine SELECT compliance_records.id, compliance_records.status, compliance_records.assessment_date, compliance_records.next_assessment_date, compliance_records.evidence, compliance_records.notes, compliance_records.application_id, compliance_records.standard_id, compliance_records.assessor_id, compliance_records.created_at, compliance_records.updated_at 
FROM compliance_records 
WHERE compliance_records.assessment_date >= $1::DATE
2025-12-31 19:22:15,820 INFO sqlalchemy.engine.Engine [cached since 0.081s ago] (datetime.date(2024, 12, 31),)
2025-12-31 19:22:15,822 INFO sqlalchemy.engine.Engine SELECT vendor_compliance_records.id, vendor_compliance_records.compliance_area, vendor_compliance_records.status, vendor_compliance_records.assessment_date, vendor_compliance_records.expiry_date, vendor_compliance_records.certificate_url, vendor_compliance_records.notes, vendor_compliance_records.vendor_id, vendor_compliance_records.assessor_id, vendor_compliance_records.created_at, vendor_compliance_records.updated_at 
FROM vendor_compliance_records 
WHERE vendor_compliance_records.assessment_date >= $1::DATE
2025-12-31 19:22:15,823 INFO sqlalchemy.engine.Engine [cached since 0.06498s ago] (datetime.date(2024, 12, 31),)
2025-12-31 19:22:15,825 INFO sqlalchemy.engine.Engine SELECT vendor_compliance_records.id, vendor_compliance_records.compliance_area, vendor_compliance_records.status, vendor_compliance_records.assessment_date, vendor_compliance_records.expiry_date, vendor_compliance_records.certificate_url, vendor_compliance_records.notes, vendor_compliance_records.vendor_id, vendor_compliance_records.assessor_id, vendor_compliance_records.created_at, vendor_compliance_records.updated_at 
FROM vendor_compliance_records 
WHERE vendor_compliance_records.expiry_date < $1::DATE AND vendor_compliance_records.expiry_date IS NOT NULL ORDER BY vendor_compliance_records.expiry_date DESC
2025-12-31 19:22:15,825 INFO sqlalchemy.engine.Engine [cached since 0.05328s ago] (datetime.date(2025, 12, 31),)
2025-12-31 19:22:15,826 INFO sqlalchemy.engine.Engine SELECT vendors.id AS vendors_id, vendors.name AS vendors_name, vendors.description AS vendors_description, vendors.category AS vendors_category, vendors.contact_email AS vendors_contact_email, vendors.contact_phone AS vendors_contact_phone, vendors.website AS vendors_website, vendors.risk_level AS vendors_risk_level, vendors.last_risk_assessment AS vendors_last_risk_assessment, vendors.next_risk_assessment AS vendors_next_risk_assessment, vendors.contract_start_date AS vendors_contract_start_date, vendors.contract_end_date AS vendors_contract_end_date, vendors.contract_value AS vendors_contract_value, vendors.compliance_status AS vendors_compliance_status, vendors.compliance_rate AS vendors_compliance_rate, vendors.compliant_controls AS vendors_compliant_controls, vendors.non_compliant_controls AS vendors_non_compliant_controls, vendors.last_compliance_check AS vendors_last_compliance_check, vendors.organization_id AS vendors_organization_id, vendors.created_at AS vendors_created_at, vendors.updated_at AS vendors_updated_at 
FROM vendors 
WHERE vendors.id IN ($1::INTEGER, $2::INTEGER, $3::INTEGER, $4::INTEGER)
2025-12-31 19:22:15,826 INFO sqlalchemy.engine.Engine [cached since 0.03981s ago] (5, 8, 11, 26)
2025-12-31 19:22:15,827 INFO sqlalchemy.engine.Engine SELECT exceptions.id, exceptions.exception_name, exceptions.category, exceptions.severity, exceptions.status, exceptions.start_date, exceptions.end_date, exceptions.comments, exceptions.risk_assessment, exceptions.mitigation_plan, exceptions.approval_status, exceptions.approved_by_id, exceptions.approved_at, exceptions.organization_id, exceptions.created_by_id, exceptions.assigned_to_id, exceptions.created_at, exceptions.updated_at 
FROM exceptions 
WHERE exceptions.start_date >= $1::DATE
2025-12-31 19:22:15,827 INFO sqlalchemy.engine.Engine [cached since 0.03548s ago] (datetime.date(2024, 12, 31),)
2025-12-31 19:22:15,840 INFO sqlalchemy.engine.Engine SELECT compliance_records.id, compliance_records.status, compliance_records.assessment_date, compliance_records.next_assessment_date, compliance_records.evidence, compliance_records.notes, compliance_records.application_id, compliance_records.standard_id, compliance_records.assessor_id, compliance_records.created_at, compliance_records.updated_at 
FROM compliance_records JOIN compliance_standards ON compliance_standards.id = compliance_records.standard_id 
WHERE compliance_standards.name ILIKE $1::VARCHAR
2025-12-31 19:22:15,840 INFO sqlalchemy.engine.Engine [cached since 0.03617s ago] ('%ISO%27001%',)
2025-12-31 19:22:15,841 INFO sqlalchemy.engine.Engine SELECT compliance_records.id, compliance_records.status, compliance_records.assessment_date, compliance_records.next_assessment_date, compliance_records.evidence, compliance_records.notes, compliance_records.application_id, compliance_records.standard_id, compliance_records.assessor_id, compliance_records.created_at, compliance_records.updated_at 
FROM compliance_records JOIN compliance_standards ON compliance_standards.id = compliance_records.standard_id 
WHERE compliance_standards.name ILIKE $1::VARCHAR OR compliance_standards.name ILIKE $2::VARCHAR
2025-12-31 19:22:15,841 INFO sqlalchemy.engine.Engine [cached since 0.0312s ago] ('%PCI%DSS%', '%PCI-DSS%')
2025-12-31 19:22:15,842 INFO sqlalchemy.engine.Engine COMMIT
2025-12-31 19:22:15 - app.main - INFO - ⚡ Completed in 0.0280s - Status: 200
INFO:     127.0.0.1:60635 - "GET /api/v1/audit/history HTTP/1.1" 200 OK
2025-12-31 19:22:30 - app.main - INFO - 📨 OPTIONS http://localhost:8000/api/v1/eosl/dashboard?year=2025
2025-12-31 19:22:30 - app.main - INFO - 📨 OPTIONS http://localhost:8000/api/v1/eosl/dashboard?year=2025
2025-12-31 19:22:30 - app.main - INFO - ⚡ Completed in 0.0015s - Status: 200
INFO:     127.0.0.1:60706 - "OPTIONS /api/v1/eosl/dashboard?year=2025 HTTP/1.1" 200 OK
2025-12-31 19:22:30 - app.main - INFO - ⚡ Completed in 0.0006s - Status: 200
INFO:     127.0.0.1:60707 - "OPTIONS /api/v1/eosl/dashboard?year=2025 HTTP/1.1" 200 OK
2025-12-31 19:22:30 - app.main - INFO - 📨 GET http://localhost:8000/api/v1/eosl/dashboard?year=2025
2025-12-31 19:22:30,253 INFO sqlalchemy.engine.Engine BEGIN (implicit)
2025-12-31 19:22:30,255 INFO sqlalchemy.engine.Engine SELECT eosl_records.id, eosl_records.product_name, eosl_records.vendor_name, eosl_records.version, eosl_records.category, eosl_records.end_of_sale_date, eosl_records.end_of_support_date, eosl_records.end_of_extended_support_date, eosl_records.risk_level, eosl_records.business_impact, eosl_records.remediation_plan, eosl_records.remediation_deadline, eosl_records.application_id, eosl_records.owner_id, eosl_records.created_at, eosl_records.updated_at 
FROM eosl_records ORDER BY eosl_records.end_of_support_date, eosl_records.end_of_sale_date
2025-12-31 19:22:30,255 INFO sqlalchemy.engine.Engine [generated in 0.00015s] ()
2025-12-31 19:22:30,260 INFO sqlalchemy.engine.Engine COMMIT
2025-12-31 19:22:30 - app.main - INFO - ⚡ Completed in 0.0108s - Status: 200
INFO:     127.0.0.1:60706 - "GET /api/v1/eosl/dashboard?year=2025 HTTP/1.1" 200 OK
2025-12-31 19:22:30 - app.main - INFO - 📨 GET http://localhost:8000/api/v1/eosl/dashboard?year=2025
2025-12-31 19:22:30,270 INFO sqlalchemy.engine.Engine BEGIN (implicit)
2025-12-31 19:22:30,270 INFO sqlalchemy.engine.Engine SELECT eosl_records.id, eosl_records.product_name, eosl_records.vendor_name, eosl_records.version, eosl_records.category, eosl_records.end_of_sale_date, eosl_records.end_of_support_date, eosl_records.end_of_extended_support_date, eosl_records.risk_level, eosl_records.business_impact, eosl_records.remediation_plan, eosl_records.remediation_deadline, eosl_records.application_id, eosl_records.owner_id, eosl_records.created_at, eosl_records.updated_at 
FROM eosl_records ORDER BY eosl_records.end_of_support_date, eosl_records.end_of_sale_date
2025-12-31 19:22:30,270 INFO sqlalchemy.engine.Engine [cached since 0.01533s ago] ()
2025-12-31 19:22:30,278 INFO sqlalchemy.engine.Engine COMMIT
2025-12-31 19:22:30 - app.main - INFO - ⚡ Completed in 0.0155s - Status: 200
INFO:     127.0.0.1:60706 - "GET /api/v1/eosl/dashboard?year=2025 HTTP/1.1" 200 OK
2025-12-31 19:22:37 - app.main - INFO - 📨 GET http://localhost:8000/api/v1/users/
2025-12-31 19:22:37,339 INFO sqlalchemy.engine.Engine BEGIN (implicit)
2025-12-31 19:22:37,339 INFO sqlalchemy.engine.Engine SELECT * FROM users ORDER BY created_at DESC
2025-12-31 19:22:37,339 INFO sqlalchemy.engine.Engine [cached since 224.7s ago] ()
2025-12-31 19:22:37,340 INFO sqlalchemy.engine.Engine COMMIT
2025-12-31 19:22:37 - app.main - INFO - ⚡ Completed in 0.0037s - Status: 200
INFO:     127.0.0.1:60741 - "GET /api/v1/users/ HTTP/1.1" 200 OK
2025-12-31 19:22:37 - app.main - INFO - 📨 GET http://localhost:8000/api/v1/users/
2025-12-31 19:22:37,343 INFO sqlalchemy.engine.Engine BEGIN (implicit)
2025-12-31 19:22:37,343 INFO sqlalchemy.engine.Engine SELECT * FROM users ORDER BY created_at DESC
2025-12-31 19:22:37,343 INFO sqlalchemy.engine.Engine [cached since 224.7s ago] ()
2025-12-31 19:22:37,345 INFO sqlalchemy.engine.Engine COMMIT
2025-12-31 19:22:37 - app.main - INFO - ⚡ Completed in 0.0030s - Status: 200
INFO:     127.0.0.1:60741 - "GET /api/v1/users/ HTTP/1.1" 200 OK
2025-12-31 19:22:48 - app.main - INFO - 📨 GET http://localhost:8000/api/v1/users/
2025-12-31 19:22:48,055 INFO sqlalchemy.engine.Engine BEGIN (implicit)
2025-12-31 19:22:48,055 INFO sqlalchemy.engine.Engine SELECT * FROM users ORDER BY created_at DESC
2025-12-31 19:22:48,055 INFO sqlalchemy.engine.Engine [cached since 235.4s ago] ()
2025-12-31 19:22:48,068 INFO sqlalchemy.engine.Engine COMMIT
2025-12-31 19:22:48 - app.main - INFO - ⚡ Completed in 0.0162s - Status: 200
INFO:     127.0.0.1:60798 - "GET /api/v1/users/ HTTP/1.1" 200 OK
2025-12-31 19:22:48 - app.main - INFO - 📨 GET http://localhost:8000/api/v1/users/
2025-12-31 19:22:48,071 INFO sqlalchemy.engine.Engine BEGIN (implicit)
2025-12-31 19:22:48,071 INFO sqlalchemy.engine.Engine SELECT * FROM users ORDER BY created_at DESC
2025-12-31 19:22:48,071 INFO sqlalchemy.engine.Engine [cached since 235.4s ago] ()
2025-12-31 19:22:48,079 INFO sqlalchemy.engine.Engine COMMIT
2025-12-31 19:22:48 - app.main - INFO - ⚡ Completed in 0.0096s - Status: 200
INFO:     127.0.0.1:60798 - "GET /api/v1/users/ HTTP/1.1" 200 OK
2025-12-31 19:23:28 - app.main - INFO - 📨 OPTIONS http://localhost:8000/api/v1/users/7
2025-12-31 19:23:28 - app.main - INFO - ⚡ Completed in 0.0010s - Status: 200
INFO:     127.0.0.1:60978 - "OPTIONS /api/v1/users/7 HTTP/1.1" 200 OK
2025-12-31 19:23:28 - app.main - INFO - 📨 PUT http://localhost:8000/api/v1/users/7
2025-12-31 19:23:28,651 INFO sqlalchemy.engine.Engine BEGIN (implicit)
2025-12-31 19:23:28,653 INFO sqlalchemy.engine.Engine SELECT users.id, users.email, users.username, users.full_name, users.hashed_password, users.is_active, users.is_superuser, users.role, users.last_login, users.phone, users.department, users.profile_type, users.company, users.privilege_level, users.clearance_level, users.created_at, users.updated_at 
FROM users 
WHERE users.id = $1::INTEGER
2025-12-31 19:23:28,653 INFO sqlalchemy.engine.Engine [cached since 243.2s ago] (7,)
2025-12-31 19:23:28 - app.api.v1.endpoints.users - INFO - Update user 7 payload: {'email': 'standarduser@example.com', 'username': 'standarduser', 'full_name': 'Standard Users', 'phone': '555-999988', 'company': 'mukesh pvt ltd', 'profile_type': 'external-auditor', 'privilege_level': 'admin', 'clearance_level': 'top', 'is_active': True, 'role': <UserRole.ADMIN: 'ADMIN'>}
2025-12-31 19:23:28,658 INFO sqlalchemy.engine.Engine UPDATE users SET role=$1::userrole, privilege_level=$2::VARCHAR, updated_at=now() WHERE users.id = $3::INTEGER
2025-12-31 19:23:28,658 INFO sqlalchemy.engine.Engine [generated in 0.00034s] ('ADMIN', 'admin', 7)
2025-12-31 19:23:28,661 INFO sqlalchemy.engine.Engine COMMIT
2025-12-31 19:23:28,663 INFO sqlalchemy.engine.Engine BEGIN (implicit)
2025-12-31 19:23:28,664 INFO sqlalchemy.engine.Engine SELECT users.id, users.email, users.username, users.full_name, users.hashed_password, users.is_active, users.is_superuser, users.role, users.last_login, users.phone, users.department, users.profile_type, users.company, users.privilege_level, users.clearance_level, users.created_at, users.updated_at 
FROM users 
WHERE users.id = $1::INTEGER
2025-12-31 19:23:28,664 INFO sqlalchemy.engine.Engine [cached since 243.2s ago] (7,)
2025-12-31 19:23:28 - app.crud.crud_user - INFO - Updated user: standarduser@example.com (ID: 7)
2025-12-31 19:23:28,667 INFO sqlalchemy.engine.Engine COMMIT
2025-12-31 19:23:28 - app.main - INFO - ⚡ Completed in 0.0225s - Status: 200
INFO:     127.0.0.1:60978 - "PUT /api/v1/users/7 HTTP/1.1" 200 OK
2025-12-31 19:23:28 - app.main - INFO - 📨 GET http://localhost:8000/api/v1/users/
2025-12-31 19:23:28,786 INFO sqlalchemy.engine.Engine BEGIN (implicit)
2025-12-31 19:23:28,786 INFO sqlalchemy.engine.Engine SELECT * FROM users ORDER BY created_at DESC
2025-12-31 19:23:28,787 INFO sqlalchemy.engine.Engine [cached since 276.1s ago] ()
2025-12-31 19:23:28,789 INFO sqlalchemy.engine.Engine COMMIT
2025-12-31 19:23:28 - app.main - INFO - ⚡ Completed in 0.0092s - Status: 200
INFO:     127.0.0.1:60978 - "GET /api/v1/users/ HTTP/1.1" 200 OK
2025-12-31 19:23:50 - app.main - INFO - 📨 GET http://localhost:8000/api/v1/eosl/dashboard?year=2025
2025-12-31 19:23:50,426 INFO sqlalchemy.engine.Engine BEGIN (implicit)
2025-12-31 19:23:50,427 INFO sqlalchemy.engine.Engine SELECT eosl_records.id, eosl_records.product_name, eosl_records.vendor_name, eosl_records.version, eosl_records.category, eosl_records.end_of_sale_date, eosl_records.end_of_support_date, eosl_records.end_of_extended_support_date, eosl_records.risk_level, eosl_records.business_impact, eosl_records.remediation_plan, eosl_records.remediation_deadline, eosl_records.application_id, eosl_records.owner_id, eosl_records.created_at, eosl_records.updated_at 
FROM eosl_records ORDER BY eosl_records.end_of_support_date, eosl_records.end_of_sale_date
2025-12-31 19:23:50,427 INFO sqlalchemy.engine.Engine [cached since 80.17s ago] ()
2025-12-31 19:23:50,436 INFO sqlalchemy.engine.Engine COMMIT
2025-12-31 19:23:50 - app.main - INFO - ⚡ Completed in 0.0372s - Status: 200
INFO:     127.0.0.1:61082 - "GET /api/v1/eosl/dashboard?year=2025 HTTP/1.1" 200 OK
2025-12-31 19:23:50 - app.main - INFO - 📨 GET http://localhost:8000/api/v1/eosl/dashboard?year=2025
2025-12-31 19:23:50,440 INFO sqlalchemy.engine.Engine BEGIN (implicit)
2025-12-31 19:23:50,440 INFO sqlalchemy.engine.Engine SELECT eosl_records.id, eosl_records.product_name, eosl_records.vendor_name, eosl_records.version, eosl_records.category, eosl_records.end_of_sale_date, eosl_records.end_of_support_date, eosl_records.end_of_extended_support_date, eosl_records.risk_level, eosl_records.business_impact, eosl_records.remediation_plan, eosl_records.remediation_deadline, eosl_records.application_id, eosl_records.owner_id, eosl_records.created_at, eosl_records.updated_at 
FROM eosl_records ORDER BY eosl_records.end_of_support_date, eosl_records.end_of_sale_date
2025-12-31 19:23:50,440 INFO sqlalchemy.engine.Engine [cached since 80.19s ago] ()
2025-12-31 19:23:50,454 INFO sqlalchemy.engine.Engine COMMIT
2025-12-31 19:23:50 - app.main - INFO - ⚡ Completed in 0.0171s - Status: 200
INFO:     127.0.0.1:61082 - "GET /api/v1/eosl/dashboard?year=2025 HTTP/1.1" 200 OK
2025-12-31 19:23:56 - app.main - INFO - 📨 GET http://localhost:8000/api/v1/users/
2025-12-31 19:23:56,177 INFO sqlalchemy.engine.Engine BEGIN (implicit)
2025-12-31 19:23:56,177 INFO sqlalchemy.engine.Engine SELECT * FROM users ORDER BY created_at DESC
2025-12-31 19:23:56,177 INFO sqlalchemy.engine.Engine [cached since 303.5s ago] ()
2025-12-31 19:23:56,178 INFO sqlalchemy.engine.Engine COMMIT
2025-12-31 19:23:56 - app.main - INFO - ⚡ Completed in 0.0042s - Status: 200
INFO:     127.0.0.1:61111 - "GET /api/v1/users/ HTTP/1.1" 200 OK
2025-12-31 19:23:56 - app.main - INFO - 📨 GET http://localhost:8000/api/v1/users/
2025-12-31 19:23:56,182 INFO sqlalchemy.engine.Engine BEGIN (implicit)
2025-12-31 19:23:56,182 INFO sqlalchemy.engine.Engine SELECT * FROM users ORDER BY created_at DESC
2025-12-31 19:23:56,182 INFO sqlalchemy.engine.Engine [cached since 303.5s ago] ()
2025-12-31 19:23:56,183 INFO sqlalchemy.engine.Engine COMMIT
2025-12-31 19:23:56 - app.main - INFO - ⚡ Completed in 0.0030s - Status: 200
INFO:     127.0.0.1:61111 - "GET /api/v1/users/ HTTP/1.1" 200 OK
2025-12-31 19:24:11 - app.main - INFO - 📨 PUT http://localhost:8000/api/v1/users/7
2025-12-31 19:24:11,618 INFO sqlalchemy.engine.Engine BEGIN (implicit)
2025-12-31 19:24:11,619 INFO sqlalchemy.engine.Engine SELECT users.id, users.email, users.username, users.full_name, users.hashed_password, users.is_active, users.is_superuser, users.role, users.last_login, users.phone, users.department, users.profile_type, users.company, users.privilege_level, users.clearance_level, users.created_at, users.updated_at 
FROM users 
WHERE users.id = $1::INTEGER
2025-12-31 19:24:11,619 INFO sqlalchemy.engine.Engine [cached since 286.2s ago] (7,)
2025-12-31 19:24:11 - app.api.v1.endpoints.users - INFO - Update user 7 payload: {'email': 'standarduser@example.com', 'username': 'standarduser', 'full_name': 'Standard Users', 'phone': '555-999988', 'company': 'mukesh pvt ltd', 'profile_type': 'external-auditor', 'privilege_level': 'standard', 'clearance_level': 'top', 'is_active': True, 'role': <UserRole.STANDARD: 'STANDARD'>}
2025-12-31 19:24:11,623 INFO sqlalchemy.engine.Engine UPDATE users SET role=$1::userrole, privilege_level=$2::VARCHAR, updated_at=now() WHERE users.id = $3::INTEGER
2025-12-31 19:24:11,623 INFO sqlalchemy.engine.Engine [cached since 42.97s ago] ('STANDARD', 'standard', 7)
2025-12-31 19:24:11,626 INFO sqlalchemy.engine.Engine COMMIT
2025-12-31 19:24:11,627 INFO sqlalchemy.engine.Engine BEGIN (implicit)
2025-12-31 19:24:11,628 INFO sqlalchemy.engine.Engine SELECT users.id, users.email, users.username, users.full_name, users.hashed_password, users.is_active, users.is_superuser, users.role, users.last_login, users.phone, users.department, users.profile_type, users.company, users.privilege_level, users.clearance_level, users.created_at, users.updated_at 
FROM users 
WHERE users.id = $1::INTEGER
2025-12-31 19:24:11,628 INFO sqlalchemy.engine.Engine [cached since 286.2s ago] (7,)
2025-12-31 19:24:11 - app.crud.crud_user - INFO - Updated user: standarduser@example.com (ID: 7)
2025-12-31 19:24:11,629 INFO sqlalchemy.engine.Engine COMMIT
2025-12-31 19:24:11 - app.main - INFO - ⚡ Completed in 0.0199s - Status: 200
INFO:     127.0.0.1:61179 - "PUT /api/v1/users/7 HTTP/1.1" 200 OK
2025-12-31 19:24:11 - app.main - INFO - 📨 GET http://localhost:8000/api/v1/users/
2025-12-31 19:24:11,759 INFO sqlalchemy.engine.Engine BEGIN (implicit)
2025-12-31 19:24:11,759 INFO sqlalchemy.engine.Engine SELECT * FROM users ORDER BY created_at DESC
2025-12-31 19:24:11,760 INFO sqlalchemy.engine.Engine [cached since 319.1s ago] ()
2025-12-31 19:24:11,769 INFO sqlalchemy.engine.Engine COMMIT
2025-12-31 19:24:11 - app.main - INFO - ⚡ Completed in 0.0235s - Status: 200
INFO:     127.0.0.1:61179 - "GET /api/v1/users/ HTTP/1.1" 200 OK
2025-12-31 19:24:35 - app.main - INFO - 📨 PUT http://localhost:8000/api/v1/users/7
2025-12-31 19:24:35,663 INFO sqlalchemy.engine.Engine BEGIN (implicit)
2025-12-31 19:24:35,663 INFO sqlalchemy.engine.Engine SELECT users.id, users.email, users.username, users.full_name, users.hashed_password, users.is_active, users.is_superuser, users.role, users.last_login, users.phone, users.department, users.profile_type, users.company, users.privilege_level, users.clearance_level, users.created_at, users.updated_at 
FROM users 
WHERE users.id = $1::INTEGER
2025-12-31 19:24:35,663 INFO sqlalchemy.engine.Engine [cached since 310.3s ago] (7,)
2025-12-31 19:24:35 - app.api.v1.endpoints.users - INFO - Update user 7 payload: {'email': 'standarduser@example.com', 'username': 'standarduser', 'full_name': 'Standard Users', 'phone': '555-999988', 'company': 'mukesh pvt ltd', 'profile_type': 'asset-owner', 'privilege_level': 'standard', 'clearance_level': 'top', 'is_active': True, 'role': <UserRole.STANDARD: 'STANDARD'>}
2025-12-31 19:24:35,667 INFO sqlalchemy.engine.Engine UPDATE users SET profile_type=$1::VARCHAR, updated_at=now() WHERE users.id = $2::INTEGER
2025-12-31 19:24:35,667 INFO sqlalchemy.engine.Engine [generated in 0.00026s] ('asset-owner', 7)
2025-12-31 19:24:35,669 INFO sqlalchemy.engine.Engine COMMIT
2025-12-31 19:24:35,671 INFO sqlalchemy.engine.Engine BEGIN (implicit)
2025-12-31 19:24:35,671 INFO sqlalchemy.engine.Engine SELECT users.id, users.email, users.username, users.full_name, users.hashed_password, users.is_active, users.is_superuser, users.role, users.last_login, users.phone, users.department, users.profile_type, users.company, users.privilege_level, users.clearance_level, users.created_at, users.updated_at 
FROM users 
WHERE users.id = $1::INTEGER
2025-12-31 19:24:35,671 INFO sqlalchemy.engine.Engine [cached since 310.2s ago] (7,)
2025-12-31 19:24:35 - app.crud.crud_user - INFO - Updated user: standarduser@example.com (ID: 7)
2025-12-31 19:24:35,674 INFO sqlalchemy.engine.Engine COMMIT
2025-12-31 19:24:35 - app.main - INFO - ⚡ Completed in 0.0163s - Status: 200
INFO:     127.0.0.1:61288 - "PUT /api/v1/users/7 HTTP/1.1" 200 OK
2025-12-31 19:24:35 - app.main - INFO - 📨 GET http://localhost:8000/api/v1/users/
2025-12-31 19:24:35,817 INFO sqlalchemy.engine.Engine BEGIN (implicit)
2025-12-31 19:24:35,817 INFO sqlalchemy.engine.Engine SELECT * FROM users ORDER BY created_at DESC
2025-12-31 19:24:35,818 INFO sqlalchemy.engine.Engine [cached since 343.2s ago] ()
2025-12-31 19:24:35,826 INFO sqlalchemy.engine.Engine COMMIT
2025-12-31 19:24:35 - app.main - INFO - ⚡ Completed in 0.0324s - Status: 200
INFO:     127.0.0.1:61288 - "GET /api/v1/users/ HTTP/1.1" 200 OK
2025-12-31 19:25:03 - app.main - INFO - 📨 GET http://localhost:8000/api/v1/users/
2025-12-31 19:25:03,260 INFO sqlalchemy.engine.Engine BEGIN (implicit)
2025-12-31 19:25:03,260 INFO sqlalchemy.engine.Engine SELECT * FROM users ORDER BY created_at DESC
2025-12-31 19:25:03,261 INFO sqlalchemy.engine.Engine [cached since 370.6s ago] ()
2025-12-31 19:25:03,262 INFO sqlalchemy.engine.Engine COMMIT
2025-12-31 19:25:03 - app.main - INFO - ⚡ Completed in 0.0036s - Status: 200
INFO:     127.0.0.1:61419 - "GET /api/v1/users/ HTTP/1.1" 200 OK
2025-12-31 19:25:03 - app.main - INFO - 📨 GET http://localhost:8000/api/v1/users/
2025-12-31 19:25:03,264 INFO sqlalchemy.engine.Engine BEGIN (implicit)
2025-12-31 19:25:03,264 INFO sqlalchemy.engine.Engine SELECT * FROM users ORDER BY created_at DESC
2025-12-31 19:25:03,264 INFO sqlalchemy.engine.Engine [cached since 370.6s ago] ()
2025-12-31 19:25:03,265 INFO sqlalchemy.engine.Engine COMMIT
2025-12-31 19:25:03 - app.main - INFO - ⚡ Completed in 0.0025s - Status: 200
INFO:     127.0.0.1:61419 - "GET /api/v1/users/ HTTP/1.1" 200 OK
2025-12-31 19:25:28 - app.main - INFO - 📨 GET http://localhost:8000/api/v1/yourboard/yourboard-metrics
2025-12-31 19:25:28 - app.main - INFO - 📨 GET http://localhost:8000/api/v1/intelligence/weekly
2025-12-31 19:25:28,421 INFO sqlalchemy.engine.Engine BEGIN (implicit)
2025-12-31 19:25:28,422 INFO sqlalchemy.engine.Engine SELECT count(applications.id) AS count_1 
FROM applications 
WHERE EXTRACT(month FROM applications.created_at) = $1::INTEGER AND EXTRACT(year FROM applications.created_at) = $2::INTEGER
2025-12-31 19:25:28,422 INFO sqlalchemy.engine.Engine [cached since 276.6s ago] (12, 2025)
2025-12-31 19:25:28,424 INFO sqlalchemy.engine.Engine SELECT count(applications.id) AS count_1 
FROM applications 
WHERE EXTRACT(month FROM applications.created_at) = $1::INTEGER AND EXTRACT(year FROM applications.created_at) = $2::INTEGER
2025-12-31 19:25:28,424 INFO sqlalchemy.engine.Engine [cached since 276.6s ago] (11, 2025)
2025-12-31 19:25:28,425 INFO sqlalchemy.engine.Engine SELECT count(applications.id) AS count_1 
FROM applications
2025-12-31 19:25:28,425 INFO sqlalchemy.engine.Engine [cached since 276.6s ago] ()
2025-12-31 19:25:28,426 INFO sqlalchemy.engine.Engine SELECT count(vulnerabilities.id) AS count_1 
FROM vulnerabilities 
WHERE EXTRACT(month FROM vulnerabilities.created_at) = $1::INTEGER AND EXTRACT(year FROM vulnerabilities.created_at) = $2::INTEGER
2025-12-31 19:25:28,426 INFO sqlalchemy.engine.Engine [cached since 276.6s ago] (12, 2025)
2025-12-31 19:25:28,426 INFO sqlalchemy.engine.Engine SELECT count(vulnerabilities.id) AS count_1 
FROM vulnerabilities 
WHERE EXTRACT(month FROM vulnerabilities.created_at) = $1::INTEGER AND EXTRACT(year FROM vulnerabilities.created_at) = $2::INTEGER
2025-12-31 19:25:28,426 INFO sqlalchemy.engine.Engine [cached since 276.6s ago] (11, 2025)
2025-12-31 19:25:28,426 INFO sqlalchemy.engine.Engine SELECT count(vulnerabilities.id) AS count_1 
FROM vulnerabilities
2025-12-31 19:25:28,426 INFO sqlalchemy.engine.Engine [cached since 276.6s ago] ()
2025-12-31 19:25:28,427 INFO sqlalchemy.engine.Engine SELECT vendors.id, vendors.name, vendors.description, vendors.category, vendors.contact_email, vendors.contact_phone, vendors.website, vendors.risk_level, vendors.last_risk_assessment, vendors.next_risk_assessment, vendors.contract_start_date, vendors.contract_end_date, vendors.contract_value, vendors.compliance_status, vendors.compliance_rate, vendors.compliant_controls, vendors.non_compliant_controls, vendors.last_compliance_check, vendors.organization_id, vendors.created_at, vendors.updated_at 
FROM vendors
2025-12-31 19:25:28,427 INFO sqlalchemy.engine.Engine [cached since 284.8s ago] ()
2025-12-31 19:25:28,429 INFO sqlalchemy.engine.Engine SELECT vendor_certificates.vendor_id AS vendor_certificates_vendor_id, vendor_certificates.id AS vendor_certificates_id, vendor_certificates.certificate_type AS vendor_certificates_certificate_type, vendor_certificates.certificate_number AS vendor_certificates_certificate_number, vendor_certificates.issue_date AS vendor_certificates_issue_date, vendor_certificates.expiry_date AS vendor_certificates_expiry_date, vendor_certificates.status AS vendor_certificates_status, vendor_certificates.issuing_authority AS vendor_certificates_issuing_authority, vendor_certificates.certificate_url AS vendor_certificates_certificate_url, vendor_certificates.scope AS vendor_certificates_scope, vendor_certificates.notes AS vendor_certificates_notes, vendor_certificates.application_id AS vendor_certificates_application_id, vendor_certificates.created_at AS vendor_certificates_created_at, vendor_certificates.updated_at AS vendor_certificates_updated_at 
FROM vendor_certificates 
WHERE vendor_certificates.vendor_id IN ($1::INTEGER, $2::INTEGER, $3::INTEGER, $4::INTEGER, $5::INTEGER, $6::INTEGER, $7::INTEGER, $8::INTEGER, $9::INTEGER, $10::INTEGER, $11::INTEGER, $12::INTEGER, $13::INTEGER, $14::INTEGER, $15::INTEGER, $16::INTEGER, $17::INTEGER, $18::INTEGER, $19::INTEGER, $20::INTEGER, $21::INTEGER, $22::INTEGER, $23::INTEGER, $24::INTEGER, $25::INTEGER, $26::INTEGER, $27::INTEGER, $28::INTEGER, $29::INTEGER, $30::INTEGER, $31::INTEGER, $32::INTEGER)
2025-12-31 19:25:28,429 INFO sqlalchemy.engine.Engine [cached since 284.8s ago] (26, 27, 8, 7, 10, 11, 16, 17, 18, 19, 20, 21, 22, 23, 24, 25, 1, 2, 3, 4, 5, 6, 9, 12, 13, 14, 15, 28, 29, 30, 31, 32)
2025-12-31 19:25:28,430 INFO sqlalchemy.engine.Engine SELECT count(exceptions.id) AS count_1 
FROM exceptions 
WHERE EXTRACT(month FROM exceptions.created_at) = $1::INTEGER AND EXTRACT(year FROM exceptions.created_at) = $2::INTEGER
2025-12-31 19:25:28,430 INFO sqlalchemy.engine.Engine [cached since 276.6s ago] (12, 2025)
2025-12-31 19:25:28,431 INFO sqlalchemy.engine.Engine SELECT count(exceptions.id) AS count_1 
FROM exceptions 
WHERE EXTRACT(month FROM exceptions.created_at) = $1::INTEGER AND EXTRACT(year FROM exceptions.created_at) = $2::INTEGER
2025-12-31 19:25:28,431 INFO sqlalchemy.engine.Engine [cached since 276.6s ago] (11, 2025)
2025-12-31 19:25:28,431 INFO sqlalchemy.engine.Engine SELECT count(exceptions.id) AS count_1 
FROM exceptions
2025-12-31 19:25:28,431 INFO sqlalchemy.engine.Engine [cached since 276.6s ago] ()
2025-12-31 19:25:28,432 INFO sqlalchemy.engine.Engine COMMIT
2025-12-31 19:25:28 - app.main - INFO - ⚡ Completed in 0.0336s - Status: 200
INFO:     127.0.0.1:61539 - "GET /api/v1/yourboard/yourboard-metrics HTTP/1.1" 200 OK
2025-12-31 19:25:28 - app.main - INFO - 📨 GET http://localhost:8000/api/v1/yourboard/yourboard-metrics
2025-12-31 19:25:28,435 INFO sqlalchemy.engine.Engine BEGIN (implicit)
2025-12-31 19:25:28,436 INFO sqlalchemy.engine.Engine SELECT count(applications.id) AS count_1 
FROM applications 
WHERE EXTRACT(month FROM applications.created_at) = $1::INTEGER AND EXTRACT(year FROM applications.created_at) = $2::INTEGER
2025-12-31 19:25:28,436 INFO sqlalchemy.engine.Engine [cached since 276.6s ago] (12, 2025)
2025-12-31 19:25:28,438 INFO sqlalchemy.engine.Engine SELECT count(applications.id) AS count_1 
FROM applications 
WHERE EXTRACT(month FROM applications.created_at) = $1::INTEGER AND EXTRACT(year FROM applications.created_at) = $2::INTEGER
2025-12-31 19:25:28,438 INFO sqlalchemy.engine.Engine [cached since 276.6s ago] (11, 2025)
2025-12-31 19:25:28,438 INFO sqlalchemy.engine.Engine SELECT count(applications.id) AS count_1 
FROM applications
2025-12-31 19:25:28,438 INFO sqlalchemy.engine.Engine [cached since 276.6s ago] ()
2025-12-31 19:25:28,439 INFO sqlalchemy.engine.Engine SELECT count(vulnerabilities.id) AS count_1 
FROM vulnerabilities 
WHERE EXTRACT(month FROM vulnerabilities.created_at) = $1::INTEGER AND EXTRACT(year FROM vulnerabilities.created_at) = $2::INTEGER
2025-12-31 19:25:28,439 INFO sqlalchemy.engine.Engine [cached since 276.6s ago] (12, 2025)
2025-12-31 19:25:28,439 INFO sqlalchemy.engine.Engine SELECT count(vulnerabilities.id) AS count_1 
FROM vulnerabilities 
WHERE EXTRACT(month FROM vulnerabilities.created_at) = $1::INTEGER AND EXTRACT(year FROM vulnerabilities.created_at) = $2::INTEGER
2025-12-31 19:25:28,439 INFO sqlalchemy.engine.Engine [cached since 276.6s ago] (11, 2025)
2025-12-31 19:25:28,439 INFO sqlalchemy.engine.Engine SELECT count(vulnerabilities.id) AS count_1 
FROM vulnerabilities
2025-12-31 19:25:28,439 INFO sqlalchemy.engine.Engine [cached since 276.6s ago] ()
2025-12-31 19:25:28,440 INFO sqlalchemy.engine.Engine SELECT vendors.id, vendors.name, vendors.description, vendors.category, vendors.contact_email, vendors.contact_phone, vendors.website, vendors.risk_level, vendors.last_risk_assessment, vendors.next_risk_assessment, vendors.contract_start_date, vendors.contract_end_date, vendors.contract_value, vendors.compliance_status, vendors.compliance_rate, vendors.compliant_controls, vendors.non_compliant_controls, vendors.last_compliance_check, vendors.organization_id, vendors.created_at, vendors.updated_at 
FROM vendors
2025-12-31 19:25:28,440 INFO sqlalchemy.engine.Engine [cached since 284.8s ago] ()
2025-12-31 19:25:28,441 INFO sqlalchemy.engine.Engine SELECT vendor_certificates.vendor_id AS vendor_certificates_vendor_id, vendor_certificates.id AS vendor_certificates_id, vendor_certificates.certificate_type AS vendor_certificates_certificate_type, vendor_certificates.certificate_number AS vendor_certificates_certificate_number, vendor_certificates.issue_date AS vendor_certificates_issue_date, vendor_certificates.expiry_date AS vendor_certificates_expiry_date, vendor_certificates.status AS vendor_certificates_status, vendor_certificates.issuing_authority AS vendor_certificates_issuing_authority, vendor_certificates.certificate_url AS vendor_certificates_certificate_url, vendor_certificates.scope AS vendor_certificates_scope, vendor_certificates.notes AS vendor_certificates_notes, vendor_certificates.application_id AS vendor_certificates_application_id, vendor_certificates.created_at AS vendor_certificates_created_at, vendor_certificates.updated_at AS vendor_certificates_updated_at 
FROM vendor_certificates 
WHERE vendor_certificates.vendor_id IN ($1::INTEGER, $2::INTEGER, $3::INTEGER, $4::INTEGER, $5::INTEGER, $6::INTEGER, $7::INTEGER, $8::INTEGER, $9::INTEGER, $10::INTEGER, $11::INTEGER, $12::INTEGER, $13::INTEGER, $14::INTEGER, $15::INTEGER, $16::INTEGER, $17::INTEGER, $18::INTEGER, $19::INTEGER, $20::INTEGER, $21::INTEGER, $22::INTEGER, $23::INTEGER, $24::INTEGER, $25::INTEGER, $26::INTEGER, $27::INTEGER, $28::INTEGER, $29::INTEGER, $30::INTEGER, $31::INTEGER, $32::INTEGER)
2025-12-31 19:25:28,441 INFO sqlalchemy.engine.Engine [cached since 284.8s ago] (26, 27, 8, 7, 10, 11, 16, 17, 18, 19, 20, 21, 22, 23, 24, 25, 1, 2, 3, 4, 5, 6, 9, 12, 13, 14, 15, 28, 29, 30, 31, 32)
2025-12-31 19:25:28,442 INFO sqlalchemy.engine.Engine SELECT count(exceptions.id) AS count_1 
FROM exceptions 
WHERE EXTRACT(month FROM exceptions.created_at) = $1::INTEGER AND EXTRACT(year FROM exceptions.created_at) = $2::INTEGER
2025-12-31 19:25:28,442 INFO sqlalchemy.engine.Engine [cached since 276.6s ago] (12, 2025)
2025-12-31 19:25:28,443 INFO sqlalchemy.engine.Engine SELECT count(exceptions.id) AS count_1 
FROM exceptions 
WHERE EXTRACT(month FROM exceptions.created_at) = $1::INTEGER AND EXTRACT(year FROM exceptions.created_at) = $2::INTEGER
2025-12-31 19:25:28,443 INFO sqlalchemy.engine.Engine [cached since 276.6s ago] (11, 2025)
2025-12-31 19:25:28,443 INFO sqlalchemy.engine.Engine SELECT count(exceptions.id) AS count_1 
FROM exceptions
2025-12-31 19:25:28,443 INFO sqlalchemy.engine.Engine [cached since 276.6s ago] ()
2025-12-31 19:25:28,444 INFO sqlalchemy.engine.Engine COMMIT
2025-12-31 19:25:28 - app.main - INFO - ⚡ Completed in 0.0108s - Status: 200
INFO:     127.0.0.1:61539 - "GET /api/v1/yourboard/yourboard-metrics HTTP/1.1" 200 OK
2025-12-31 19:25:28 - app.main - INFO - 📨 GET http://localhost:8000/api/v1/activities?page=1&size=20&days=7
2025-12-31 19:25:28,544 INFO sqlalchemy.engine.Engine BEGIN (implicit)
2025-12-31 19:25:28,545 INFO sqlalchemy.engine.Engine SELECT count(*) AS count_1 
FROM activity_logs 
WHERE activity_logs.created_at >= $1::TIMESTAMP WITH TIME ZONE AND activity_logs.status = $2::VARCHAR
2025-12-31 19:25:28,545 INFO sqlalchemy.engine.Engine [cached since 276.6s ago] (datetime.datetime(2025, 12, 24, 13, 55, 28, 543070), 'active')
2025-12-31 19:25:28,547 INFO sqlalchemy.engine.Engine SELECT activity_logs.id, activity_logs.activity_type, activity_logs.priority, activity_logs.title, activity_logs.description, activity_logs.user_id, activity_logs.user_name, activity_logs.entity_type, activity_logs.entity_id, activity_logs.entity_name, activity_logs.extra_data, activity_logs.tags, activity_logs.status, activity_logs.is_read, activity_logs.created_at, activity_logs.updated_at 
FROM activity_logs 
WHERE activity_logs.created_at >= $1::TIMESTAMP WITH TIME ZONE AND activity_logs.status = $2::VARCHAR ORDER BY activity_logs.created_at DESC 
 LIMIT $3::INTEGER OFFSET $4::INTEGER
2025-12-31 19:25:28,547 INFO sqlalchemy.engine.Engine [cached since 276.6s ago] (datetime.datetime(2025, 12, 24, 13, 55, 28, 543070), 'active', 20, 0)
2025-12-31 19:25:28,549 INFO sqlalchemy.engine.Engine COMMIT
2025-12-31 19:25:28 - app.main - INFO - ⚡ Completed in 0.0128s - Status: 200
INFO:     127.0.0.1:61539 - "GET /api/v1/activities?page=1&size=20&days=7 HTTP/1.1" 200 OK
2025-12-31 19:25:28 - app.main - INFO - 📨 GET http://localhost:8000/api/v1/activities?page=1&size=20&days=7
2025-12-31 19:25:28,560 INFO sqlalchemy.engine.Engine BEGIN (implicit)
2025-12-31 19:25:28,561 INFO sqlalchemy.engine.Engine SELECT count(*) AS count_1 
FROM activity_logs 
WHERE activity_logs.created_at >= $1::TIMESTAMP WITH TIME ZONE AND activity_logs.status = $2::VARCHAR
2025-12-31 19:25:28,561 INFO sqlalchemy.engine.Engine [cached since 276.6s ago] (datetime.datetime(2025, 12, 24, 13, 55, 28, 558205), 'active')
2025-12-31 19:25:28,567 INFO sqlalchemy.engine.Engine SELECT activity_logs.id, activity_logs.activity_type, activity_logs.priority, activity_logs.title, activity_logs.description, activity_logs.user_id, activity_logs.user_name, activity_logs.entity_type, activity_logs.entity_id, activity_logs.entity_name, activity_logs.extra_data, activity_logs.tags, activity_logs.status, activity_logs.is_read, activity_logs.created_at, activity_logs.updated_at 
FROM activity_logs 
WHERE activity_logs.created_at >= $1::TIMESTAMP WITH TIME ZONE AND activity_logs.status = $2::VARCHAR ORDER BY activity_logs.created_at DESC 
 LIMIT $3::INTEGER OFFSET $4::INTEGER
2025-12-31 19:25:28,568 INFO sqlalchemy.engine.Engine [cached since 276.6s ago] (datetime.datetime(2025, 12, 24, 13, 55, 28, 558205), 'active', 20, 0)
2025-12-31 19:25:28,570 INFO sqlalchemy.engine.Engine COMMIT
2025-12-31 19:25:28 - app.main - INFO - ⚡ Completed in 0.0168s - Status: 200
INFO:     127.0.0.1:61539 - "GET /api/v1/activities?page=1&size=20&days=7 HTTP/1.1" 200 OK
2025-12-31 19:25:29 - app.main - INFO - ⚡ Completed in 0.9692s - Status: 200
INFO:     127.0.0.1:61540 - "GET /api/v1/intelligence/weekly HTTP/1.1" 200 OK
2025-12-31 19:25:29 - app.main - INFO - 📨 GET http://localhost:8000/api/v1/intelligence/weekly
2025-12-31 19:25:30 - app.main - INFO - ⚡ Completed in 1.0687s - Status: 200
INFO:     127.0.0.1:61540 - "GET /api/v1/intelligence/weekly HTTP/1.1" 200 OK
2025-12-31 19:25:58 - app.main - INFO - 📨 GET http://localhost:8000/api/v1/activities?page=1&size=20&days=7
2025-12-31 19:25:58,582 INFO sqlalchemy.engine.Engine BEGIN (implicit)
2025-12-31 19:25:58,585 INFO sqlalchemy.engine.Engine SELECT count(*) AS count_1 
FROM activity_logs 
WHERE activity_logs.created_at >= $1::TIMESTAMP WITH TIME ZONE AND activity_logs.status = $2::VARCHAR
2025-12-31 19:25:58,585 INFO sqlalchemy.engine.Engine [cached since 306.6s ago] (datetime.datetime(2025, 12, 24, 13, 55, 58, 568973), 'active')
2025-12-31 19:25:58,608 INFO sqlalchemy.engine.Engine SELECT activity_logs.id, activity_logs.activity_type, activity_logs.priority, activity_logs.title, activity_logs.description, activity_logs.user_id, activity_logs.user_name, activity_logs.entity_type, activity_logs.entity_id, activity_logs.entity_name, activity_logs.extra_data, activity_logs.tags, activity_logs.status, activity_logs.is_read, activity_logs.created_at, activity_logs.updated_at 
FROM activity_logs 
WHERE activity_logs.created_at >= $1::TIMESTAMP WITH TIME ZONE AND activity_logs.status = $2::VARCHAR ORDER BY activity_logs.created_at DESC 
 LIMIT $3::INTEGER OFFSET $4::INTEGER
2025-12-31 19:25:58,608 INFO sqlalchemy.engine.Engine [cached since 306.6s ago] (datetime.datetime(2025, 12, 24, 13, 55, 58, 568973), 'active', 20, 0)
2025-12-31 19:25:58,611 INFO sqlalchemy.engine.Engine COMMIT
2025-12-31 19:25:58 - app.main - INFO - ⚡ Completed in 0.0514s - Status: 200
INFO:     127.0.0.1:61680 - "GET /api/v1/activities?page=1&size=20&days=7 HTTP/1.1" 200 OK
