INFO:     Will watch for changes in these directories: ['/Users/root1/Downloads/ RiskTrix/risktrix-backend']
INFO:     Uvicorn running on http://0.0.0.0:8000 (Press CTRL+C to quit)
INFO:     Started reloader process [8426] using WatchFiles
/Users/root1/Downloads/ RiskTrix/risktrix-backend/venv/lib/python3.11/site-packages/pydantic/_internal/_config.py:345: UserWarning: Valid config keys have changed in V2:
* 'orm_mode' has been renamed to 'from_attributes'
  warnings.warn(message, UserWarning)
INFO:     Started server process [8429]
INFO:     Waiting for application startup.
2026-02-06 10:53:36 - app.main - INFO - 🚀 Starting RiskTrix Backend Application...
2026-02-06 10:53:36 - app.main - INFO - Environment: development
2026-02-06 10:53:36 - app.main - INFO - API Version: 1.0.0
2026-02-06 10:53:36 - app.main - INFO - ✅ Scheduler started: daily vendor expiry check at 09:00 AM
INFO:     Application startup complete.
2026-02-06 10:58:20 - app.main - INFO - 📨 GET http://localhost:8000/api/v1/yourboard/yourboard-metrics
2026-02-06 10:58:20 - app.main - INFO - 📨 GET http://localhost:8000/api/v1/intelligence/weekly
2026-02-06 10:58:20 - app.main - INFO - 📨 GET http://localhost:8000/api/v1/yourboard/yourboard-metrics
2026-02-06 10:58:20 - app.main - INFO - 📨 GET http://localhost:8000/api/v1/intelligence/weekly
2026-02-06 10:58:20,119 INFO sqlalchemy.engine.Engine select pg_catalog.version()
2026-02-06 10:58:20,119 INFO sqlalchemy.engine.Engine [raw sql] ()
2026-02-06 10:58:20,121 INFO sqlalchemy.engine.Engine select current_schema()
2026-02-06 10:58:20,121 INFO sqlalchemy.engine.Engine [raw sql] ()
2026-02-06 10:58:20,122 INFO sqlalchemy.engine.Engine show standard_conforming_strings
2026-02-06 10:58:20,122 INFO sqlalchemy.engine.Engine [raw sql] ()
2026-02-06 10:58:20,123 INFO sqlalchemy.engine.Engine BEGIN (implicit)
2026-02-06 10:58:20,152 INFO sqlalchemy.engine.Engine SELECT count(applications.id) AS count_1 
FROM applications 
WHERE EXTRACT(month FROM applications.created_at) = $1::INTEGER AND EXTRACT(year FROM applications.created_at) = $2::INTEGER
2026-02-06 10:58:20,153 INFO sqlalchemy.engine.Engine [generated in 0.00017s] (2, 2026)
2026-02-06 10:58:20,155 INFO sqlalchemy.engine.Engine BEGIN (implicit)
2026-02-06 10:58:20,155 INFO sqlalchemy.engine.Engine SELECT count(applications.id) AS count_1 
FROM applications 
WHERE EXTRACT(month FROM applications.created_at) = $1::INTEGER AND EXTRACT(year FROM applications.created_at) = $2::INTEGER
2026-02-06 10:58:20,155 INFO sqlalchemy.engine.Engine [cached since 0.002813s ago] (2, 2026)
2026-02-06 10:58:20,159 INFO sqlalchemy.engine.Engine SELECT count(applications.id) AS count_1 
FROM applications 
WHERE EXTRACT(month FROM applications.created_at) = $1::INTEGER AND EXTRACT(year FROM applications.created_at) = $2::INTEGER
2026-02-06 10:58:20,159 INFO sqlalchemy.engine.Engine [cached since 0.006717s ago] (1, 2026)
2026-02-06 10:58:20,160 INFO sqlalchemy.engine.Engine SELECT count(applications.id) AS count_1 
FROM applications 
WHERE EXTRACT(month FROM applications.created_at) = $1::INTEGER AND EXTRACT(year FROM applications.created_at) = $2::INTEGER
2026-02-06 10:58:20,160 INFO sqlalchemy.engine.Engine [cached since 0.007164s ago] (1, 2026)
2026-02-06 10:58:20,161 INFO sqlalchemy.engine.Engine SELECT count(applications.id) AS count_1 
FROM applications
2026-02-06 10:58:20,161 INFO sqlalchemy.engine.Engine [generated in 0.00017s] ()
2026-02-06 10:58:20,161 INFO sqlalchemy.engine.Engine SELECT count(applications.id) AS count_1 
FROM applications
2026-02-06 10:58:20,161 INFO sqlalchemy.engine.Engine [cached since 0.000516s ago] ()
2026-02-06 10:58:20,163 INFO sqlalchemy.engine.Engine SELECT count(vulnerabilities.id) AS count_1 
FROM vulnerabilities 
WHERE EXTRACT(month FROM vulnerabilities.created_at) = $1::INTEGER AND EXTRACT(year FROM vulnerabilities.created_at) = $2::INTEGER
2026-02-06 10:58:20,163 INFO sqlalchemy.engine.Engine [generated in 0.00016s] (2, 2026)
2026-02-06 10:58:20,164 INFO sqlalchemy.engine.Engine SELECT count(vulnerabilities.id) AS count_1 
FROM vulnerabilities 
WHERE EXTRACT(month FROM vulnerabilities.created_at) = $1::INTEGER AND EXTRACT(year FROM vulnerabilities.created_at) = $2::INTEGER
2026-02-06 10:58:20,164 INFO sqlalchemy.engine.Engine [cached since 0.0007208s ago] (2, 2026)
2026-02-06 10:58:20,166 INFO sqlalchemy.engine.Engine SELECT count(vulnerabilities.id) AS count_1 
FROM vulnerabilities 
WHERE EXTRACT(month FROM vulnerabilities.created_at) = $1::INTEGER AND EXTRACT(year FROM vulnerabilities.created_at) = $2::INTEGER
2026-02-06 10:58:20,166 INFO sqlalchemy.engine.Engine [cached since 0.002934s ago] (1, 2026)
2026-02-06 10:58:20,166 INFO sqlalchemy.engine.Engine SELECT count(vulnerabilities.id) AS count_1 
FROM vulnerabilities 
WHERE EXTRACT(month FROM vulnerabilities.created_at) = $1::INTEGER AND EXTRACT(year FROM vulnerabilities.created_at) = $2::INTEGER
2026-02-06 10:58:20,166 INFO sqlalchemy.engine.Engine [cached since 0.00317s ago] (1, 2026)
2026-02-06 10:58:20,167 INFO sqlalchemy.engine.Engine SELECT count(vulnerabilities.id) AS count_1 
FROM vulnerabilities
2026-02-06 10:58:20,167 INFO sqlalchemy.engine.Engine [generated in 0.00006s] ()
2026-02-06 10:58:20,167 INFO sqlalchemy.engine.Engine SELECT count(vulnerabilities.id) AS count_1 
FROM vulnerabilities
2026-02-06 10:58:20,167 INFO sqlalchemy.engine.Engine [cached since 0.0002296s ago] ()
2026-02-06 10:58:20,170 INFO sqlalchemy.engine.Engine SELECT vendors.id, vendors.name, vendors.description, vendors.category, vendors.contact_email, vendors.contact_phone, vendors.website, vendors.risk_level, vendors.last_risk_assessment, vendors.next_risk_assessment, vendors.contract_start_date, vendors.contract_end_date, vendors.contract_value, vendors.application_name, vendors.certificate_type, vendors.certificate_issue_date, vendors.certificate_expiry_date, vendors.compliance_status, vendors.compliance_rate, vendors.compliant_controls, vendors.non_compliant_controls, vendors.last_compliance_check, vendors.organization_id, vendors.created_at, vendors.updated_at 
FROM vendors
2026-02-06 10:58:20,170 INFO sqlalchemy.engine.Engine [generated in 0.00010s] ()
2026-02-06 10:58:20,170 INFO sqlalchemy.engine.Engine SELECT vendors.id, vendors.name, vendors.description, vendors.category, vendors.contact_email, vendors.contact_phone, vendors.website, vendors.risk_level, vendors.last_risk_assessment, vendors.next_risk_assessment, vendors.contract_start_date, vendors.contract_end_date, vendors.contract_value, vendors.application_name, vendors.certificate_type, vendors.certificate_issue_date, vendors.certificate_expiry_date, vendors.compliance_status, vendors.compliance_rate, vendors.compliant_controls, vendors.non_compliant_controls, vendors.last_compliance_check, vendors.organization_id, vendors.created_at, vendors.updated_at 
FROM vendors
2026-02-06 10:58:20,170 INFO sqlalchemy.engine.Engine [cached since 0.0005667s ago] ()
2026-02-06 10:58:20,191 INFO sqlalchemy.engine.Engine SELECT vendor_certificates.vendor_id AS vendor_certificates_vendor_id, vendor_certificates.id AS vendor_certificates_id, vendor_certificates.certificate_type AS vendor_certificates_certificate_type, vendor_certificates.certificate_number AS vendor_certificates_certificate_number, vendor_certificates.issue_date AS vendor_certificates_issue_date, vendor_certificates.expiry_date AS vendor_certificates_expiry_date, vendor_certificates.status AS vendor_certificates_status, vendor_certificates.issuing_authority AS vendor_certificates_issuing_authority, vendor_certificates.certificate_url AS vendor_certificates_certificate_url, vendor_certificates.scope AS vendor_certificates_scope, vendor_certificates.notes AS vendor_certificates_notes, vendor_certificates.application_id AS vendor_certificates_application_id, vendor_certificates.created_at AS vendor_certificates_created_at, vendor_certificates.updated_at AS vendor_certificates_updated_at 
FROM vendor_certificates 
WHERE vendor_certificates.vendor_id IN ($1::INTEGER, $2::INTEGER, $3::INTEGER, $4::INTEGER, $5::INTEGER, $6::INTEGER, $7::INTEGER, $8::INTEGER, $9::INTEGER, $10::INTEGER, $11::INTEGER, $12::INTEGER, $13::INTEGER, $14::INTEGER, $15::INTEGER, $16::INTEGER, $17::INTEGER, $18::INTEGER, $19::INTEGER, $20::INTEGER, $21::INTEGER, $22::INTEGER, $23::INTEGER, $24::INTEGER, $25::INTEGER, $26::INTEGER, $27::INTEGER, $28::INTEGER, $29::INTEGER, $30::INTEGER, $31::INTEGER, $32::INTEGER, $33::INTEGER, $34::INTEGER, $35::INTEGER, $36::INTEGER, $37::INTEGER, $38::INTEGER, $39::INTEGER, $40::INTEGER, $41::INTEGER, $42::INTEGER, $43::INTEGER)
2026-02-06 10:58:20,191 INFO sqlalchemy.engine.Engine [generated in 0.00028s] (26, 27, 8, 7, 10, 11, 16, 17, 18, 19, 20, 21, 22, 23, 24, 25, 1, 2, 3, 4, 5, 6, 9, 12, 13, 14, 15, 28, 29, 30, 31, 32, 33, 34, 35, 36, 37, 38, 39, 40, 41, 42, 43)
2026-02-06 10:58:20,192 INFO sqlalchemy.engine.Engine SELECT vendor_certificates.vendor_id AS vendor_certificates_vendor_id, vendor_certificates.id AS vendor_certificates_id, vendor_certificates.certificate_type AS vendor_certificates_certificate_type, vendor_certificates.certificate_number AS vendor_certificates_certificate_number, vendor_certificates.issue_date AS vendor_certificates_issue_date, vendor_certificates.expiry_date AS vendor_certificates_expiry_date, vendor_certificates.status AS vendor_certificates_status, vendor_certificates.issuing_authority AS vendor_certificates_issuing_authority, vendor_certificates.certificate_url AS vendor_certificates_certificate_url, vendor_certificates.scope AS vendor_certificates_scope, vendor_certificates.notes AS vendor_certificates_notes, vendor_certificates.application_id AS vendor_certificates_application_id, vendor_certificates.created_at AS vendor_certificates_created_at, vendor_certificates.updated_at AS vendor_certificates_updated_at 
FROM vendor_certificates 
WHERE vendor_certificates.vendor_id IN ($1::INTEGER, $2::INTEGER, $3::INTEGER, $4::INTEGER, $5::INTEGER, $6::INTEGER, $7::INTEGER, $8::INTEGER, $9::INTEGER, $10::INTEGER, $11::INTEGER, $12::INTEGER, $13::INTEGER, $14::INTEGER, $15::INTEGER, $16::INTEGER, $17::INTEGER, $18::INTEGER, $19::INTEGER, $20::INTEGER, $21::INTEGER, $22::INTEGER, $23::INTEGER, $24::INTEGER, $25::INTEGER, $26::INTEGER, $27::INTEGER, $28::INTEGER, $29::INTEGER, $30::INTEGER, $31::INTEGER, $32::INTEGER, $33::INTEGER, $34::INTEGER, $35::INTEGER, $36::INTEGER, $37::INTEGER, $38::INTEGER, $39::INTEGER, $40::INTEGER, $41::INTEGER, $42::INTEGER, $43::INTEGER)
2026-02-06 10:58:20,192 INFO sqlalchemy.engine.Engine [cached since 0.001232s ago] (26, 27, 8, 7, 10, 11, 16, 17, 18, 19, 20, 21, 22, 23, 24, 25, 1, 2, 3, 4, 5, 6, 9, 12, 13, 14, 15, 28, 29, 30, 31, 32, 33, 34, 35, 36, 37, 38, 39, 40, 41, 42, 43)
2026-02-06 10:58:20,200 INFO sqlalchemy.engine.Engine SELECT count(exceptions.id) AS count_1 
FROM exceptions 
WHERE EXTRACT(month FROM exceptions.created_at) = $1::INTEGER AND EXTRACT(year FROM exceptions.created_at) = $2::INTEGER
2026-02-06 10:58:20,200 INFO sqlalchemy.engine.Engine [generated in 0.00010s] (2, 2026)
2026-02-06 10:58:20,200 INFO sqlalchemy.engine.Engine SELECT count(exceptions.id) AS count_1 
FROM exceptions 
WHERE EXTRACT(month FROM exceptions.created_at) = $1::INTEGER AND EXTRACT(year FROM exceptions.created_at) = $2::INTEGER
2026-02-06 10:58:20,200 INFO sqlalchemy.engine.Engine [cached since 0.0007387s ago] (2, 2026)
2026-02-06 10:58:20,203 INFO sqlalchemy.engine.Engine SELECT count(exceptions.id) AS count_1 
FROM exceptions 
WHERE EXTRACT(month FROM exceptions.created_at) = $1::INTEGER AND EXTRACT(year FROM exceptions.created_at) = $2::INTEGER
2026-02-06 10:58:20,203 INFO sqlalchemy.engine.Engine [cached since 0.003038s ago] (1, 2026)
2026-02-06 10:58:20,203 INFO sqlalchemy.engine.Engine SELECT count(exceptions.id) AS count_1 
FROM exceptions 
WHERE EXTRACT(month FROM exceptions.created_at) = $1::INTEGER AND EXTRACT(year FROM exceptions.created_at) = $2::INTEGER
2026-02-06 10:58:20,203 INFO sqlalchemy.engine.Engine [cached since 0.003261s ago] (1, 2026)
2026-02-06 10:58:20,204 INFO sqlalchemy.engine.Engine SELECT count(exceptions.id) AS count_1 
FROM exceptions
2026-02-06 10:58:20,204 INFO sqlalchemy.engine.Engine [generated in 0.00009s] ()
2026-02-06 10:58:20,204 INFO sqlalchemy.engine.Engine SELECT count(exceptions.id) AS count_1 
FROM exceptions
2026-02-06 10:58:20,204 INFO sqlalchemy.engine.Engine [cached since 0.0003198s ago] ()
2026-02-06 10:58:20,205 INFO sqlalchemy.engine.Engine COMMIT
2026-02-06 10:58:20,205 INFO sqlalchemy.engine.Engine COMMIT
2026-02-06 10:58:20 - app.main - INFO - ⚡ Completed in 0.1302s - Status: 200
INFO:     127.0.0.1:59783 - "GET /api/v1/yourboard/yourboard-metrics HTTP/1.1" 200 OK
2026-02-06 10:58:20 - app.main - INFO - ⚡ Completed in 0.1898s - Status: 200
INFO:     127.0.0.1:59781 - "GET /api/v1/yourboard/yourboard-metrics HTTP/1.1" 200 OK
2026-02-06 10:58:20 - app.main - INFO - 📨 GET http://localhost:8000/api/v1/activities?page=1&size=20&days=7
2026-02-06 10:58:20,313 INFO sqlalchemy.engine.Engine BEGIN (implicit)
2026-02-06 10:58:20,314 INFO sqlalchemy.engine.Engine SELECT count(*) AS count_1 
FROM activity_logs 
WHERE activity_logs.created_at >= $1::TIMESTAMP WITH TIME ZONE AND activity_logs.status = $2::VARCHAR
2026-02-06 10:58:20,314 INFO sqlalchemy.engine.Engine [generated in 0.00013s] (datetime.datetime(2026, 1, 30, 5, 28, 20, 312688), 'active')
2026-02-06 10:58:20 - app.main - INFO - 📨 GET http://localhost:8000/api/v1/activities?page=1&size=20&days=7
2026-02-06 10:58:20,317 INFO sqlalchemy.engine.Engine BEGIN (implicit)
2026-02-06 10:58:20,317 INFO sqlalchemy.engine.Engine SELECT count(*) AS count_1 
FROM activity_logs 
WHERE activity_logs.created_at >= $1::TIMESTAMP WITH TIME ZONE AND activity_logs.status = $2::VARCHAR
2026-02-06 10:58:20,317 INFO sqlalchemy.engine.Engine [cached since 0.002866s ago] (datetime.datetime(2026, 1, 30, 5, 28, 20, 316617), 'active')
2026-02-06 10:58:20,319 INFO sqlalchemy.engine.Engine SELECT activity_logs.id, activity_logs.activity_type, activity_logs.priority, activity_logs.title, activity_logs.description, activity_logs.user_id, activity_logs.user_name, activity_logs.entity_type, activity_logs.entity_id, activity_logs.entity_name, activity_logs.extra_data, activity_logs.tags, activity_logs.status, activity_logs.is_read, activity_logs.created_at, activity_logs.updated_at 
FROM activity_logs 
WHERE activity_logs.created_at >= $1::TIMESTAMP WITH TIME ZONE AND activity_logs.status = $2::VARCHAR ORDER BY activity_logs.created_at DESC 
 LIMIT $3::INTEGER OFFSET $4::INTEGER
2026-02-06 10:58:20,319 INFO sqlalchemy.engine.Engine [generated in 0.00010s] (datetime.datetime(2026, 1, 30, 5, 28, 20, 312688), 'active', 20, 0)
2026-02-06 10:58:20,321 INFO sqlalchemy.engine.Engine SELECT activity_logs.id, activity_logs.activity_type, activity_logs.priority, activity_logs.title, activity_logs.description, activity_logs.user_id, activity_logs.user_name, activity_logs.entity_type, activity_logs.entity_id, activity_logs.entity_name, activity_logs.extra_data, activity_logs.tags, activity_logs.status, activity_logs.is_read, activity_logs.created_at, activity_logs.updated_at 
FROM activity_logs 
WHERE activity_logs.created_at >= $1::TIMESTAMP WITH TIME ZONE AND activity_logs.status = $2::VARCHAR ORDER BY activity_logs.created_at DESC 
 LIMIT $3::INTEGER OFFSET $4::INTEGER
2026-02-06 10:58:20,321 INFO sqlalchemy.engine.Engine [cached since 0.001874s ago] (datetime.datetime(2026, 1, 30, 5, 28, 20, 316617), 'active', 20, 0)
2026-02-06 10:58:20,323 INFO sqlalchemy.engine.Engine COMMIT
2026-02-06 10:58:20 - app.main - INFO - ⚡ Completed in 0.0126s - Status: 200
INFO:     127.0.0.1:59783 - "GET /api/v1/activities?page=1&size=20&days=7 HTTP/1.1" 200 OK
2026-02-06 10:58:20,324 INFO sqlalchemy.engine.Engine COMMIT
2026-02-06 10:58:20 - app.main - INFO - ⚡ Completed in 0.0096s - Status: 200
INFO:     127.0.0.1:59781 - "GET /api/v1/activities?page=1&size=20&days=7 HTTP/1.1" 200 OK
2026-02-06 10:58:21 - app.main - INFO - ⚡ Completed in 1.8131s - Status: 200
INFO:     127.0.0.1:59782 - "GET /api/v1/intelligence/weekly HTTP/1.1" 200 OK
2026-02-06 10:58:21 - app.main - INFO - ⚡ Completed in 1.7672s - Status: 200
INFO:     127.0.0.1:59784 - "GET /api/v1/intelligence/weekly HTTP/1.1" 200 OK
2026-02-06 10:58:50 - app.main - INFO - 📨 GET http://localhost:8000/api/v1/activities?page=1&size=20&days=7
2026-02-06 10:58:50,373 INFO sqlalchemy.engine.Engine BEGIN (implicit)
2026-02-06 10:58:50,374 INFO sqlalchemy.engine.Engine SELECT count(*) AS count_1 
FROM activity_logs 
WHERE activity_logs.created_at >= $1::TIMESTAMP WITH TIME ZONE AND activity_logs.status = $2::VARCHAR
2026-02-06 10:58:50,374 INFO sqlalchemy.engine.Engine [cached since 30.06s ago] (datetime.datetime(2026, 1, 30, 5, 28, 50, 372028), 'active')
2026-02-06 10:58:50,375 INFO sqlalchemy.engine.Engine SELECT activity_logs.id, activity_logs.activity_type, activity_logs.priority, activity_logs.title, activity_logs.description, activity_logs.user_id, activity_logs.user_name, activity_logs.entity_type, activity_logs.entity_id, activity_logs.entity_name, activity_logs.extra_data, activity_logs.tags, activity_logs.status, activity_logs.is_read, activity_logs.created_at, activity_logs.updated_at 
FROM activity_logs 
WHERE activity_logs.created_at >= $1::TIMESTAMP WITH TIME ZONE AND activity_logs.status = $2::VARCHAR ORDER BY activity_logs.created_at DESC 
 LIMIT $3::INTEGER OFFSET $4::INTEGER
2026-02-06 10:58:50,375 INFO sqlalchemy.engine.Engine [cached since 30.06s ago] (datetime.datetime(2026, 1, 30, 5, 28, 50, 372028), 'active', 20, 0)
2026-02-06 10:58:50,377 INFO sqlalchemy.engine.Engine COMMIT
2026-02-06 10:58:50 - app.main - INFO - ⚡ Completed in 0.0084s - Status: 200
INFO:     127.0.0.1:59804 - "GET /api/v1/activities?page=1&size=20&days=7 HTTP/1.1" 200 OK
2026-02-06 10:59:20 - app.main - INFO - 📨 GET http://localhost:8000/api/v1/activities?page=1&size=20&days=7
2026-02-06 10:59:20,383 INFO sqlalchemy.engine.Engine BEGIN (implicit)
2026-02-06 10:59:20,384 INFO sqlalchemy.engine.Engine SELECT count(*) AS count_1 
FROM activity_logs 
WHERE activity_logs.created_at >= $1::TIMESTAMP WITH TIME ZONE AND activity_logs.status = $2::VARCHAR
2026-02-06 10:59:20,384 INFO sqlalchemy.engine.Engine [cached since 60.07s ago] (datetime.datetime(2026, 1, 30, 5, 29, 20, 381613), 'active')
2026-02-06 10:59:20,386 INFO sqlalchemy.engine.Engine SELECT activity_logs.id, activity_logs.activity_type, activity_logs.priority, activity_logs.title, activity_logs.description, activity_logs.user_id, activity_logs.user_name, activity_logs.entity_type, activity_logs.entity_id, activity_logs.entity_name, activity_logs.extra_data, activity_logs.tags, activity_logs.status, activity_logs.is_read, activity_logs.created_at, activity_logs.updated_at 
FROM activity_logs 
WHERE activity_logs.created_at >= $1::TIMESTAMP WITH TIME ZONE AND activity_logs.status = $2::VARCHAR ORDER BY activity_logs.created_at DESC 
 LIMIT $3::INTEGER OFFSET $4::INTEGER
2026-02-06 10:59:20,386 INFO sqlalchemy.engine.Engine [cached since 60.07s ago] (datetime.datetime(2026, 1, 30, 5, 29, 20, 381613), 'active', 20, 0)
2026-02-06 10:59:20,389 INFO sqlalchemy.engine.Engine COMMIT
2026-02-06 10:59:20 - app.main - INFO - ⚡ Completed in 0.0119s - Status: 200
INFO:     127.0.0.1:59817 - "GET /api/v1/activities?page=1&size=20&days=7 HTTP/1.1" 200 OK
2026-02-06 10:59:34 - app.main - INFO - 📨 OPTIONS http://localhost:8000/api/v1/auth/logout
2026-02-06 10:59:34 - app.main - INFO - ⚡ Completed in 0.0013s - Status: 200
INFO:     127.0.0.1:59824 - "OPTIONS /api/v1/auth/logout HTTP/1.1" 200 OK
2026-02-06 10:59:34 - app.main - INFO - 📨 POST http://localhost:8000/api/v1/auth/logout
2026-02-06 10:59:34 - app.main - INFO - ⚡ Completed in 0.0017s - Status: 200
INFO:     127.0.0.1:59824 - "POST /api/v1/auth/logout HTTP/1.1" 200 OK
2026-02-06 11:00:49 - app.main - INFO - 📨 OPTIONS http://localhost:8000/api/v1/auth/login
2026-02-06 11:00:49 - app.main - INFO - ⚡ Completed in 0.0017s - Status: 200
INFO:     127.0.0.1:59867 - "OPTIONS /api/v1/auth/login HTTP/1.1" 200 OK
2026-02-06 11:00:49 - app.main - INFO - 📨 POST http://localhost:8000/api/v1/auth/login
2026-02-06 11:00:49,644 INFO sqlalchemy.engine.Engine BEGIN (implicit)
2026-02-06 11:00:49,649 INFO sqlalchemy.engine.Engine SELECT users.id, users.email, users.username, users.full_name, users.hashed_password, users.is_active, users.is_superuser, users.role, users.last_login, users.phone, users.department, users.profile_type, users.company, users.privilege_level, users.clearance_level, users.created_at, users.updated_at 
FROM users 
WHERE users.email = $1::VARCHAR
2026-02-06 11:00:49,649 INFO sqlalchemy.engine.Engine [generated in 0.00032s] ('Mukesh@gmail.com',)
2026-02-06 11:00:49,668 INFO sqlalchemy.engine.Engine ROLLBACK
2026-02-06 11:00:49 - app.main - INFO - ⚡ Completed in 0.0351s - Status: 401
INFO:     127.0.0.1:59867 - "POST /api/v1/auth/login HTTP/1.1" 401 Unauthorized
2026-02-06 11:01:50 - app.main - INFO - 📨 OPTIONS http://localhost:8000/api/v1/auth/login
2026-02-06 11:01:50 - app.main - INFO - ⚡ Completed in 0.0023s - Status: 200
INFO:     127.0.0.1:59907 - "OPTIONS /api/v1/auth/login HTTP/1.1" 200 OK
2026-02-06 11:01:50 - app.main - INFO - 📨 POST http://localhost:8000/api/v1/auth/login
2026-02-06 11:01:50,938 INFO sqlalchemy.engine.Engine BEGIN (implicit)
2026-02-06 11:01:50,939 INFO sqlalchemy.engine.Engine SELECT users.id, users.email, users.username, users.full_name, users.hashed_password, users.is_active, users.is_superuser, users.role, users.last_login, users.phone, users.department, users.profile_type, users.company, users.privilege_level, users.clearance_level, users.created_at, users.updated_at 
FROM users 
WHERE users.email = $1::VARCHAR
2026-02-06 11:01:50,939 INFO sqlalchemy.engine.Engine [cached since 61.29s ago] ('mukesh@gmaail.com',)
2026-02-06 11:01:51,216 INFO sqlalchemy.engine.Engine UPDATE users SET last_login=$1::TIMESTAMP WITH TIME ZONE, updated_at=now() WHERE users.id = $2::INTEGER
2026-02-06 11:01:51,216 INFO sqlalchemy.engine.Engine [generated in 0.00014s] (datetime.datetime(2026, 2, 6, 5, 31, 51, 214068), 9)
2026-02-06 11:01:51,222 INFO sqlalchemy.engine.Engine COMMIT
2026-02-06 11:01:51,225 INFO sqlalchemy.engine.Engine BEGIN (implicit)
2026-02-06 11:01:51,225 INFO sqlalchemy.engine.Engine SELECT users.id, users.email, users.username, users.full_name, users.hashed_password, users.is_active, users.is_superuser, users.role, users.last_login, users.phone, users.department, users.profile_type, users.company, users.privilege_level, users.clearance_level, users.created_at, users.updated_at 
FROM users 
WHERE users.id = $1::INTEGER
2026-02-06 11:01:51,225 INFO sqlalchemy.engine.Engine [generated in 0.00006s] (9,)
2026-02-06 11:01:51 - app.crud.crud_user - INFO - Updated user: mukesh@gmaail.com (ID: 9)
2026-02-06 11:01:51,238 INFO sqlalchemy.engine.Engine COMMIT
2026-02-06 11:01:51 - app.main - INFO - ⚡ Completed in 0.3079s - Status: 200
INFO:     127.0.0.1:59907 - "POST /api/v1/auth/login HTTP/1.1" 200 OK
2026-02-06 11:01:51 - app.main - INFO - 📨 GET http://localhost:8000/api/v1/yourboard/yourboard-metrics
2026-02-06 11:01:51 - app.main - INFO - 📨 GET http://localhost:8000/api/v1/intelligence/weekly
2026-02-06 11:01:51 - app.main - INFO - 📨 GET http://localhost:8000/api/v1/yourboard/yourboard-metrics
2026-02-06 11:01:51 - app.main - INFO - 📨 GET http://localhost:8000/api/v1/intelligence/weekly
2026-02-06 11:01:51,317 INFO sqlalchemy.engine.Engine BEGIN (implicit)
2026-02-06 11:01:51,317 INFO sqlalchemy.engine.Engine SELECT count(applications.id) AS count_1 
FROM applications 
WHERE EXTRACT(month FROM applications.created_at) = $1::INTEGER AND EXTRACT(year FROM applications.created_at) = $2::INTEGER
2026-02-06 11:01:51,317 INFO sqlalchemy.engine.Engine [cached since 211.2s ago] (2, 2026)
2026-02-06 11:01:51,318 INFO sqlalchemy.engine.Engine BEGIN (implicit)
2026-02-06 11:01:51,318 INFO sqlalchemy.engine.Engine SELECT count(applications.id) AS count_1 
FROM applications 
WHERE EXTRACT(month FROM applications.created_at) = $1::INTEGER AND EXTRACT(year FROM applications.created_at) = $2::INTEGER
2026-02-06 11:01:51,318 INFO sqlalchemy.engine.Engine [cached since 211.2s ago] (2, 2026)
2026-02-06 11:01:51,319 INFO sqlalchemy.engine.Engine SELECT count(applications.id) AS count_1 
FROM applications 
WHERE EXTRACT(month FROM applications.created_at) = $1::INTEGER AND EXTRACT(year FROM applications.created_at) = $2::INTEGER
2026-02-06 11:01:51,319 INFO sqlalchemy.engine.Engine [cached since 211.2s ago] (1, 2026)
2026-02-06 11:01:51,320 INFO sqlalchemy.engine.Engine SELECT count(applications.id) AS count_1 
FROM applications
2026-02-06 11:01:51,320 INFO sqlalchemy.engine.Engine [cached since 211.2s ago] ()
2026-02-06 11:01:51,320 INFO sqlalchemy.engine.Engine SELECT count(applications.id) AS count_1 
FROM applications 
WHERE EXTRACT(month FROM applications.created_at) = $1::INTEGER AND EXTRACT(year FROM applications.created_at) = $2::INTEGER
2026-02-06 11:01:51,320 INFO sqlalchemy.engine.Engine [cached since 211.2s ago] (1, 2026)
2026-02-06 11:01:51,320 INFO sqlalchemy.engine.Engine SELECT count(vulnerabilities.id) AS count_1 
FROM vulnerabilities 
WHERE EXTRACT(month FROM vulnerabilities.created_at) = $1::INTEGER AND EXTRACT(year FROM vulnerabilities.created_at) = $2::INTEGER
2026-02-06 11:01:51,320 INFO sqlalchemy.engine.Engine [cached since 211.2s ago] (2, 2026)
2026-02-06 11:01:51,320 INFO sqlalchemy.engine.Engine SELECT count(applications.id) AS count_1 
FROM applications
2026-02-06 11:01:51,320 INFO sqlalchemy.engine.Engine [cached since 211.2s ago] ()
2026-02-06 11:01:51,321 INFO sqlalchemy.engine.Engine SELECT count(vulnerabilities.id) AS count_1 
FROM vulnerabilities 
WHERE EXTRACT(month FROM vulnerabilities.created_at) = $1::INTEGER AND EXTRACT(year FROM vulnerabilities.created_at) = $2::INTEGER
2026-02-06 11:01:51,321 INFO sqlalchemy.engine.Engine [cached since 211.2s ago] (1, 2026)
2026-02-06 11:01:51,321 INFO sqlalchemy.engine.Engine SELECT count(vulnerabilities.id) AS count_1 
FROM vulnerabilities 
WHERE EXTRACT(month FROM vulnerabilities.created_at) = $1::INTEGER AND EXTRACT(year FROM vulnerabilities.created_at) = $2::INTEGER
2026-02-06 11:01:51,321 INFO sqlalchemy.engine.Engine [cached since 211.2s ago] (2, 2026)
2026-02-06 11:01:51,321 INFO sqlalchemy.engine.Engine SELECT count(vulnerabilities.id) AS count_1 
FROM vulnerabilities
2026-02-06 11:01:51,321 INFO sqlalchemy.engine.Engine [cached since 211.2s ago] ()
2026-02-06 11:01:51,321 INFO sqlalchemy.engine.Engine SELECT count(vulnerabilities.id) AS count_1 
FROM vulnerabilities 
WHERE EXTRACT(month FROM vulnerabilities.created_at) = $1::INTEGER AND EXTRACT(year FROM vulnerabilities.created_at) = $2::INTEGER
2026-02-06 11:01:51,321 INFO sqlalchemy.engine.Engine [cached since 211.2s ago] (1, 2026)
2026-02-06 11:01:51,322 INFO sqlalchemy.engine.Engine SELECT vendors.id, vendors.name, vendors.description, vendors.category, vendors.contact_email, vendors.contact_phone, vendors.website, vendors.risk_level, vendors.last_risk_assessment, vendors.next_risk_assessment, vendors.contract_start_date, vendors.contract_end_date, vendors.contract_value, vendors.application_name, vendors.certificate_type, vendors.certificate_issue_date, vendors.certificate_expiry_date, vendors.compliance_status, vendors.compliance_rate, vendors.compliant_controls, vendors.non_compliant_controls, vendors.last_compliance_check, vendors.organization_id, vendors.created_at, vendors.updated_at 
FROM vendors
2026-02-06 11:01:51,322 INFO sqlalchemy.engine.Engine [cached since 211.2s ago] ()
2026-02-06 11:01:51,322 INFO sqlalchemy.engine.Engine SELECT count(vulnerabilities.id) AS count_1 
FROM vulnerabilities
2026-02-06 11:01:51,322 INFO sqlalchemy.engine.Engine [cached since 211.2s ago] ()
2026-02-06 11:01:51,323 INFO sqlalchemy.engine.Engine SELECT vendor_certificates.vendor_id AS vendor_certificates_vendor_id, vendor_certificates.id AS vendor_certificates_id, vendor_certificates.certificate_type AS vendor_certificates_certificate_type, vendor_certificates.certificate_number AS vendor_certificates_certificate_number, vendor_certificates.issue_date AS vendor_certificates_issue_date, vendor_certificates.expiry_date AS vendor_certificates_expiry_date, vendor_certificates.status AS vendor_certificates_status, vendor_certificates.issuing_authority AS vendor_certificates_issuing_authority, vendor_certificates.certificate_url AS vendor_certificates_certificate_url, vendor_certificates.scope AS vendor_certificates_scope, vendor_certificates.notes AS vendor_certificates_notes, vendor_certificates.application_id AS vendor_certificates_application_id, vendor_certificates.created_at AS vendor_certificates_created_at, vendor_certificates.updated_at AS vendor_certificates_updated_at 
FROM vendor_certificates 
WHERE vendor_certificates.vendor_id IN ($1::INTEGER, $2::INTEGER, $3::INTEGER, $4::INTEGER, $5::INTEGER, $6::INTEGER, $7::INTEGER, $8::INTEGER, $9::INTEGER, $10::INTEGER, $11::INTEGER, $12::INTEGER, $13::INTEGER, $14::INTEGER, $15::INTEGER, $16::INTEGER, $17::INTEGER, $18::INTEGER, $19::INTEGER, $20::INTEGER, $21::INTEGER, $22::INTEGER, $23::INTEGER, $24::INTEGER, $25::INTEGER, $26::INTEGER, $27::INTEGER, $28::INTEGER, $29::INTEGER, $30::INTEGER, $31::INTEGER, $32::INTEGER, $33::INTEGER, $34::INTEGER, $35::INTEGER, $36::INTEGER, $37::INTEGER, $38::INTEGER, $39::INTEGER, $40::INTEGER, $41::INTEGER, $42::INTEGER, $43::INTEGER)
2026-02-06 11:01:51,323 INFO sqlalchemy.engine.Engine [cached since 211.1s ago] (26, 27, 8, 7, 10, 11, 16, 17, 18, 19, 20, 21, 22, 23, 24, 25, 1, 2, 3, 4, 5, 6, 9, 12, 13, 14, 15, 28, 29, 30, 31, 32, 33, 34, 35, 36, 37, 38, 39, 40, 41, 42, 43)
2026-02-06 11:01:51,323 INFO sqlalchemy.engine.Engine SELECT vendors.id, vendors.name, vendors.description, vendors.category, vendors.contact_email, vendors.contact_phone, vendors.website, vendors.risk_level, vendors.last_risk_assessment, vendors.next_risk_assessment, vendors.contract_start_date, vendors.contract_end_date, vendors.contract_value, vendors.application_name, vendors.certificate_type, vendors.certificate_issue_date, vendors.certificate_expiry_date, vendors.compliance_status, vendors.compliance_rate, vendors.compliant_controls, vendors.non_compliant_controls, vendors.last_compliance_check, vendors.organization_id, vendors.created_at, vendors.updated_at 
FROM vendors
2026-02-06 11:01:51,323 INFO sqlalchemy.engine.Engine [cached since 211.2s ago] ()
2026-02-06 11:01:51,326 INFO sqlalchemy.engine.Engine SELECT vendor_certificates.vendor_id AS vendor_certificates_vendor_id, vendor_certificates.id AS vendor_certificates_id, vendor_certificates.certificate_type AS vendor_certificates_certificate_type, vendor_certificates.certificate_number AS vendor_certificates_certificate_number, vendor_certificates.issue_date AS vendor_certificates_issue_date, vendor_certificates.expiry_date AS vendor_certificates_expiry_date, vendor_certificates.status AS vendor_certificates_status, vendor_certificates.issuing_authority AS vendor_certificates_issuing_authority, vendor_certificates.certificate_url AS vendor_certificates_certificate_url, vendor_certificates.scope AS vendor_certificates_scope, vendor_certificates.notes AS vendor_certificates_notes, vendor_certificates.application_id AS vendor_certificates_application_id, vendor_certificates.created_at AS vendor_certificates_created_at, vendor_certificates.updated_at AS vendor_certificates_updated_at 
FROM vendor_certificates 
WHERE vendor_certificates.vendor_id IN ($1::INTEGER, $2::INTEGER, $3::INTEGER, $4::INTEGER, $5::INTEGER, $6::INTEGER, $7::INTEGER, $8::INTEGER, $9::INTEGER, $10::INTEGER, $11::INTEGER, $12::INTEGER, $13::INTEGER, $14::INTEGER, $15::INTEGER, $16::INTEGER, $17::INTEGER, $18::INTEGER, $19::INTEGER, $20::INTEGER, $21::INTEGER, $22::INTEGER, $23::INTEGER, $24::INTEGER, $25::INTEGER, $26::INTEGER, $27::INTEGER, $28::INTEGER, $29::INTEGER, $30::INTEGER, $31::INTEGER, $32::INTEGER, $33::INTEGER, $34::INTEGER, $35::INTEGER, $36::INTEGER, $37::INTEGER, $38::INTEGER, $39::INTEGER, $40::INTEGER, $41::INTEGER, $42::INTEGER, $43::INTEGER)
2026-02-06 11:01:51,326 INFO sqlalchemy.engine.Engine [cached since 211.1s ago] (26, 27, 8, 7, 10, 11, 16, 17, 18, 19, 20, 21, 22, 23, 24, 25, 1, 2, 3, 4, 5, 6, 9, 12, 13, 14, 15, 28, 29, 30, 31, 32, 33, 34, 35, 36, 37, 38, 39, 40, 41, 42, 43)
2026-02-06 11:01:51,327 INFO sqlalchemy.engine.Engine SELECT count(exceptions.id) AS count_1 
FROM exceptions 
WHERE EXTRACT(month FROM exceptions.created_at) = $1::INTEGER AND EXTRACT(year FROM exceptions.created_at) = $2::INTEGER
2026-02-06 11:01:51,327 INFO sqlalchemy.engine.Engine [cached since 211.1s ago] (2, 2026)
2026-02-06 11:01:51,328 INFO sqlalchemy.engine.Engine SELECT count(exceptions.id) AS count_1 
FROM exceptions 
WHERE EXTRACT(month FROM exceptions.created_at) = $1::INTEGER AND EXTRACT(year FROM exceptions.created_at) = $2::INTEGER
2026-02-06 11:01:51,328 INFO sqlalchemy.engine.Engine [cached since 211.1s ago] (2, 2026)
2026-02-06 11:01:51,328 INFO sqlalchemy.engine.Engine SELECT count(exceptions.id) AS count_1 
FROM exceptions 
WHERE EXTRACT(month FROM exceptions.created_at) = $1::INTEGER AND EXTRACT(year FROM exceptions.created_at) = $2::INTEGER
2026-02-06 11:01:51,328 INFO sqlalchemy.engine.Engine [cached since 211.1s ago] (1, 2026)
2026-02-06 11:01:51,328 INFO sqlalchemy.engine.Engine SELECT count(exceptions.id) AS count_1 
FROM exceptions 
WHERE EXTRACT(month FROM exceptions.created_at) = $1::INTEGER AND EXTRACT(year FROM exceptions.created_at) = $2::INTEGER
2026-02-06 11:01:51,328 INFO sqlalchemy.engine.Engine [cached since 211.1s ago] (1, 2026)
2026-02-06 11:01:51,328 INFO sqlalchemy.engine.Engine SELECT count(exceptions.id) AS count_1 
FROM exceptions
2026-02-06 11:01:51,328 INFO sqlalchemy.engine.Engine [cached since 211.1s ago] ()
2026-02-06 11:01:51,329 INFO sqlalchemy.engine.Engine SELECT count(exceptions.id) AS count_1 
FROM exceptions
2026-02-06 11:01:51,329 INFO sqlalchemy.engine.Engine [cached since 211.1s ago] ()
2026-02-06 11:01:51,329 INFO sqlalchemy.engine.Engine COMMIT
2026-02-06 11:01:51,329 INFO sqlalchemy.engine.Engine COMMIT
2026-02-06 11:01:51 - app.main - INFO - ⚡ Completed in 0.0333s - Status: 200
INFO:     127.0.0.1:59907 - "GET /api/v1/yourboard/yourboard-metrics HTTP/1.1" 200 OK
2026-02-06 11:01:51 - app.main - INFO - ⚡ Completed in 0.0199s - Status: 200
INFO:     127.0.0.1:59909 - "GET /api/v1/yourboard/yourboard-metrics HTTP/1.1" 200 OK
2026-02-06 11:01:51 - app.main - INFO - 📨 GET http://localhost:8000/api/v1/activities?page=1&size=20&days=7
2026-02-06 11:01:51 - app.main - INFO - 📨 GET http://localhost:8000/api/v1/activities?page=1&size=20&days=7
2026-02-06 11:01:51,427 INFO sqlalchemy.engine.Engine BEGIN (implicit)
2026-02-06 11:01:51,427 INFO sqlalchemy.engine.Engine SELECT count(*) AS count_1 
FROM activity_logs 
WHERE activity_logs.created_at >= $1::TIMESTAMP WITH TIME ZONE AND activity_logs.status = $2::VARCHAR
2026-02-06 11:01:51,427 INFO sqlalchemy.engine.Engine [cached since 211.1s ago] (datetime.datetime(2026, 1, 30, 5, 31, 51, 425289), 'active')
2026-02-06 11:01:51,427 INFO sqlalchemy.engine.Engine BEGIN (implicit)
2026-02-06 11:01:51,427 INFO sqlalchemy.engine.Engine SELECT count(*) AS count_1 
FROM activity_logs 
WHERE activity_logs.created_at >= $1::TIMESTAMP WITH TIME ZONE AND activity_logs.status = $2::VARCHAR
2026-02-06 11:01:51,427 INFO sqlalchemy.engine.Engine [cached since 211.1s ago] (datetime.datetime(2026, 1, 30, 5, 31, 51, 426856), 'active')
2026-02-06 11:01:51,428 INFO sqlalchemy.engine.Engine SELECT activity_logs.id, activity_logs.activity_type, activity_logs.priority, activity_logs.title, activity_logs.description, activity_logs.user_id, activity_logs.user_name, activity_logs.entity_type, activity_logs.entity_id, activity_logs.entity_name, activity_logs.extra_data, activity_logs.tags, activity_logs.status, activity_logs.is_read, activity_logs.created_at, activity_logs.updated_at 
FROM activity_logs 
WHERE activity_logs.created_at >= $1::TIMESTAMP WITH TIME ZONE AND activity_logs.status = $2::VARCHAR ORDER BY activity_logs.created_at DESC 
 LIMIT $3::INTEGER OFFSET $4::INTEGER
2026-02-06 11:01:51,428 INFO sqlalchemy.engine.Engine [cached since 211.1s ago] (datetime.datetime(2026, 1, 30, 5, 31, 51, 425289), 'active', 20, 0)
2026-02-06 11:01:51,429 INFO sqlalchemy.engine.Engine SELECT activity_logs.id, activity_logs.activity_type, activity_logs.priority, activity_logs.title, activity_logs.description, activity_logs.user_id, activity_logs.user_name, activity_logs.entity_type, activity_logs.entity_id, activity_logs.entity_name, activity_logs.extra_data, activity_logs.tags, activity_logs.status, activity_logs.is_read, activity_logs.created_at, activity_logs.updated_at 
FROM activity_logs 
WHERE activity_logs.created_at >= $1::TIMESTAMP WITH TIME ZONE AND activity_logs.status = $2::VARCHAR ORDER BY activity_logs.created_at DESC 
 LIMIT $3::INTEGER OFFSET $4::INTEGER
2026-02-06 11:01:51,429 INFO sqlalchemy.engine.Engine [cached since 211.1s ago] (datetime.datetime(2026, 1, 30, 5, 31, 51, 426856), 'active', 20, 0)
2026-02-06 11:01:51,430 INFO sqlalchemy.engine.Engine COMMIT
2026-02-06 11:01:51,431 INFO sqlalchemy.engine.Engine COMMIT
2026-02-06 11:01:51 - app.main - INFO - ⚡ Completed in 0.0073s - Status: 200
INFO:     127.0.0.1:59907 - "GET /api/v1/activities?page=1&size=20&days=7 HTTP/1.1" 200 OK
2026-02-06 11:01:51 - app.main - INFO - ⚡ Completed in 0.0055s - Status: 200
INFO:     127.0.0.1:59909 - "GET /api/v1/activities?page=1&size=20&days=7 HTTP/1.1" 200 OK
2026-02-06 11:01:52 - app.main - INFO - ⚡ Completed in 1.6711s - Status: 200
INFO:     127.0.0.1:59910 - "GET /api/v1/intelligence/weekly HTTP/1.1" 200 OK
2026-02-06 11:01:53 - app.main - INFO - ⚡ Completed in 1.7919s - Status: 200
INFO:     127.0.0.1:59908 - "GET /api/v1/intelligence/weekly HTTP/1.1" 200 OK
2026-02-06 11:02:08 - app.main - INFO - 📨 OPTIONS http://localhost:8000/api/v1/vendors
2026-02-06 11:02:08 - app.main - INFO - 📨 OPTIONS http://localhost:8000/api/v1/vendors
2026-02-06 11:02:08 - app.main - INFO - ⚡ Completed in 0.0010s - Status: 200
INFO:     127.0.0.1:59921 - "OPTIONS /api/v1/vendors HTTP/1.1" 200 OK
2026-02-06 11:02:08 - app.main - INFO - ⚡ Completed in 0.0006s - Status: 200
INFO:     127.0.0.1:59922 - "OPTIONS /api/v1/vendors HTTP/1.1" 200 OK
2026-02-06 11:02:08 - app.main - INFO - 📨 GET http://localhost:8000/api/v1/vendors
2026-02-06 11:02:08 - app.main - INFO - 📨 GET http://localhost:8000/api/v1/vendors
2026-02-06 11:02:08 - app.main - INFO - ⚡ Completed in 0.0032s - Status: 307
INFO:     127.0.0.1:59921 - "GET /api/v1/vendors HTTP/1.1" 307 Temporary Redirect
2026-02-06 11:02:08 - app.main - INFO - ⚡ Completed in 0.0028s - Status: 307
INFO:     127.0.0.1:59922 - "GET /api/v1/vendors HTTP/1.1" 307 Temporary Redirect
2026-02-06 11:02:08 - app.main - INFO - 📨 OPTIONS http://localhost:8000/api/v1/vendors/
2026-02-06 11:02:08 - app.main - INFO - 📨 OPTIONS http://localhost:8000/api/v1/vendors/
2026-02-06 11:02:08 - app.main - INFO - ⚡ Completed in 0.0008s - Status: 200
INFO:     127.0.0.1:59921 - "OPTIONS /api/v1/vendors/ HTTP/1.1" 200 OK
2026-02-06 11:02:08 - app.main - INFO - ⚡ Completed in 0.0008s - Status: 200
INFO:     127.0.0.1:59922 - "OPTIONS /api/v1/vendors/ HTTP/1.1" 200 OK
2026-02-06 11:02:08 - app.main - INFO - 📨 GET http://localhost:8000/api/v1/vendors/
2026-02-06 11:02:08 - app.main - INFO - 📨 GET http://localhost:8000/api/v1/vendors/
2026-02-06 11:02:08,277 INFO sqlalchemy.engine.Engine BEGIN (implicit)
2026-02-06 11:02:08,283 INFO sqlalchemy.engine.Engine SELECT vendors.id, vendors.name, vendors.description, vendors.category, vendors.contact_email, vendors.contact_phone, vendors.website, vendors.risk_level, vendors.last_risk_assessment, vendors.next_risk_assessment, vendors.contract_start_date, vendors.contract_end_date, vendors.contract_value, vendors.application_name, vendors.certificate_type, vendors.certificate_issue_date, vendors.certificate_expiry_date, vendors.compliance_status, vendors.compliance_rate, vendors.compliant_controls, vendors.non_compliant_controls, vendors.last_compliance_check, vendors.organization_id, vendors.created_at, vendors.updated_at 
FROM vendors ORDER BY vendors.name ASC 
 LIMIT $1::INTEGER OFFSET $2::INTEGER
2026-02-06 11:02:08,283 INFO sqlalchemy.engine.Engine [generated in 0.00051s] (20, 0)
2026-02-06 11:02:08,284 INFO sqlalchemy.engine.Engine BEGIN (implicit)
2026-02-06 11:02:08,285 INFO sqlalchemy.engine.Engine SELECT vendors.id, vendors.name, vendors.description, vendors.category, vendors.contact_email, vendors.contact_phone, vendors.website, vendors.risk_level, vendors.last_risk_assessment, vendors.next_risk_assessment, vendors.contract_start_date, vendors.contract_end_date, vendors.contract_value, vendors.application_name, vendors.certificate_type, vendors.certificate_issue_date, vendors.certificate_expiry_date, vendors.compliance_status, vendors.compliance_rate, vendors.compliant_controls, vendors.non_compliant_controls, vendors.last_compliance_check, vendors.organization_id, vendors.created_at, vendors.updated_at 
FROM vendors ORDER BY vendors.name ASC 
 LIMIT $1::INTEGER OFFSET $2::INTEGER
2026-02-06 11:02:08,285 INFO sqlalchemy.engine.Engine [cached since 0.001871s ago] (20, 0)
2026-02-06 11:02:08,288 INFO sqlalchemy.engine.Engine SELECT vendor_compliance_records.vendor_id AS vendor_compliance_records_vendor_id, vendor_compliance_records.id AS vendor_compliance_records_id, vendor_compliance_records.compliance_area AS vendor_compliance_records_compliance_area, vendor_compliance_records.status AS vendor_compliance_records_status, vendor_compliance_records.assessment_date AS vendor_compliance_records_assessment_date, vendor_compliance_records.expiry_date AS vendor_compliance_records_expiry_date, vendor_compliance_records.certificate_url AS vendor_compliance_records_certificate_url, vendor_compliance_records.notes AS vendor_compliance_records_notes, vendor_compliance_records.assessor_id AS vendor_compliance_records_assessor_id, vendor_compliance_records.created_at AS vendor_compliance_records_created_at, vendor_compliance_records.updated_at AS vendor_compliance_records_updated_at 
FROM vendor_compliance_records 
WHERE vendor_compliance_records.vendor_id IN ($1::INTEGER, $2::INTEGER, $3::INTEGER, $4::INTEGER, $5::INTEGER, $6::INTEGER, $7::INTEGER, $8::INTEGER, $9::INTEGER, $10::INTEGER, $11::INTEGER, $12::INTEGER, $13::INTEGER, $14::INTEGER, $15::INTEGER, $16::INTEGER, $17::INTEGER, $18::INTEGER, $19::INTEGER, $20::INTEGER)
2026-02-06 11:02:08,289 INFO sqlalchemy.engine.Engine [generated in 0.00025s] (41, 40, 1, 24, 27, 28, 10, 9, 18, 2, 39, 36, 13, 29, 19, 11, 22, 38, 37, 25)
2026-02-06 11:02:08,289 INFO sqlalchemy.engine.Engine SELECT vendor_compliance_records.vendor_id AS vendor_compliance_records_vendor_id, vendor_compliance_records.id AS vendor_compliance_records_id, vendor_compliance_records.compliance_area AS vendor_compliance_records_compliance_area, vendor_compliance_records.status AS vendor_compliance_records_status, vendor_compliance_records.assessment_date AS vendor_compliance_records_assessment_date, vendor_compliance_records.expiry_date AS vendor_compliance_records_expiry_date, vendor_compliance_records.certificate_url AS vendor_compliance_records_certificate_url, vendor_compliance_records.notes AS vendor_compliance_records_notes, vendor_compliance_records.assessor_id AS vendor_compliance_records_assessor_id, vendor_compliance_records.created_at AS vendor_compliance_records_created_at, vendor_compliance_records.updated_at AS vendor_compliance_records_updated_at 
FROM vendor_compliance_records 
WHERE vendor_compliance_records.vendor_id IN ($1::INTEGER, $2::INTEGER, $3::INTEGER, $4::INTEGER, $5::INTEGER, $6::INTEGER, $7::INTEGER, $8::INTEGER, $9::INTEGER, $10::INTEGER, $11::INTEGER, $12::INTEGER, $13::INTEGER, $14::INTEGER, $15::INTEGER, $16::INTEGER, $17::INTEGER, $18::INTEGER, $19::INTEGER, $20::INTEGER)
2026-02-06 11:02:08,289 INFO sqlalchemy.engine.Engine [cached since 0.0008768s ago] (41, 40, 1, 24, 27, 28, 10, 9, 18, 2, 39, 36, 13, 29, 19, 11, 22, 38, 37, 25)
2026-02-06 11:02:08,292 INFO sqlalchemy.engine.Engine SELECT count(vendors.id) AS count_1 
FROM vendors
2026-02-06 11:02:08,292 INFO sqlalchemy.engine.Engine [generated in 0.00008s] ()
2026-02-06 11:02:08,292 INFO sqlalchemy.engine.Engine SELECT count(vendors.id) AS count_1 
FROM vendors
2026-02-06 11:02:08,292 INFO sqlalchemy.engine.Engine [cached since 0.0004671s ago] ()
2026-02-06 11:02:08,294 INFO sqlalchemy.engine.Engine SELECT vulnerabilities.id AS vulnerabilities_id, vulnerabilities.title AS vulnerabilities_title, vulnerabilities.description AS vulnerabilities_description, vulnerabilities.cve_id AS vulnerabilities_cve_id, vulnerabilities.severity AS vulnerabilities_severity, vulnerabilities.status AS vulnerabilities_status, vulnerabilities.discovered_date AS vulnerabilities_discovered_date, vulnerabilities.source AS vulnerabilities_source, vulnerabilities.cvss_score AS vulnerabilities_cvss_score, vulnerabilities.cvss_vector AS vulnerabilities_cvss_vector, vulnerabilities.exploit_available AS vulnerabilities_exploit_available, vulnerabilities.remediation_plan AS vulnerabilities_remediation_plan, vulnerabilities.remediation_deadline AS vulnerabilities_remediation_deadline, vulnerabilities.remediation_completed AS vulnerabilities_remediation_completed, vulnerabilities.remarks AS vulnerabilities_remarks, vulnerabilities.poc_file_path AS vulnerabilities_poc_file_path, vulnerabilities.application_id AS vulnerabilities_application_id, vulnerabilities.vendor_id AS vulnerabilities_vendor_id, vulnerabilities.assigned_to_id AS vulnerabilities_assigned_to_id, vulnerabilities.created_at AS vulnerabilities_created_at, vulnerabilities.updated_at AS vulnerabilities_updated_at 
FROM vulnerabilities 
WHERE $1::INTEGER = vulnerabilities.vendor_id
2026-02-06 11:02:08,295 INFO sqlalchemy.engine.Engine [generated in 0.00022s] (41,)
2026-02-06 11:02:08 - app.services.vendor_service - WARNING - Could not access vulnerabilities for vendor 41: greenlet_spawn has not been called; can't call await_only() here. Was IO attempted in an unexpected place? (Background on this error at: https://sqlalche.me/e/20/xd2s)
2026-02-06 11:02:08,301 INFO sqlalchemy.engine.Engine SELECT vulnerabilities.id AS vulnerabilities_id, vulnerabilities.title AS vulnerabilities_title, vulnerabilities.description AS vulnerabilities_description, vulnerabilities.cve_id AS vulnerabilities_cve_id, vulnerabilities.severity AS vulnerabilities_severity, vulnerabilities.status AS vulnerabilities_status, vulnerabilities.discovered_date AS vulnerabilities_discovered_date, vulnerabilities.source AS vulnerabilities_source, vulnerabilities.cvss_score AS vulnerabilities_cvss_score, vulnerabilities.cvss_vector AS vulnerabilities_cvss_vector, vulnerabilities.exploit_available AS vulnerabilities_exploit_available, vulnerabilities.remediation_plan AS vulnerabilities_remediation_plan, vulnerabilities.remediation_deadline AS vulnerabilities_remediation_deadline, vulnerabilities.remediation_completed AS vulnerabilities_remediation_completed, vulnerabilities.remarks AS vulnerabilities_remarks, vulnerabilities.poc_file_path AS vulnerabilities_poc_file_path, vulnerabilities.application_id AS vulnerabilities_application_id, vulnerabilities.vendor_id AS vulnerabilities_vendor_id, vulnerabilities.assigned_to_id AS vulnerabilities_assigned_to_id, vulnerabilities.created_at AS vulnerabilities_created_at, vulnerabilities.updated_at AS vulnerabilities_updated_at 
FROM vulnerabilities 
WHERE $1::INTEGER = vulnerabilities.vendor_id
2026-02-06 11:02:08,301 INFO sqlalchemy.engine.Engine [cached since 0.006404s ago] (40,)
2026-02-06 11:02:08 - app.services.vendor_service - WARNING - Could not access vulnerabilities for vendor 40: greenlet_spawn has not been called; can't call await_only() here. Was IO attempted in an unexpected place? (Background on this error at: https://sqlalche.me/e/20/xd2s)
2026-02-06 11:02:08,301 INFO sqlalchemy.engine.Engine SELECT vulnerabilities.id AS vulnerabilities_id, vulnerabilities.title AS vulnerabilities_title, vulnerabilities.description AS vulnerabilities_description, vulnerabilities.cve_id AS vulnerabilities_cve_id, vulnerabilities.severity AS vulnerabilities_severity, vulnerabilities.status AS vulnerabilities_status, vulnerabilities.discovered_date AS vulnerabilities_discovered_date, vulnerabilities.source AS vulnerabilities_source, vulnerabilities.cvss_score AS vulnerabilities_cvss_score, vulnerabilities.cvss_vector AS vulnerabilities_cvss_vector, vulnerabilities.exploit_available AS vulnerabilities_exploit_available, vulnerabilities.remediation_plan AS vulnerabilities_remediation_plan, vulnerabilities.remediation_deadline AS vulnerabilities_remediation_deadline, vulnerabilities.remediation_completed AS vulnerabilities_remediation_completed, vulnerabilities.remarks AS vulnerabilities_remarks, vulnerabilities.poc_file_path AS vulnerabilities_poc_file_path, vulnerabilities.application_id AS vulnerabilities_application_id, vulnerabilities.vendor_id AS vulnerabilities_vendor_id, vulnerabilities.assigned_to_id AS vulnerabilities_assigned_to_id, vulnerabilities.created_at AS vulnerabilities_created_at, vulnerabilities.updated_at AS vulnerabilities_updated_at 
FROM vulnerabilities 
WHERE $1::INTEGER = vulnerabilities.vendor_id
2026-02-06 11:02:08,301 INFO sqlalchemy.engine.Engine [cached since 0.006836s ago] (1,)
2026-02-06 11:02:08 - app.services.vendor_service - WARNING - Could not access vulnerabilities for vendor 1: greenlet_spawn has not been called; can't call await_only() here. Was IO attempted in an unexpected place? (Background on this error at: https://sqlalche.me/e/20/xd2s)
2026-02-06 11:02:08,302 INFO sqlalchemy.engine.Engine SELECT vulnerabilities.id AS vulnerabilities_id, vulnerabilities.title AS vulnerabilities_title, vulnerabilities.description AS vulnerabilities_description, vulnerabilities.cve_id AS vulnerabilities_cve_id, vulnerabilities.severity AS vulnerabilities_severity, vulnerabilities.status AS vulnerabilities_status, vulnerabilities.discovered_date AS vulnerabilities_discovered_date, vulnerabilities.source AS vulnerabilities_source, vulnerabilities.cvss_score AS vulnerabilities_cvss_score, vulnerabilities.cvss_vector AS vulnerabilities_cvss_vector, vulnerabilities.exploit_available AS vulnerabilities_exploit_available, vulnerabilities.remediation_plan AS vulnerabilities_remediation_plan, vulnerabilities.remediation_deadline AS vulnerabilities_remediation_deadline, vulnerabilities.remediation_completed AS vulnerabilities_remediation_completed, vulnerabilities.remarks AS vulnerabilities_remarks, vulnerabilities.poc_file_path AS vulnerabilities_poc_file_path, vulnerabilities.application_id AS vulnerabilities_application_id, vulnerabilities.vendor_id AS vulnerabilities_vendor_id, vulnerabilities.assigned_to_id AS vulnerabilities_assigned_to_id, vulnerabilities.created_at AS vulnerabilities_created_at, vulnerabilities.updated_at AS vulnerabilities_updated_at 
FROM vulnerabilities 
WHERE $1::INTEGER = vulnerabilities.vendor_id
2026-02-06 11:02:08,302 INFO sqlalchemy.engine.Engine [cached since 0.00713s ago] (24,)
2026-02-06 11:02:08 - app.services.vendor_service - WARNING - Could not access vulnerabilities for vendor 24: greenlet_spawn has not been called; can't call await_only() here. Was IO attempted in an unexpected place? (Background on this error at: https://sqlalche.me/e/20/xd2s)
2026-02-06 11:02:08,302 INFO sqlalchemy.engine.Engine SELECT vulnerabilities.id AS vulnerabilities_id, vulnerabilities.title AS vulnerabilities_title, vulnerabilities.description AS vulnerabilities_description, vulnerabilities.cve_id AS vulnerabilities_cve_id, vulnerabilities.severity AS vulnerabilities_severity, vulnerabilities.status AS vulnerabilities_status, vulnerabilities.discovered_date AS vulnerabilities_discovered_date, vulnerabilities.source AS vulnerabilities_source, vulnerabilities.cvss_score AS vulnerabilities_cvss_score, vulnerabilities.cvss_vector AS vulnerabilities_cvss_vector, vulnerabilities.exploit_available AS vulnerabilities_exploit_available, vulnerabilities.remediation_plan AS vulnerabilities_remediation_plan, vulnerabilities.remediation_deadline AS vulnerabilities_remediation_deadline, vulnerabilities.remediation_completed AS vulnerabilities_remediation_completed, vulnerabilities.remarks AS vulnerabilities_remarks, vulnerabilities.poc_file_path AS vulnerabilities_poc_file_path, vulnerabilities.application_id AS vulnerabilities_application_id, vulnerabilities.vendor_id AS vulnerabilities_vendor_id, vulnerabilities.assigned_to_id AS vulnerabilities_assigned_to_id, vulnerabilities.created_at AS vulnerabilities_created_at, vulnerabilities.updated_at AS vulnerabilities_updated_at 
FROM vulnerabilities 
WHERE $1::INTEGER = vulnerabilities.vendor_id
2026-02-06 11:02:08,302 INFO sqlalchemy.engine.Engine [cached since 0.007395s ago] (27,)
2026-02-06 11:02:08 - app.services.vendor_service - WARNING - Could not access vulnerabilities for vendor 27: greenlet_spawn has not been called; can't call await_only() here. Was IO attempted in an unexpected place? (Background on this error at: https://sqlalche.me/e/20/xd2s)
2026-02-06 11:02:08,302 INFO sqlalchemy.engine.Engine SELECT vulnerabilities.id AS vulnerabilities_id, vulnerabilities.title AS vulnerabilities_title, vulnerabilities.description AS vulnerabilities_description, vulnerabilities.cve_id AS vulnerabilities_cve_id, vulnerabilities.severity AS vulnerabilities_severity, vulnerabilities.status AS vulnerabilities_status, vulnerabilities.discovered_date AS vulnerabilities_discovered_date, vulnerabilities.source AS vulnerabilities_source, vulnerabilities.cvss_score AS vulnerabilities_cvss_score, vulnerabilities.cvss_vector AS vulnerabilities_cvss_vector, vulnerabilities.exploit_available AS vulnerabilities_exploit_available, vulnerabilities.remediation_plan AS vulnerabilities_remediation_plan, vulnerabilities.remediation_deadline AS vulnerabilities_remediation_deadline, vulnerabilities.remediation_completed AS vulnerabilities_remediation_completed, vulnerabilities.remarks AS vulnerabilities_remarks, vulnerabilities.poc_file_path AS vulnerabilities_poc_file_path, vulnerabilities.application_id AS vulnerabilities_application_id, vulnerabilities.vendor_id AS vulnerabilities_vendor_id, vulnerabilities.assigned_to_id AS vulnerabilities_assigned_to_id, vulnerabilities.created_at AS vulnerabilities_created_at, vulnerabilities.updated_at AS vulnerabilities_updated_at 
FROM vulnerabilities 
WHERE $1::INTEGER = vulnerabilities.vendor_id
2026-02-06 11:02:08,302 INFO sqlalchemy.engine.Engine [cached since 0.007992s ago] (28,)
2026-02-06 11:02:08 - app.services.vendor_service - WARNING - Could not access vulnerabilities for vendor 28: greenlet_spawn has not been called; can't call await_only() here. Was IO attempted in an unexpected place? (Background on this error at: https://sqlalche.me/e/20/xd2s)
2026-02-06 11:02:08,303 INFO sqlalchemy.engine.Engine SELECT vulnerabilities.id AS vulnerabilities_id, vulnerabilities.title AS vulnerabilities_title, vulnerabilities.description AS vulnerabilities_description, vulnerabilities.cve_id AS vulnerabilities_cve_id, vulnerabilities.severity AS vulnerabilities_severity, vulnerabilities.status AS vulnerabilities_status, vulnerabilities.discovered_date AS vulnerabilities_discovered_date, vulnerabilities.source AS vulnerabilities_source, vulnerabilities.cvss_score AS vulnerabilities_cvss_score, vulnerabilities.cvss_vector AS vulnerabilities_cvss_vector, vulnerabilities.exploit_available AS vulnerabilities_exploit_available, vulnerabilities.remediation_plan AS vulnerabilities_remediation_plan, vulnerabilities.remediation_deadline AS vulnerabilities_remediation_deadline, vulnerabilities.remediation_completed AS vulnerabilities_remediation_completed, vulnerabilities.remarks AS vulnerabilities_remarks, vulnerabilities.poc_file_path AS vulnerabilities_poc_file_path, vulnerabilities.application_id AS vulnerabilities_application_id, vulnerabilities.vendor_id AS vulnerabilities_vendor_id, vulnerabilities.assigned_to_id AS vulnerabilities_assigned_to_id, vulnerabilities.created_at AS vulnerabilities_created_at, vulnerabilities.updated_at AS vulnerabilities_updated_at 
FROM vulnerabilities 
WHERE $1::INTEGER = vulnerabilities.vendor_id
2026-02-06 11:02:08,303 INFO sqlalchemy.engine.Engine [cached since 0.008332s ago] (10,)
2026-02-06 11:02:08 - app.services.vendor_service - WARNING - Could not access vulnerabilities for vendor 10: greenlet_spawn has not been called; can't call await_only() here. Was IO attempted in an unexpected place? (Background on this error at: https://sqlalche.me/e/20/xd2s)
2026-02-06 11:02:08,303 INFO sqlalchemy.engine.Engine SELECT vulnerabilities.id AS vulnerabilities_id, vulnerabilities.title AS vulnerabilities_title, vulnerabilities.description AS vulnerabilities_description, vulnerabilities.cve_id AS vulnerabilities_cve_id, vulnerabilities.severity AS vulnerabilities_severity, vulnerabilities.status AS vulnerabilities_status, vulnerabilities.discovered_date AS vulnerabilities_discovered_date, vulnerabilities.source AS vulnerabilities_source, vulnerabilities.cvss_score AS vulnerabilities_cvss_score, vulnerabilities.cvss_vector AS vulnerabilities_cvss_vector, vulnerabilities.exploit_available AS vulnerabilities_exploit_available, vulnerabilities.remediation_plan AS vulnerabilities_remediation_plan, vulnerabilities.remediation_deadline AS vulnerabilities_remediation_deadline, vulnerabilities.remediation_completed AS vulnerabilities_remediation_completed, vulnerabilities.remarks AS vulnerabilities_remarks, vulnerabilities.poc_file_path AS vulnerabilities_poc_file_path, vulnerabilities.application_id AS vulnerabilities_application_id, vulnerabilities.vendor_id AS vulnerabilities_vendor_id, vulnerabilities.assigned_to_id AS vulnerabilities_assigned_to_id, vulnerabilities.created_at AS vulnerabilities_created_at, vulnerabilities.updated_at AS vulnerabilities_updated_at 
FROM vulnerabilities 
WHERE $1::INTEGER = vulnerabilities.vendor_id
2026-02-06 11:02:08,303 INFO sqlalchemy.engine.Engine [cached since 0.008998s ago] (9,)
2026-02-06 11:02:08 - app.services.vendor_service - WARNING - Could not access vulnerabilities for vendor 9: greenlet_spawn has not been called; can't call await_only() here. Was IO attempted in an unexpected place? (Background on this error at: https://sqlalche.me/e/20/xd2s)
2026-02-06 11:02:08,304 INFO sqlalchemy.engine.Engine SELECT vulnerabilities.id AS vulnerabilities_id, vulnerabilities.title AS vulnerabilities_title, vulnerabilities.description AS vulnerabilities_description, vulnerabilities.cve_id AS vulnerabilities_cve_id, vulnerabilities.severity AS vulnerabilities_severity, vulnerabilities.status AS vulnerabilities_status, vulnerabilities.discovered_date AS vulnerabilities_discovered_date, vulnerabilities.source AS vulnerabilities_source, vulnerabilities.cvss_score AS vulnerabilities_cvss_score, vulnerabilities.cvss_vector AS vulnerabilities_cvss_vector, vulnerabilities.exploit_available AS vulnerabilities_exploit_available, vulnerabilities.remediation_plan AS vulnerabilities_remediation_plan, vulnerabilities.remediation_deadline AS vulnerabilities_remediation_deadline, vulnerabilities.remediation_completed AS vulnerabilities_remediation_completed, vulnerabilities.remarks AS vulnerabilities_remarks, vulnerabilities.poc_file_path AS vulnerabilities_poc_file_path, vulnerabilities.application_id AS vulnerabilities_application_id, vulnerabilities.vendor_id AS vulnerabilities_vendor_id, vulnerabilities.assigned_to_id AS vulnerabilities_assigned_to_id, vulnerabilities.created_at AS vulnerabilities_created_at, vulnerabilities.updated_at AS vulnerabilities_updated_at 
FROM vulnerabilities 
WHERE $1::INTEGER = vulnerabilities.vendor_id
2026-02-06 11:02:08,304 INFO sqlalchemy.engine.Engine [cached since 0.009235s ago] (18,)
2026-02-06 11:02:08 - app.services.vendor_service - WARNING - Could not access vulnerabilities for vendor 18: greenlet_spawn has not been called; can't call await_only() here. Was IO attempted in an unexpected place? (Background on this error at: https://sqlalche.me/e/20/xd2s)
2026-02-06 11:02:08,304 INFO sqlalchemy.engine.Engine SELECT vulnerabilities.id AS vulnerabilities_id, vulnerabilities.title AS vulnerabilities_title, vulnerabilities.description AS vulnerabilities_description, vulnerabilities.cve_id AS vulnerabilities_cve_id, vulnerabilities.severity AS vulnerabilities_severity, vulnerabilities.status AS vulnerabilities_status, vulnerabilities.discovered_date AS vulnerabilities_discovered_date, vulnerabilities.source AS vulnerabilities_source, vulnerabilities.cvss_score AS vulnerabilities_cvss_score, vulnerabilities.cvss_vector AS vulnerabilities_cvss_vector, vulnerabilities.exploit_available AS vulnerabilities_exploit_available, vulnerabilities.remediation_plan AS vulnerabilities_remediation_plan, vulnerabilities.remediation_deadline AS vulnerabilities_remediation_deadline, vulnerabilities.remediation_completed AS vulnerabilities_remediation_completed, vulnerabilities.remarks AS vulnerabilities_remarks, vulnerabilities.poc_file_path AS vulnerabilities_poc_file_path, vulnerabilities.application_id AS vulnerabilities_application_id, vulnerabilities.vendor_id AS vulnerabilities_vendor_id, vulnerabilities.assigned_to_id AS vulnerabilities_assigned_to_id, vulnerabilities.created_at AS vulnerabilities_created_at, vulnerabilities.updated_at AS vulnerabilities_updated_at 
FROM vulnerabilities 
WHERE $1::INTEGER = vulnerabilities.vendor_id
2026-02-06 11:02:08,304 INFO sqlalchemy.engine.Engine [cached since 0.009524s ago] (2,)
2026-02-06 11:02:08 - app.services.vendor_service - WARNING - Could not access vulnerabilities for vendor 2: greenlet_spawn has not been called; can't call await_only() here. Was IO attempted in an unexpected place? (Background on this error at: https://sqlalche.me/e/20/xd2s)
2026-02-06 11:02:08,304 INFO sqlalchemy.engine.Engine SELECT vulnerabilities.id AS vulnerabilities_id, vulnerabilities.title AS vulnerabilities_title, vulnerabilities.description AS vulnerabilities_description, vulnerabilities.cve_id AS vulnerabilities_cve_id, vulnerabilities.severity AS vulnerabilities_severity, vulnerabilities.status AS vulnerabilities_status, vulnerabilities.discovered_date AS vulnerabilities_discovered_date, vulnerabilities.source AS vulnerabilities_source, vulnerabilities.cvss_score AS vulnerabilities_cvss_score, vulnerabilities.cvss_vector AS vulnerabilities_cvss_vector, vulnerabilities.exploit_available AS vulnerabilities_exploit_available, vulnerabilities.remediation_plan AS vulnerabilities_remediation_plan, vulnerabilities.remediation_deadline AS vulnerabilities_remediation_deadline, vulnerabilities.remediation_completed AS vulnerabilities_remediation_completed, vulnerabilities.remarks AS vulnerabilities_remarks, vulnerabilities.poc_file_path AS vulnerabilities_poc_file_path, vulnerabilities.application_id AS vulnerabilities_application_id, vulnerabilities.vendor_id AS vulnerabilities_vendor_id, vulnerabilities.assigned_to_id AS vulnerabilities_assigned_to_id, vulnerabilities.created_at AS vulnerabilities_created_at, vulnerabilities.updated_at AS vulnerabilities_updated_at 
FROM vulnerabilities 
WHERE $1::INTEGER = vulnerabilities.vendor_id
2026-02-06 11:02:08,304 INFO sqlalchemy.engine.Engine [cached since 0.009764s ago] (39,)
2026-02-06 11:02:08 - app.services.vendor_service - WARNING - Could not access vulnerabilities for vendor 39: greenlet_spawn has not been called; can't call await_only() here. Was IO attempted in an unexpected place? (Background on this error at: https://sqlalche.me/e/20/xd2s)
2026-02-06 11:02:08,304 INFO sqlalchemy.engine.Engine SELECT vulnerabilities.id AS vulnerabilities_id, vulnerabilities.title AS vulnerabilities_title, vulnerabilities.description AS vulnerabilities_description, vulnerabilities.cve_id AS vulnerabilities_cve_id, vulnerabilities.severity AS vulnerabilities_severity, vulnerabilities.status AS vulnerabilities_status, vulnerabilities.discovered_date AS vulnerabilities_discovered_date, vulnerabilities.source AS vulnerabilities_source, vulnerabilities.cvss_score AS vulnerabilities_cvss_score, vulnerabilities.cvss_vector AS vulnerabilities_cvss_vector, vulnerabilities.exploit_available AS vulnerabilities_exploit_available, vulnerabilities.remediation_plan AS vulnerabilities_remediation_plan, vulnerabilities.remediation_deadline AS vulnerabilities_remediation_deadline, vulnerabilities.remediation_completed AS vulnerabilities_remediation_completed, vulnerabilities.remarks AS vulnerabilities_remarks, vulnerabilities.poc_file_path AS vulnerabilities_poc_file_path, vulnerabilities.application_id AS vulnerabilities_application_id, vulnerabilities.vendor_id AS vulnerabilities_vendor_id, vulnerabilities.assigned_to_id AS vulnerabilities_assigned_to_id, vulnerabilities.created_at AS vulnerabilities_created_at, vulnerabilities.updated_at AS vulnerabilities_updated_at 
FROM vulnerabilities 
WHERE $1::INTEGER = vulnerabilities.vendor_id
2026-02-06 11:02:08,304 INFO sqlalchemy.engine.Engine [cached since 0.01002s ago] (36,)
2026-02-06 11:02:08 - app.services.vendor_service - WARNING - Could not access vulnerabilities for vendor 36: greenlet_spawn has not been called; can't call await_only() here. Was IO attempted in an unexpected place? (Background on this error at: https://sqlalche.me/e/20/xd2s)
2026-02-06 11:02:08,305 INFO sqlalchemy.engine.Engine SELECT vulnerabilities.id AS vulnerabilities_id, vulnerabilities.title AS vulnerabilities_title, vulnerabilities.description AS vulnerabilities_description, vulnerabilities.cve_id AS vulnerabilities_cve_id, vulnerabilities.severity AS vulnerabilities_severity, vulnerabilities.status AS vulnerabilities_status, vulnerabilities.discovered_date AS vulnerabilities_discovered_date, vulnerabilities.source AS vulnerabilities_source, vulnerabilities.cvss_score AS vulnerabilities_cvss_score, vulnerabilities.cvss_vector AS vulnerabilities_cvss_vector, vulnerabilities.exploit_available AS vulnerabilities_exploit_available, vulnerabilities.remediation_plan AS vulnerabilities_remediation_plan, vulnerabilities.remediation_deadline AS vulnerabilities_remediation_deadline, vulnerabilities.remediation_completed AS vulnerabilities_remediation_completed, vulnerabilities.remarks AS vulnerabilities_remarks, vulnerabilities.poc_file_path AS vulnerabilities_poc_file_path, vulnerabilities.application_id AS vulnerabilities_application_id, vulnerabilities.vendor_id AS vulnerabilities_vendor_id, vulnerabilities.assigned_to_id AS vulnerabilities_assigned_to_id, vulnerabilities.created_at AS vulnerabilities_created_at, vulnerabilities.updated_at AS vulnerabilities_updated_at 
FROM vulnerabilities 
WHERE $1::INTEGER = vulnerabilities.vendor_id
2026-02-06 11:02:08,305 INFO sqlalchemy.engine.Engine [cached since 0.01026s ago] (13,)
2026-02-06 11:02:08 - app.services.vendor_service - WARNING - Could not access vulnerabilities for vendor 13: greenlet_spawn has not been called; can't call await_only() here. Was IO attempted in an unexpected place? (Background on this error at: https://sqlalche.me/e/20/xd2s)
2026-02-06 11:02:08,305 INFO sqlalchemy.engine.Engine SELECT vulnerabilities.id AS vulnerabilities_id, vulnerabilities.title AS vulnerabilities_title, vulnerabilities.description AS vulnerabilities_description, vulnerabilities.cve_id AS vulnerabilities_cve_id, vulnerabilities.severity AS vulnerabilities_severity, vulnerabilities.status AS vulnerabilities_status, vulnerabilities.discovered_date AS vulnerabilities_discovered_date, vulnerabilities.source AS vulnerabilities_source, vulnerabilities.cvss_score AS vulnerabilities_cvss_score, vulnerabilities.cvss_vector AS vulnerabilities_cvss_vector, vulnerabilities.exploit_available AS vulnerabilities_exploit_available, vulnerabilities.remediation_plan AS vulnerabilities_remediation_plan, vulnerabilities.remediation_deadline AS vulnerabilities_remediation_deadline, vulnerabilities.remediation_completed AS vulnerabilities_remediation_completed, vulnerabilities.remarks AS vulnerabilities_remarks, vulnerabilities.poc_file_path AS vulnerabilities_poc_file_path, vulnerabilities.application_id AS vulnerabilities_application_id, vulnerabilities.vendor_id AS vulnerabilities_vendor_id, vulnerabilities.assigned_to_id AS vulnerabilities_assigned_to_id, vulnerabilities.created_at AS vulnerabilities_created_at, vulnerabilities.updated_at AS vulnerabilities_updated_at 
FROM vulnerabilities 
WHERE $1::INTEGER = vulnerabilities.vendor_id
2026-02-06 11:02:08,305 INFO sqlalchemy.engine.Engine [cached since 0.01047s ago] (29,)
2026-02-06 11:02:08 - app.services.vendor_service - WARNING - Could not access vulnerabilities for vendor 29: greenlet_spawn has not been called; can't call await_only() here. Was IO attempted in an unexpected place? (Background on this error at: https://sqlalche.me/e/20/xd2s)
2026-02-06 11:02:08,305 INFO sqlalchemy.engine.Engine SELECT vulnerabilities.id AS vulnerabilities_id, vulnerabilities.title AS vulnerabilities_title, vulnerabilities.description AS vulnerabilities_description, vulnerabilities.cve_id AS vulnerabilities_cve_id, vulnerabilities.severity AS vulnerabilities_severity, vulnerabilities.status AS vulnerabilities_status, vulnerabilities.discovered_date AS vulnerabilities_discovered_date, vulnerabilities.source AS vulnerabilities_source, vulnerabilities.cvss_score AS vulnerabilities_cvss_score, vulnerabilities.cvss_vector AS vulnerabilities_cvss_vector, vulnerabilities.exploit_available AS vulnerabilities_exploit_available, vulnerabilities.remediation_plan AS vulnerabilities_remediation_plan, vulnerabilities.remediation_deadline AS vulnerabilities_remediation_deadline, vulnerabilities.remediation_completed AS vulnerabilities_remediation_completed, vulnerabilities.remarks AS vulnerabilities_remarks, vulnerabilities.poc_file_path AS vulnerabilities_poc_file_path, vulnerabilities.application_id AS vulnerabilities_application_id, vulnerabilities.vendor_id AS vulnerabilities_vendor_id, vulnerabilities.assigned_to_id AS vulnerabilities_assigned_to_id, vulnerabilities.created_at AS vulnerabilities_created_at, vulnerabilities.updated_at AS vulnerabilities_updated_at 
FROM vulnerabilities 
WHERE $1::INTEGER = vulnerabilities.vendor_id
2026-02-06 11:02:08,305 INFO sqlalchemy.engine.Engine [cached since 0.01082s ago] (19,)
2026-02-06 11:02:08 - app.services.vendor_service - WARNING - Could not access vulnerabilities for vendor 19: greenlet_spawn has not been called; can't call await_only() here. Was IO attempted in an unexpected place? (Background on this error at: https://sqlalche.me/e/20/xd2s)
2026-02-06 11:02:08,305 INFO sqlalchemy.engine.Engine SELECT vulnerabilities.id AS vulnerabilities_id, vulnerabilities.title AS vulnerabilities_title, vulnerabilities.description AS vulnerabilities_description, vulnerabilities.cve_id AS vulnerabilities_cve_id, vulnerabilities.severity AS vulnerabilities_severity, vulnerabilities.status AS vulnerabilities_status, vulnerabilities.discovered_date AS vulnerabilities_discovered_date, vulnerabilities.source AS vulnerabilities_source, vulnerabilities.cvss_score AS vulnerabilities_cvss_score, vulnerabilities.cvss_vector AS vulnerabilities_cvss_vector, vulnerabilities.exploit_available AS vulnerabilities_exploit_available, vulnerabilities.remediation_plan AS vulnerabilities_remediation_plan, vulnerabilities.remediation_deadline AS vulnerabilities_remediation_deadline, vulnerabilities.remediation_completed AS vulnerabilities_remediation_completed, vulnerabilities.remarks AS vulnerabilities_remarks, vulnerabilities.poc_file_path AS vulnerabilities_poc_file_path, vulnerabilities.application_id AS vulnerabilities_application_id, vulnerabilities.vendor_id AS vulnerabilities_vendor_id, vulnerabilities.assigned_to_id AS vulnerabilities_assigned_to_id, vulnerabilities.created_at AS vulnerabilities_created_at, vulnerabilities.updated_at AS vulnerabilities_updated_at 
FROM vulnerabilities 
WHERE $1::INTEGER = vulnerabilities.vendor_id
2026-02-06 11:02:08,305 INFO sqlalchemy.engine.Engine [cached since 0.01103s ago] (11,)
2026-02-06 11:02:08 - app.services.vendor_service - WARNING - Could not access vulnerabilities for vendor 11: greenlet_spawn has not been called; can't call await_only() here. Was IO attempted in an unexpected place? (Background on this error at: https://sqlalche.me/e/20/xd2s)
2026-02-06 11:02:08,306 INFO sqlalchemy.engine.Engine SELECT vulnerabilities.id AS vulnerabilities_id, vulnerabilities.title AS vulnerabilities_title, vulnerabilities.description AS vulnerabilities_description, vulnerabilities.cve_id AS vulnerabilities_cve_id, vulnerabilities.severity AS vulnerabilities_severity, vulnerabilities.status AS vulnerabilities_status, vulnerabilities.discovered_date AS vulnerabilities_discovered_date, vulnerabilities.source AS vulnerabilities_source, vulnerabilities.cvss_score AS vulnerabilities_cvss_score, vulnerabilities.cvss_vector AS vulnerabilities_cvss_vector, vulnerabilities.exploit_available AS vulnerabilities_exploit_available, vulnerabilities.remediation_plan AS vulnerabilities_remediation_plan, vulnerabilities.remediation_deadline AS vulnerabilities_remediation_deadline, vulnerabilities.remediation_completed AS vulnerabilities_remediation_completed, vulnerabilities.remarks AS vulnerabilities_remarks, vulnerabilities.poc_file_path AS vulnerabilities_poc_file_path, vulnerabilities.application_id AS vulnerabilities_application_id, vulnerabilities.vendor_id AS vulnerabilities_vendor_id, vulnerabilities.assigned_to_id AS vulnerabilities_assigned_to_id, vulnerabilities.created_at AS vulnerabilities_created_at, vulnerabilities.updated_at AS vulnerabilities_updated_at 
FROM vulnerabilities 
WHERE $1::INTEGER = vulnerabilities.vendor_id
2026-02-06 11:02:08,306 INFO sqlalchemy.engine.Engine [cached since 0.01124s ago] (22,)
2026-02-06 11:02:08 - app.services.vendor_service - WARNING - Could not access vulnerabilities for vendor 22: greenlet_spawn has not been called; can't call await_only() here. Was IO attempted in an unexpected place? (Background on this error at: https://sqlalche.me/e/20/xd2s)
2026-02-06 11:02:08,306 INFO sqlalchemy.engine.Engine SELECT vulnerabilities.id AS vulnerabilities_id, vulnerabilities.title AS vulnerabilities_title, vulnerabilities.description AS vulnerabilities_description, vulnerabilities.cve_id AS vulnerabilities_cve_id, vulnerabilities.severity AS vulnerabilities_severity, vulnerabilities.status AS vulnerabilities_status, vulnerabilities.discovered_date AS vulnerabilities_discovered_date, vulnerabilities.source AS vulnerabilities_source, vulnerabilities.cvss_score AS vulnerabilities_cvss_score, vulnerabilities.cvss_vector AS vulnerabilities_cvss_vector, vulnerabilities.exploit_available AS vulnerabilities_exploit_available, vulnerabilities.remediation_plan AS vulnerabilities_remediation_plan, vulnerabilities.remediation_deadline AS vulnerabilities_remediation_deadline, vulnerabilities.remediation_completed AS vulnerabilities_remediation_completed, vulnerabilities.remarks AS vulnerabilities_remarks, vulnerabilities.poc_file_path AS vulnerabilities_poc_file_path, vulnerabilities.application_id AS vulnerabilities_application_id, vulnerabilities.vendor_id AS vulnerabilities_vendor_id, vulnerabilities.assigned_to_id AS vulnerabilities_assigned_to_id, vulnerabilities.created_at AS vulnerabilities_created_at, vulnerabilities.updated_at AS vulnerabilities_updated_at 
FROM vulnerabilities 
WHERE $1::INTEGER = vulnerabilities.vendor_id
2026-02-06 11:02:08,306 INFO sqlalchemy.engine.Engine [cached since 0.01144s ago] (38,)
2026-02-06 11:02:08 - app.services.vendor_service - WARNING - Could not access vulnerabilities for vendor 38: greenlet_spawn has not been called; can't call await_only() here. Was IO attempted in an unexpected place? (Background on this error at: https://sqlalche.me/e/20/xd2s)
2026-02-06 11:02:08,306 INFO sqlalchemy.engine.Engine SELECT vulnerabilities.id AS vulnerabilities_id, vulnerabilities.title AS vulnerabilities_title, vulnerabilities.description AS vulnerabilities_description, vulnerabilities.cve_id AS vulnerabilities_cve_id, vulnerabilities.severity AS vulnerabilities_severity, vulnerabilities.status AS vulnerabilities_status, vulnerabilities.discovered_date AS vulnerabilities_discovered_date, vulnerabilities.source AS vulnerabilities_source, vulnerabilities.cvss_score AS vulnerabilities_cvss_score, vulnerabilities.cvss_vector AS vulnerabilities_cvss_vector, vulnerabilities.exploit_available AS vulnerabilities_exploit_available, vulnerabilities.remediation_plan AS vulnerabilities_remediation_plan, vulnerabilities.remediation_deadline AS vulnerabilities_remediation_deadline, vulnerabilities.remediation_completed AS vulnerabilities_remediation_completed, vulnerabilities.remarks AS vulnerabilities_remarks, vulnerabilities.poc_file_path AS vulnerabilities_poc_file_path, vulnerabilities.application_id AS vulnerabilities_application_id, vulnerabilities.vendor_id AS vulnerabilities_vendor_id, vulnerabilities.assigned_to_id AS vulnerabilities_assigned_to_id, vulnerabilities.created_at AS vulnerabilities_created_at, vulnerabilities.updated_at AS vulnerabilities_updated_at 
FROM vulnerabilities 
WHERE $1::INTEGER = vulnerabilities.vendor_id
2026-02-06 11:02:08,306 INFO sqlalchemy.engine.Engine [cached since 0.01164s ago] (37,)
2026-02-06 11:02:08 - app.services.vendor_service - WARNING - Could not access vulnerabilities for vendor 37: greenlet_spawn has not been called; can't call await_only() here. Was IO attempted in an unexpected place? (Background on this error at: https://sqlalche.me/e/20/xd2s)
2026-02-06 11:02:08,306 INFO sqlalchemy.engine.Engine SELECT vulnerabilities.id AS vulnerabilities_id, vulnerabilities.title AS vulnerabilities_title, vulnerabilities.description AS vulnerabilities_description, vulnerabilities.cve_id AS vulnerabilities_cve_id, vulnerabilities.severity AS vulnerabilities_severity, vulnerabilities.status AS vulnerabilities_status, vulnerabilities.discovered_date AS vulnerabilities_discovered_date, vulnerabilities.source AS vulnerabilities_source, vulnerabilities.cvss_score AS vulnerabilities_cvss_score, vulnerabilities.cvss_vector AS vulnerabilities_cvss_vector, vulnerabilities.exploit_available AS vulnerabilities_exploit_available, vulnerabilities.remediation_plan AS vulnerabilities_remediation_plan, vulnerabilities.remediation_deadline AS vulnerabilities_remediation_deadline, vulnerabilities.remediation_completed AS vulnerabilities_remediation_completed, vulnerabilities.remarks AS vulnerabilities_remarks, vulnerabilities.poc_file_path AS vulnerabilities_poc_file_path, vulnerabilities.application_id AS vulnerabilities_application_id, vulnerabilities.vendor_id AS vulnerabilities_vendor_id, vulnerabilities.assigned_to_id AS vulnerabilities_assigned_to_id, vulnerabilities.created_at AS vulnerabilities_created_at, vulnerabilities.updated_at AS vulnerabilities_updated_at 
FROM vulnerabilities 
WHERE $1::INTEGER = vulnerabilities.vendor_id
2026-02-06 11:02:08,306 INFO sqlalchemy.engine.Engine [cached since 0.01184s ago] (25,)
2026-02-06 11:02:08 - app.services.vendor_service - WARNING - Could not access vulnerabilities for vendor 25: greenlet_spawn has not been called; can't call await_only() here. Was IO attempted in an unexpected place? (Background on this error at: https://sqlalche.me/e/20/xd2s)
2026-02-06 11:02:08,307 INFO sqlalchemy.engine.Engine COMMIT
2026-02-06 11:02:08,307 INFO sqlalchemy.engine.Engine SELECT vulnerabilities.id AS vulnerabilities_id, vulnerabilities.title AS vulnerabilities_title, vulnerabilities.description AS vulnerabilities_description, vulnerabilities.cve_id AS vulnerabilities_cve_id, vulnerabilities.severity AS vulnerabilities_severity, vulnerabilities.status AS vulnerabilities_status, vulnerabilities.discovered_date AS vulnerabilities_discovered_date, vulnerabilities.source AS vulnerabilities_source, vulnerabilities.cvss_score AS vulnerabilities_cvss_score, vulnerabilities.cvss_vector AS vulnerabilities_cvss_vector, vulnerabilities.exploit_available AS vulnerabilities_exploit_available, vulnerabilities.remediation_plan AS vulnerabilities_remediation_plan, vulnerabilities.remediation_deadline AS vulnerabilities_remediation_deadline, vulnerabilities.remediation_completed AS vulnerabilities_remediation_completed, vulnerabilities.remarks AS vulnerabilities_remarks, vulnerabilities.poc_file_path AS vulnerabilities_poc_file_path, vulnerabilities.application_id AS vulnerabilities_application_id, vulnerabilities.vendor_id AS vulnerabilities_vendor_id, vulnerabilities.assigned_to_id AS vulnerabilities_assigned_to_id, vulnerabilities.created_at AS vulnerabilities_created_at, vulnerabilities.updated_at AS vulnerabilities_updated_at 
FROM vulnerabilities 
WHERE $1::INTEGER = vulnerabilities.vendor_id
2026-02-06 11:02:08,307 INFO sqlalchemy.engine.Engine [cached since 0.01261s ago] (41,)
2026-02-06 11:02:08 - app.services.vendor_service - WARNING - Could not access vulnerabilities for vendor 41: greenlet_spawn has not been called; can't call await_only() here. Was IO attempted in an unexpected place? (Background on this error at: https://sqlalche.me/e/20/xd2s)
2026-02-06 11:02:08,307 INFO sqlalchemy.engine.Engine SELECT vulnerabilities.id AS vulnerabilities_id, vulnerabilities.title AS vulnerabilities_title, vulnerabilities.description AS vulnerabilities_description, vulnerabilities.cve_id AS vulnerabilities_cve_id, vulnerabilities.severity AS vulnerabilities_severity, vulnerabilities.status AS vulnerabilities_status, vulnerabilities.discovered_date AS vulnerabilities_discovered_date, vulnerabilities.source AS vulnerabilities_source, vulnerabilities.cvss_score AS vulnerabilities_cvss_score, vulnerabilities.cvss_vector AS vulnerabilities_cvss_vector, vulnerabilities.exploit_available AS vulnerabilities_exploit_available, vulnerabilities.remediation_plan AS vulnerabilities_remediation_plan, vulnerabilities.remediation_deadline AS vulnerabilities_remediation_deadline, vulnerabilities.remediation_completed AS vulnerabilities_remediation_completed, vulnerabilities.remarks AS vulnerabilities_remarks, vulnerabilities.poc_file_path AS vulnerabilities_poc_file_path, vulnerabilities.application_id AS vulnerabilities_application_id, vulnerabilities.vendor_id AS vulnerabilities_vendor_id, vulnerabilities.assigned_to_id AS vulnerabilities_assigned_to_id, vulnerabilities.created_at AS vulnerabilities_created_at, vulnerabilities.updated_at AS vulnerabilities_updated_at 
FROM vulnerabilities 
WHERE $1::INTEGER = vulnerabilities.vendor_id
2026-02-06 11:02:08,307 INFO sqlalchemy.engine.Engine [cached since 0.01284s ago] (40,)
2026-02-06 11:02:08 - app.services.vendor_service - WARNING - Could not access vulnerabilities for vendor 40: greenlet_spawn has not been called; can't call await_only() here. Was IO attempted in an unexpected place? (Background on this error at: https://sqlalche.me/e/20/xd2s)
2026-02-06 11:02:08,307 INFO sqlalchemy.engine.Engine SELECT vulnerabilities.id AS vulnerabilities_id, vulnerabilities.title AS vulnerabilities_title, vulnerabilities.description AS vulnerabilities_description, vulnerabilities.cve_id AS vulnerabilities_cve_id, vulnerabilities.severity AS vulnerabilities_severity, vulnerabilities.status AS vulnerabilities_status, vulnerabilities.discovered_date AS vulnerabilities_discovered_date, vulnerabilities.source AS vulnerabilities_source, vulnerabilities.cvss_score AS vulnerabilities_cvss_score, vulnerabilities.cvss_vector AS vulnerabilities_cvss_vector, vulnerabilities.exploit_available AS vulnerabilities_exploit_available, vulnerabilities.remediation_plan AS vulnerabilities_remediation_plan, vulnerabilities.remediation_deadline AS vulnerabilities_remediation_deadline, vulnerabilities.remediation_completed AS vulnerabilities_remediation_completed, vulnerabilities.remarks AS vulnerabilities_remarks, vulnerabilities.poc_file_path AS vulnerabilities_poc_file_path, vulnerabilities.application_id AS vulnerabilities_application_id, vulnerabilities.vendor_id AS vulnerabilities_vendor_id, vulnerabilities.assigned_to_id AS vulnerabilities_assigned_to_id, vulnerabilities.created_at AS vulnerabilities_created_at, vulnerabilities.updated_at AS vulnerabilities_updated_at 
FROM vulnerabilities 
WHERE $1::INTEGER = vulnerabilities.vendor_id
2026-02-06 11:02:08,307 INFO sqlalchemy.engine.Engine [cached since 0.01306s ago] (1,)
2026-02-06 11:02:08 - app.services.vendor_service - WARNING - Could not access vulnerabilities for vendor 1: greenlet_spawn has not been called; can't call await_only() here. Was IO attempted in an unexpected place? (Background on this error at: https://sqlalche.me/e/20/xd2s)
2026-02-06 11:02:08,308 INFO sqlalchemy.engine.Engine SELECT vulnerabilities.id AS vulnerabilities_id, vulnerabilities.title AS vulnerabilities_title, vulnerabilities.description AS vulnerabilities_description, vulnerabilities.cve_id AS vulnerabilities_cve_id, vulnerabilities.severity AS vulnerabilities_severity, vulnerabilities.status AS vulnerabilities_status, vulnerabilities.discovered_date AS vulnerabilities_discovered_date, vulnerabilities.source AS vulnerabilities_source, vulnerabilities.cvss_score AS vulnerabilities_cvss_score, vulnerabilities.cvss_vector AS vulnerabilities_cvss_vector, vulnerabilities.exploit_available AS vulnerabilities_exploit_available, vulnerabilities.remediation_plan AS vulnerabilities_remediation_plan, vulnerabilities.remediation_deadline AS vulnerabilities_remediation_deadline, vulnerabilities.remediation_completed AS vulnerabilities_remediation_completed, vulnerabilities.remarks AS vulnerabilities_remarks, vulnerabilities.poc_file_path AS vulnerabilities_poc_file_path, vulnerabilities.application_id AS vulnerabilities_application_id, vulnerabilities.vendor_id AS vulnerabilities_vendor_id, vulnerabilities.assigned_to_id AS vulnerabilities_assigned_to_id, vulnerabilities.created_at AS vulnerabilities_created_at, vulnerabilities.updated_at AS vulnerabilities_updated_at 
FROM vulnerabilities 
WHERE $1::INTEGER = vulnerabilities.vendor_id
2026-02-06 11:02:08,308 INFO sqlalchemy.engine.Engine [cached since 0.01327s ago] (24,)
2026-02-06 11:02:08 - app.services.vendor_service - WARNING - Could not access vulnerabilities for vendor 24: greenlet_spawn has not been called; can't call await_only() here. Was IO attempted in an unexpected place? (Background on this error at: https://sqlalche.me/e/20/xd2s)
2026-02-06 11:02:08,308 INFO sqlalchemy.engine.Engine SELECT vulnerabilities.id AS vulnerabilities_id, vulnerabilities.title AS vulnerabilities_title, vulnerabilities.description AS vulnerabilities_description, vulnerabilities.cve_id AS vulnerabilities_cve_id, vulnerabilities.severity AS vulnerabilities_severity, vulnerabilities.status AS vulnerabilities_status, vulnerabilities.discovered_date AS vulnerabilities_discovered_date, vulnerabilities.source AS vulnerabilities_source, vulnerabilities.cvss_score AS vulnerabilities_cvss_score, vulnerabilities.cvss_vector AS vulnerabilities_cvss_vector, vulnerabilities.exploit_available AS vulnerabilities_exploit_available, vulnerabilities.remediation_plan AS vulnerabilities_remediation_plan, vulnerabilities.remediation_deadline AS vulnerabilities_remediation_deadline, vulnerabilities.remediation_completed AS vulnerabilities_remediation_completed, vulnerabilities.remarks AS vulnerabilities_remarks, vulnerabilities.poc_file_path AS vulnerabilities_poc_file_path, vulnerabilities.application_id AS vulnerabilities_application_id, vulnerabilities.vendor_id AS vulnerabilities_vendor_id, vulnerabilities.assigned_to_id AS vulnerabilities_assigned_to_id, vulnerabilities.created_at AS vulnerabilities_created_at, vulnerabilities.updated_at AS vulnerabilities_updated_at 
FROM vulnerabilities 
WHERE $1::INTEGER = vulnerabilities.vendor_id
2026-02-06 11:02:08,308 INFO sqlalchemy.engine.Engine [cached since 0.01347s ago] (27,)
2026-02-06 11:02:08 - app.services.vendor_service - WARNING - Could not access vulnerabilities for vendor 27: greenlet_spawn has not been called; can't call await_only() here. Was IO attempted in an unexpected place? (Background on this error at: https://sqlalche.me/e/20/xd2s)
2026-02-06 11:02:08,308 INFO sqlalchemy.engine.Engine SELECT vulnerabilities.id AS vulnerabilities_id, vulnerabilities.title AS vulnerabilities_title, vulnerabilities.description AS vulnerabilities_description, vulnerabilities.cve_id AS vulnerabilities_cve_id, vulnerabilities.severity AS vulnerabilities_severity, vulnerabilities.status AS vulnerabilities_status, vulnerabilities.discovered_date AS vulnerabilities_discovered_date, vulnerabilities.source AS vulnerabilities_source, vulnerabilities.cvss_score AS vulnerabilities_cvss_score, vulnerabilities.cvss_vector AS vulnerabilities_cvss_vector, vulnerabilities.exploit_available AS vulnerabilities_exploit_available, vulnerabilities.remediation_plan AS vulnerabilities_remediation_plan, vulnerabilities.remediation_deadline AS vulnerabilities_remediation_deadline, vulnerabilities.remediation_completed AS vulnerabilities_remediation_completed, vulnerabilities.remarks AS vulnerabilities_remarks, vulnerabilities.poc_file_path AS vulnerabilities_poc_file_path, vulnerabilities.application_id AS vulnerabilities_application_id, vulnerabilities.vendor_id AS vulnerabilities_vendor_id, vulnerabilities.assigned_to_id AS vulnerabilities_assigned_to_id, vulnerabilities.created_at AS vulnerabilities_created_at, vulnerabilities.updated_at AS vulnerabilities_updated_at 
FROM vulnerabilities 
WHERE $1::INTEGER = vulnerabilities.vendor_id
2026-02-06 11:02:08,308 INFO sqlalchemy.engine.Engine [cached since 0.01368s ago] (28,)
2026-02-06 11:02:08 - app.services.vendor_service - WARNING - Could not access vulnerabilities for vendor 28: greenlet_spawn has not been called; can't call await_only() here. Was IO attempted in an unexpected place? (Background on this error at: https://sqlalche.me/e/20/xd2s)
2026-02-06 11:02:08,308 INFO sqlalchemy.engine.Engine SELECT vulnerabilities.id AS vulnerabilities_id, vulnerabilities.title AS vulnerabilities_title, vulnerabilities.description AS vulnerabilities_description, vulnerabilities.cve_id AS vulnerabilities_cve_id, vulnerabilities.severity AS vulnerabilities_severity, vulnerabilities.status AS vulnerabilities_status, vulnerabilities.discovered_date AS vulnerabilities_discovered_date, vulnerabilities.source AS vulnerabilities_source, vulnerabilities.cvss_score AS vulnerabilities_cvss_score, vulnerabilities.cvss_vector AS vulnerabilities_cvss_vector, vulnerabilities.exploit_available AS vulnerabilities_exploit_available, vulnerabilities.remediation_plan AS vulnerabilities_remediation_plan, vulnerabilities.remediation_deadline AS vulnerabilities_remediation_deadline, vulnerabilities.remediation_completed AS vulnerabilities_remediation_completed, vulnerabilities.remarks AS vulnerabilities_remarks, vulnerabilities.poc_file_path AS vulnerabilities_poc_file_path, vulnerabilities.application_id AS vulnerabilities_application_id, vulnerabilities.vendor_id AS vulnerabilities_vendor_id, vulnerabilities.assigned_to_id AS vulnerabilities_assigned_to_id, vulnerabilities.created_at AS vulnerabilities_created_at, vulnerabilities.updated_at AS vulnerabilities_updated_at 
FROM vulnerabilities 
WHERE $1::INTEGER = vulnerabilities.vendor_id
2026-02-06 11:02:08,308 INFO sqlalchemy.engine.Engine [cached since 0.01389s ago] (10,)
2026-02-06 11:02:08 - app.services.vendor_service - WARNING - Could not access vulnerabilities for vendor 10: greenlet_spawn has not been called; can't call await_only() here. Was IO attempted in an unexpected place? (Background on this error at: https://sqlalche.me/e/20/xd2s)
2026-02-06 11:02:08,309 INFO sqlalchemy.engine.Engine SELECT vulnerabilities.id AS vulnerabilities_id, vulnerabilities.title AS vulnerabilities_title, vulnerabilities.description AS vulnerabilities_description, vulnerabilities.cve_id AS vulnerabilities_cve_id, vulnerabilities.severity AS vulnerabilities_severity, vulnerabilities.status AS vulnerabilities_status, vulnerabilities.discovered_date AS vulnerabilities_discovered_date, vulnerabilities.source AS vulnerabilities_source, vulnerabilities.cvss_score AS vulnerabilities_cvss_score, vulnerabilities.cvss_vector AS vulnerabilities_cvss_vector, vulnerabilities.exploit_available AS vulnerabilities_exploit_available, vulnerabilities.remediation_plan AS vulnerabilities_remediation_plan, vulnerabilities.remediation_deadline AS vulnerabilities_remediation_deadline, vulnerabilities.remediation_completed AS vulnerabilities_remediation_completed, vulnerabilities.remarks AS vulnerabilities_remarks, vulnerabilities.poc_file_path AS vulnerabilities_poc_file_path, vulnerabilities.application_id AS vulnerabilities_application_id, vulnerabilities.vendor_id AS vulnerabilities_vendor_id, vulnerabilities.assigned_to_id AS vulnerabilities_assigned_to_id, vulnerabilities.created_at AS vulnerabilities_created_at, vulnerabilities.updated_at AS vulnerabilities_updated_at 
FROM vulnerabilities 
WHERE $1::INTEGER = vulnerabilities.vendor_id
2026-02-06 11:02:08,309 INFO sqlalchemy.engine.Engine [cached since 0.01434s ago] (9,)
2026-02-06 11:02:08 - app.services.vendor_service - WARNING - Could not access vulnerabilities for vendor 9: greenlet_spawn has not been called; can't call await_only() here. Was IO attempted in an unexpected place? (Background on this error at: https://sqlalche.me/e/20/xd2s)
2026-02-06 11:02:08,309 INFO sqlalchemy.engine.Engine SELECT vulnerabilities.id AS vulnerabilities_id, vulnerabilities.title AS vulnerabilities_title, vulnerabilities.description AS vulnerabilities_description, vulnerabilities.cve_id AS vulnerabilities_cve_id, vulnerabilities.severity AS vulnerabilities_severity, vulnerabilities.status AS vulnerabilities_status, vulnerabilities.discovered_date AS vulnerabilities_discovered_date, vulnerabilities.source AS vulnerabilities_source, vulnerabilities.cvss_score AS vulnerabilities_cvss_score, vulnerabilities.cvss_vector AS vulnerabilities_cvss_vector, vulnerabilities.exploit_available AS vulnerabilities_exploit_available, vulnerabilities.remediation_plan AS vulnerabilities_remediation_plan, vulnerabilities.remediation_deadline AS vulnerabilities_remediation_deadline, vulnerabilities.remediation_completed AS vulnerabilities_remediation_completed, vulnerabilities.remarks AS vulnerabilities_remarks, vulnerabilities.poc_file_path AS vulnerabilities_poc_file_path, vulnerabilities.application_id AS vulnerabilities_application_id, vulnerabilities.vendor_id AS vulnerabilities_vendor_id, vulnerabilities.assigned_to_id AS vulnerabilities_assigned_to_id, vulnerabilities.created_at AS vulnerabilities_created_at, vulnerabilities.updated_at AS vulnerabilities_updated_at 
FROM vulnerabilities 
WHERE $1::INTEGER = vulnerabilities.vendor_id
2026-02-06 11:02:08,309 INFO sqlalchemy.engine.Engine [cached since 0.0145s ago] (18,)
2026-02-06 11:02:08 - app.services.vendor_service - WARNING - Could not access vulnerabilities for vendor 18: greenlet_spawn has not been called; can't call await_only() here. Was IO attempted in an unexpected place? (Background on this error at: https://sqlalche.me/e/20/xd2s)
2026-02-06 11:02:08,309 INFO sqlalchemy.engine.Engine SELECT vulnerabilities.id AS vulnerabilities_id, vulnerabilities.title AS vulnerabilities_title, vulnerabilities.description AS vulnerabilities_description, vulnerabilities.cve_id AS vulnerabilities_cve_id, vulnerabilities.severity AS vulnerabilities_severity, vulnerabilities.status AS vulnerabilities_status, vulnerabilities.discovered_date AS vulnerabilities_discovered_date, vulnerabilities.source AS vulnerabilities_source, vulnerabilities.cvss_score AS vulnerabilities_cvss_score, vulnerabilities.cvss_vector AS vulnerabilities_cvss_vector, vulnerabilities.exploit_available AS vulnerabilities_exploit_available, vulnerabilities.remediation_plan AS vulnerabilities_remediation_plan, vulnerabilities.remediation_deadline AS vulnerabilities_remediation_deadline, vulnerabilities.remediation_completed AS vulnerabilities_remediation_completed, vulnerabilities.remarks AS vulnerabilities_remarks, vulnerabilities.poc_file_path AS vulnerabilities_poc_file_path, vulnerabilities.application_id AS vulnerabilities_application_id, vulnerabilities.vendor_id AS vulnerabilities_vendor_id, vulnerabilities.assigned_to_id AS vulnerabilities_assigned_to_id, vulnerabilities.created_at AS vulnerabilities_created_at, vulnerabilities.updated_at AS vulnerabilities_updated_at 
FROM vulnerabilities 
WHERE $1::INTEGER = vulnerabilities.vendor_id
2026-02-06 11:02:08,309 INFO sqlalchemy.engine.Engine [cached since 0.01473s ago] (2,)
2026-02-06 11:02:08 - app.services.vendor_service - WARNING - Could not access vulnerabilities for vendor 2: greenlet_spawn has not been called; can't call await_only() here. Was IO attempted in an unexpected place? (Background on this error at: https://sqlalche.me/e/20/xd2s)
2026-02-06 11:02:08,309 INFO sqlalchemy.engine.Engine SELECT vulnerabilities.id AS vulnerabilities_id, vulnerabilities.title AS vulnerabilities_title, vulnerabilities.description AS vulnerabilities_description, vulnerabilities.cve_id AS vulnerabilities_cve_id, vulnerabilities.severity AS vulnerabilities_severity, vulnerabilities.status AS vulnerabilities_status, vulnerabilities.discovered_date AS vulnerabilities_discovered_date, vulnerabilities.source AS vulnerabilities_source, vulnerabilities.cvss_score AS vulnerabilities_cvss_score, vulnerabilities.cvss_vector AS vulnerabilities_cvss_vector, vulnerabilities.exploit_available AS vulnerabilities_exploit_available, vulnerabilities.remediation_plan AS vulnerabilities_remediation_plan, vulnerabilities.remediation_deadline AS vulnerabilities_remediation_deadline, vulnerabilities.remediation_completed AS vulnerabilities_remediation_completed, vulnerabilities.remarks AS vulnerabilities_remarks, vulnerabilities.poc_file_path AS vulnerabilities_poc_file_path, vulnerabilities.application_id AS vulnerabilities_application_id, vulnerabilities.vendor_id AS vulnerabilities_vendor_id, vulnerabilities.assigned_to_id AS vulnerabilities_assigned_to_id, vulnerabilities.created_at AS vulnerabilities_created_at, vulnerabilities.updated_at AS vulnerabilities_updated_at 
FROM vulnerabilities 
WHERE $1::INTEGER = vulnerabilities.vendor_id
2026-02-06 11:02:08,309 INFO sqlalchemy.engine.Engine [cached since 0.01495s ago] (39,)
2026-02-06 11:02:08 - app.services.vendor_service - WARNING - Could not access vulnerabilities for vendor 39: greenlet_spawn has not been called; can't call await_only() here. Was IO attempted in an unexpected place? (Background on this error at: https://sqlalche.me/e/20/xd2s)
2026-02-06 11:02:08,310 INFO sqlalchemy.engine.Engine SELECT vulnerabilities.id AS vulnerabilities_id, vulnerabilities.title AS vulnerabilities_title, vulnerabilities.description AS vulnerabilities_description, vulnerabilities.cve_id AS vulnerabilities_cve_id, vulnerabilities.severity AS vulnerabilities_severity, vulnerabilities.status AS vulnerabilities_status, vulnerabilities.discovered_date AS vulnerabilities_discovered_date, vulnerabilities.source AS vulnerabilities_source, vulnerabilities.cvss_score AS vulnerabilities_cvss_score, vulnerabilities.cvss_vector AS vulnerabilities_cvss_vector, vulnerabilities.exploit_available AS vulnerabilities_exploit_available, vulnerabilities.remediation_plan AS vulnerabilities_remediation_plan, vulnerabilities.remediation_deadline AS vulnerabilities_remediation_deadline, vulnerabilities.remediation_completed AS vulnerabilities_remediation_completed, vulnerabilities.remarks AS vulnerabilities_remarks, vulnerabilities.poc_file_path AS vulnerabilities_poc_file_path, vulnerabilities.application_id AS vulnerabilities_application_id, vulnerabilities.vendor_id AS vulnerabilities_vendor_id, vulnerabilities.assigned_to_id AS vulnerabilities_assigned_to_id, vulnerabilities.created_at AS vulnerabilities_created_at, vulnerabilities.updated_at AS vulnerabilities_updated_at 
FROM vulnerabilities 
WHERE $1::INTEGER = vulnerabilities.vendor_id
2026-02-06 11:02:08,310 INFO sqlalchemy.engine.Engine [cached since 0.01517s ago] (36,)
2026-02-06 11:02:08 - app.services.vendor_service - WARNING - Could not access vulnerabilities for vendor 36: greenlet_spawn has not been called; can't call await_only() here. Was IO attempted in an unexpected place? (Background on this error at: https://sqlalche.me/e/20/xd2s)
2026-02-06 11:02:08,310 INFO sqlalchemy.engine.Engine SELECT vulnerabilities.id AS vulnerabilities_id, vulnerabilities.title AS vulnerabilities_title, vulnerabilities.description AS vulnerabilities_description, vulnerabilities.cve_id AS vulnerabilities_cve_id, vulnerabilities.severity AS vulnerabilities_severity, vulnerabilities.status AS vulnerabilities_status, vulnerabilities.discovered_date AS vulnerabilities_discovered_date, vulnerabilities.source AS vulnerabilities_source, vulnerabilities.cvss_score AS vulnerabilities_cvss_score, vulnerabilities.cvss_vector AS vulnerabilities_cvss_vector, vulnerabilities.exploit_available AS vulnerabilities_exploit_available, vulnerabilities.remediation_plan AS vulnerabilities_remediation_plan, vulnerabilities.remediation_deadline AS vulnerabilities_remediation_deadline, vulnerabilities.remediation_completed AS vulnerabilities_remediation_completed, vulnerabilities.remarks AS vulnerabilities_remarks, vulnerabilities.poc_file_path AS vulnerabilities_poc_file_path, vulnerabilities.application_id AS vulnerabilities_application_id, vulnerabilities.vendor_id AS vulnerabilities_vendor_id, vulnerabilities.assigned_to_id AS vulnerabilities_assigned_to_id, vulnerabilities.created_at AS vulnerabilities_created_at, vulnerabilities.updated_at AS vulnerabilities_updated_at 
FROM vulnerabilities 
WHERE $1::INTEGER = vulnerabilities.vendor_id
2026-02-06 11:02:08,310 INFO sqlalchemy.engine.Engine [cached since 0.01539s ago] (13,)
2026-02-06 11:02:08 - app.services.vendor_service - WARNING - Could not access vulnerabilities for vendor 13: greenlet_spawn has not been called; can't call await_only() here. Was IO attempted in an unexpected place? (Background on this error at: https://sqlalche.me/e/20/xd2s)
2026-02-06 11:02:08,310 INFO sqlalchemy.engine.Engine SELECT vulnerabilities.id AS vulnerabilities_id, vulnerabilities.title AS vulnerabilities_title, vulnerabilities.description AS vulnerabilities_description, vulnerabilities.cve_id AS vulnerabilities_cve_id, vulnerabilities.severity AS vulnerabilities_severity, vulnerabilities.status AS vulnerabilities_status, vulnerabilities.discovered_date AS vulnerabilities_discovered_date, vulnerabilities.source AS vulnerabilities_source, vulnerabilities.cvss_score AS vulnerabilities_cvss_score, vulnerabilities.cvss_vector AS vulnerabilities_cvss_vector, vulnerabilities.exploit_available AS vulnerabilities_exploit_available, vulnerabilities.remediation_plan AS vulnerabilities_remediation_plan, vulnerabilities.remediation_deadline AS vulnerabilities_remediation_deadline, vulnerabilities.remediation_completed AS vulnerabilities_remediation_completed, vulnerabilities.remarks AS vulnerabilities_remarks, vulnerabilities.poc_file_path AS vulnerabilities_poc_file_path, vulnerabilities.application_id AS vulnerabilities_application_id, vulnerabilities.vendor_id AS vulnerabilities_vendor_id, vulnerabilities.assigned_to_id AS vulnerabilities_assigned_to_id, vulnerabilities.created_at AS vulnerabilities_created_at, vulnerabilities.updated_at AS vulnerabilities_updated_at 
FROM vulnerabilities 
WHERE $1::INTEGER = vulnerabilities.vendor_id
2026-02-06 11:02:08,310 INFO sqlalchemy.engine.Engine [cached since 0.01559s ago] (29,)
2026-02-06 11:02:08 - app.services.vendor_service - WARNING - Could not access vulnerabilities for vendor 29: greenlet_spawn has not been called; can't call await_only() here. Was IO attempted in an unexpected place? (Background on this error at: https://sqlalche.me/e/20/xd2s)
2026-02-06 11:02:08,310 INFO sqlalchemy.engine.Engine SELECT vulnerabilities.id AS vulnerabilities_id, vulnerabilities.title AS vulnerabilities_title, vulnerabilities.description AS vulnerabilities_description, vulnerabilities.cve_id AS vulnerabilities_cve_id, vulnerabilities.severity AS vulnerabilities_severity, vulnerabilities.status AS vulnerabilities_status, vulnerabilities.discovered_date AS vulnerabilities_discovered_date, vulnerabilities.source AS vulnerabilities_source, vulnerabilities.cvss_score AS vulnerabilities_cvss_score, vulnerabilities.cvss_vector AS vulnerabilities_cvss_vector, vulnerabilities.exploit_available AS vulnerabilities_exploit_available, vulnerabilities.remediation_plan AS vulnerabilities_remediation_plan, vulnerabilities.remediation_deadline AS vulnerabilities_remediation_deadline, vulnerabilities.remediation_completed AS vulnerabilities_remediation_completed, vulnerabilities.remarks AS vulnerabilities_remarks, vulnerabilities.poc_file_path AS vulnerabilities_poc_file_path, vulnerabilities.application_id AS vulnerabilities_application_id, vulnerabilities.vendor_id AS vulnerabilities_vendor_id, vulnerabilities.assigned_to_id AS vulnerabilities_assigned_to_id, vulnerabilities.created_at AS vulnerabilities_created_at, vulnerabilities.updated_at AS vulnerabilities_updated_at 
FROM vulnerabilities 
WHERE $1::INTEGER = vulnerabilities.vendor_id
2026-02-06 11:02:08,310 INFO sqlalchemy.engine.Engine [cached since 0.01583s ago] (19,)
2026-02-06 11:02:08 - app.services.vendor_service - WARNING - Could not access vulnerabilities for vendor 19: greenlet_spawn has not been called; can't call await_only() here. Was IO attempted in an unexpected place? (Background on this error at: https://sqlalche.me/e/20/xd2s)
2026-02-06 11:02:08,310 INFO sqlalchemy.engine.Engine SELECT vulnerabilities.id AS vulnerabilities_id, vulnerabilities.title AS vulnerabilities_title, vulnerabilities.description AS vulnerabilities_description, vulnerabilities.cve_id AS vulnerabilities_cve_id, vulnerabilities.severity AS vulnerabilities_severity, vulnerabilities.status AS vulnerabilities_status, vulnerabilities.discovered_date AS vulnerabilities_discovered_date, vulnerabilities.source AS vulnerabilities_source, vulnerabilities.cvss_score AS vulnerabilities_cvss_score, vulnerabilities.cvss_vector AS vulnerabilities_cvss_vector, vulnerabilities.exploit_available AS vulnerabilities_exploit_available, vulnerabilities.remediation_plan AS vulnerabilities_remediation_plan, vulnerabilities.remediation_deadline AS vulnerabilities_remediation_deadline, vulnerabilities.remediation_completed AS vulnerabilities_remediation_completed, vulnerabilities.remarks AS vulnerabilities_remarks, vulnerabilities.poc_file_path AS vulnerabilities_poc_file_path, vulnerabilities.application_id AS vulnerabilities_application_id, vulnerabilities.vendor_id AS vulnerabilities_vendor_id, vulnerabilities.assigned_to_id AS vulnerabilities_assigned_to_id, vulnerabilities.created_at AS vulnerabilities_created_at, vulnerabilities.updated_at AS vulnerabilities_updated_at 
FROM vulnerabilities 
WHERE $1::INTEGER = vulnerabilities.vendor_id
2026-02-06 11:02:08,310 INFO sqlalchemy.engine.Engine [cached since 0.01605s ago] (11,)
2026-02-06 11:02:08 - app.services.vendor_service - WARNING - Could not access vulnerabilities for vendor 11: greenlet_spawn has not been called; can't call await_only() here. Was IO attempted in an unexpected place? (Background on this error at: https://sqlalche.me/e/20/xd2s)
2026-02-06 11:02:08,311 INFO sqlalchemy.engine.Engine SELECT vulnerabilities.id AS vulnerabilities_id, vulnerabilities.title AS vulnerabilities_title, vulnerabilities.description AS vulnerabilities_description, vulnerabilities.cve_id AS vulnerabilities_cve_id, vulnerabilities.severity AS vulnerabilities_severity, vulnerabilities.status AS vulnerabilities_status, vulnerabilities.discovered_date AS vulnerabilities_discovered_date, vulnerabilities.source AS vulnerabilities_source, vulnerabilities.cvss_score AS vulnerabilities_cvss_score, vulnerabilities.cvss_vector AS vulnerabilities_cvss_vector, vulnerabilities.exploit_available AS vulnerabilities_exploit_available, vulnerabilities.remediation_plan AS vulnerabilities_remediation_plan, vulnerabilities.remediation_deadline AS vulnerabilities_remediation_deadline, vulnerabilities.remediation_completed AS vulnerabilities_remediation_completed, vulnerabilities.remarks AS vulnerabilities_remarks, vulnerabilities.poc_file_path AS vulnerabilities_poc_file_path, vulnerabilities.application_id AS vulnerabilities_application_id, vulnerabilities.vendor_id AS vulnerabilities_vendor_id, vulnerabilities.assigned_to_id AS vulnerabilities_assigned_to_id, vulnerabilities.created_at AS vulnerabilities_created_at, vulnerabilities.updated_at AS vulnerabilities_updated_at 
FROM vulnerabilities 
WHERE $1::INTEGER = vulnerabilities.vendor_id
2026-02-06 11:02:08,311 INFO sqlalchemy.engine.Engine [cached since 0.01643s ago] (22,)
2026-02-06 11:02:08 - app.services.vendor_service - WARNING - Could not access vulnerabilities for vendor 22: greenlet_spawn has not been called; can't call await_only() here. Was IO attempted in an unexpected place? (Background on this error at: https://sqlalche.me/e/20/xd2s)
2026-02-06 11:02:08,311 INFO sqlalchemy.engine.Engine SELECT vulnerabilities.id AS vulnerabilities_id, vulnerabilities.title AS vulnerabilities_title, vulnerabilities.description AS vulnerabilities_description, vulnerabilities.cve_id AS vulnerabilities_cve_id, vulnerabilities.severity AS vulnerabilities_severity, vulnerabilities.status AS vulnerabilities_status, vulnerabilities.discovered_date AS vulnerabilities_discovered_date, vulnerabilities.source AS vulnerabilities_source, vulnerabilities.cvss_score AS vulnerabilities_cvss_score, vulnerabilities.cvss_vector AS vulnerabilities_cvss_vector, vulnerabilities.exploit_available AS vulnerabilities_exploit_available, vulnerabilities.remediation_plan AS vulnerabilities_remediation_plan, vulnerabilities.remediation_deadline AS vulnerabilities_remediation_deadline, vulnerabilities.remediation_completed AS vulnerabilities_remediation_completed, vulnerabilities.remarks AS vulnerabilities_remarks, vulnerabilities.poc_file_path AS vulnerabilities_poc_file_path, vulnerabilities.application_id AS vulnerabilities_application_id, vulnerabilities.vendor_id AS vulnerabilities_vendor_id, vulnerabilities.assigned_to_id AS vulnerabilities_assigned_to_id, vulnerabilities.created_at AS vulnerabilities_created_at, vulnerabilities.updated_at AS vulnerabilities_updated_at 
FROM vulnerabilities 
WHERE $1::INTEGER = vulnerabilities.vendor_id
2026-02-06 11:02:08,311 INFO sqlalchemy.engine.Engine [cached since 0.01688s ago] (38,)
2026-02-06 11:02:08 - app.services.vendor_service - WARNING - Could not access vulnerabilities for vendor 38: greenlet_spawn has not been called; can't call await_only() here. Was IO attempted in an unexpected place? (Background on this error at: https://sqlalche.me/e/20/xd2s)
2026-02-06 11:02:08,312 INFO sqlalchemy.engine.Engine SELECT vulnerabilities.id AS vulnerabilities_id, vulnerabilities.title AS vulnerabilities_title, vulnerabilities.description AS vulnerabilities_description, vulnerabilities.cve_id AS vulnerabilities_cve_id, vulnerabilities.severity AS vulnerabilities_severity, vulnerabilities.status AS vulnerabilities_status, vulnerabilities.discovered_date AS vulnerabilities_discovered_date, vulnerabilities.source AS vulnerabilities_source, vulnerabilities.cvss_score AS vulnerabilities_cvss_score, vulnerabilities.cvss_vector AS vulnerabilities_cvss_vector, vulnerabilities.exploit_available AS vulnerabilities_exploit_available, vulnerabilities.remediation_plan AS vulnerabilities_remediation_plan, vulnerabilities.remediation_deadline AS vulnerabilities_remediation_deadline, vulnerabilities.remediation_completed AS vulnerabilities_remediation_completed, vulnerabilities.remarks AS vulnerabilities_remarks, vulnerabilities.poc_file_path AS vulnerabilities_poc_file_path, vulnerabilities.application_id AS vulnerabilities_application_id, vulnerabilities.vendor_id AS vulnerabilities_vendor_id, vulnerabilities.assigned_to_id AS vulnerabilities_assigned_to_id, vulnerabilities.created_at AS vulnerabilities_created_at, vulnerabilities.updated_at AS vulnerabilities_updated_at 
FROM vulnerabilities 
WHERE $1::INTEGER = vulnerabilities.vendor_id
2026-02-06 11:02:08,312 INFO sqlalchemy.engine.Engine [cached since 0.01716s ago] (37,)
2026-02-06 11:02:08 - app.services.vendor_service - WARNING - Could not access vulnerabilities for vendor 37: greenlet_spawn has not been called; can't call await_only() here. Was IO attempted in an unexpected place? (Background on this error at: https://sqlalche.me/e/20/xd2s)
2026-02-06 11:02:08,312 INFO sqlalchemy.engine.Engine SELECT vulnerabilities.id AS vulnerabilities_id, vulnerabilities.title AS vulnerabilities_title, vulnerabilities.description AS vulnerabilities_description, vulnerabilities.cve_id AS vulnerabilities_cve_id, vulnerabilities.severity AS vulnerabilities_severity, vulnerabilities.status AS vulnerabilities_status, vulnerabilities.discovered_date AS vulnerabilities_discovered_date, vulnerabilities.source AS vulnerabilities_source, vulnerabilities.cvss_score AS vulnerabilities_cvss_score, vulnerabilities.cvss_vector AS vulnerabilities_cvss_vector, vulnerabilities.exploit_available AS vulnerabilities_exploit_available, vulnerabilities.remediation_plan AS vulnerabilities_remediation_plan, vulnerabilities.remediation_deadline AS vulnerabilities_remediation_deadline, vulnerabilities.remediation_completed AS vulnerabilities_remediation_completed, vulnerabilities.remarks AS vulnerabilities_remarks, vulnerabilities.poc_file_path AS vulnerabilities_poc_file_path, vulnerabilities.application_id AS vulnerabilities_application_id, vulnerabilities.vendor_id AS vulnerabilities_vendor_id, vulnerabilities.assigned_to_id AS vulnerabilities_assigned_to_id, vulnerabilities.created_at AS vulnerabilities_created_at, vulnerabilities.updated_at AS vulnerabilities_updated_at 
FROM vulnerabilities 
WHERE $1::INTEGER = vulnerabilities.vendor_id
2026-02-06 11:02:08,312 INFO sqlalchemy.engine.Engine [cached since 0.01741s ago] (25,)
2026-02-06 11:02:08 - app.services.vendor_service - WARNING - Could not access vulnerabilities for vendor 25: greenlet_spawn has not been called; can't call await_only() here. Was IO attempted in an unexpected place? (Background on this error at: https://sqlalche.me/e/20/xd2s)
2026-02-06 11:02:08,313 INFO sqlalchemy.engine.Engine COMMIT
2026-02-06 11:02:08 - app.main - INFO - ⚡ Completed in 0.0381s - Status: 200
INFO:     127.0.0.1:59922 - "GET /api/v1/vendors/ HTTP/1.1" 200 OK
2026-02-06 11:02:08 - app.main - INFO - ⚡ Completed in 0.0492s - Status: 200
INFO:     127.0.0.1:59921 - "GET /api/v1/vendors/ HTTP/1.1" 200 OK
2026-02-06 11:02:11 - app.main - INFO - 📨 OPTIONS http://localhost:8000/api/v1/audit/statistics
2026-02-06 11:02:11 - app.main - INFO - 📨 OPTIONS http://localhost:8000/api/v1/audit/iso27001-compliance
2026-02-06 11:02:11 - app.main - INFO - ⚡ Completed in 0.0010s - Status: 200
INFO:     127.0.0.1:59922 - "OPTIONS /api/v1/audit/statistics HTTP/1.1" 200 OK
2026-02-06 11:02:11 - app.main - INFO - 📨 OPTIONS http://localhost:8000/api/v1/audit/pcidss-compliance
2026-02-06 11:02:11 - app.main - INFO - ⚡ Completed in 0.0008s - Status: 200
INFO:     127.0.0.1:59921 - "OPTIONS /api/v1/audit/iso27001-compliance HTTP/1.1" 200 OK
2026-02-06 11:02:11 - app.main - INFO - 📨 OPTIONS http://localhost:8000/api/v1/audit/top-vendors?limit=5
2026-02-06 11:02:11 - app.main - INFO - ⚡ Completed in 0.0008s - Status: 200
INFO:     127.0.0.1:59923 - "OPTIONS /api/v1/audit/pcidss-compliance HTTP/1.1" 200 OK
2026-02-06 11:02:11 - app.main - INFO - ⚡ Completed in 0.0006s - Status: 200
INFO:     127.0.0.1:59924 - "OPTIONS /api/v1/audit/top-vendors?limit=5 HTTP/1.1" 200 OK
2026-02-06 11:02:11 - app.main - INFO - 📨 OPTIONS http://localhost:8000/api/v1/audit/statistics
2026-02-06 11:02:11 - app.main - INFO - 📨 OPTIONS http://localhost:8000/api/v1/audit/iso27001-compliance
2026-02-06 11:02:11 - app.main - INFO - 📨 OPTIONS http://localhost:8000/api/v1/audit/pcidss-compliance
2026-02-06 11:02:11 - app.main - INFO - 📨 OPTIONS http://localhost:8000/api/v1/audit/top-vendors?limit=5
2026-02-06 11:02:11 - app.main - INFO - ⚡ Completed in 0.0017s - Status: 200
INFO:     127.0.0.1:59922 - "OPTIONS /api/v1/audit/statistics HTTP/1.1" 200 OK
2026-02-06 11:02:11 - app.main - INFO - 📨 GET http://localhost:8000/api/v1/audit/statistics
2026-02-06 11:02:11 - app.main - INFO - ⚡ Completed in 0.0027s - Status: 200
INFO:     127.0.0.1:59921 - "OPTIONS /api/v1/audit/iso27001-compliance HTTP/1.1" 200 OK
2026-02-06 11:02:11 - app.main - INFO - ⚡ Completed in 0.0027s - Status: 200
INFO:     127.0.0.1:59923 - "OPTIONS /api/v1/audit/pcidss-compliance HTTP/1.1" 200 OK
2026-02-06 11:02:11 - app.main - INFO - ⚡ Completed in 0.0028s - Status: 200
INFO:     127.0.0.1:59924 - "OPTIONS /api/v1/audit/top-vendors?limit=5 HTTP/1.1" 200 OK
2026-02-06 11:02:11 - app.main - INFO - 📨 GET http://localhost:8000/api/v1/audit/iso27001-compliance
2026-02-06 11:02:11 - app.main - INFO - 📨 GET http://localhost:8000/api/v1/audit/pcidss-compliance
2026-02-06 11:02:11 - app.main - INFO - 📨 GET http://localhost:8000/api/v1/audit/top-vendors?limit=5
2026-02-06 11:02:11 - app.main - INFO - 📨 GET http://localhost:8000/api/v1/audit/statistics
2026-02-06 11:02:11 - app.main - INFO - 📨 GET http://localhost:8000/api/v1/audit/iso27001-compliance
2026-02-06 11:02:11,642 INFO sqlalchemy.engine.Engine BEGIN (implicit)
2026-02-06 11:02:11,642 INFO sqlalchemy.engine.Engine SELECT vendors.id, vendors.name, vendors.description, vendors.category, vendors.contact_email, vendors.contact_phone, vendors.website, vendors.risk_level, vendors.last_risk_assessment, vendors.next_risk_assessment, vendors.contract_start_date, vendors.contract_end_date, vendors.contract_value, vendors.application_name, vendors.certificate_type, vendors.certificate_issue_date, vendors.certificate_expiry_date, vendors.compliance_status, vendors.compliance_rate, vendors.compliant_controls, vendors.non_compliant_controls, vendors.last_compliance_check, vendors.organization_id, vendors.created_at, vendors.updated_at 
FROM vendors
2026-02-06 11:02:11,642 INFO sqlalchemy.engine.Engine [cached since 231.5s ago] ()
2026-02-06 11:02:11,642 INFO sqlalchemy.engine.Engine BEGIN (implicit)
2026-02-06 11:02:11,643 INFO sqlalchemy.engine.Engine SELECT applications.id, applications.name, applications.description, applications.application_type, applications.version, applications.url, applications.risk_level, applications.business_criticality, applications.data_classification, applications.owner, applications.vendor_name, applications.owner_id, applications.organization_id, applications.technology_stack, applications.environment, applications.hosting_type, applications.compliance_requirements, applications.last_security_review, applications.next_security_review, applications.created_at, applications.updated_at 
FROM applications
2026-02-06 11:02:11,643 INFO sqlalchemy.engine.Engine [generated in 0.00006s] ()
2026-02-06 11:02:11,646 INFO sqlalchemy.engine.Engine SELECT vendor_certificates.vendor_id AS vendor_certificates_vendor_id, vendor_certificates.id AS vendor_certificates_id, vendor_certificates.certificate_type AS vendor_certificates_certificate_type, vendor_certificates.certificate_number AS vendor_certificates_certificate_number, vendor_certificates.issue_date AS vendor_certificates_issue_date, vendor_certificates.expiry_date AS vendor_certificates_expiry_date, vendor_certificates.status AS vendor_certificates_status, vendor_certificates.issuing_authority AS vendor_certificates_issuing_authority, vendor_certificates.certificate_url AS vendor_certificates_certificate_url, vendor_certificates.scope AS vendor_certificates_scope, vendor_certificates.notes AS vendor_certificates_notes, vendor_certificates.application_id AS vendor_certificates_application_id, vendor_certificates.created_at AS vendor_certificates_created_at, vendor_certificates.updated_at AS vendor_certificates_updated_at 
FROM vendor_certificates 
WHERE vendor_certificates.vendor_id IN ($1::INTEGER, $2::INTEGER, $3::INTEGER, $4::INTEGER, $5::INTEGER, $6::INTEGER, $7::INTEGER, $8::INTEGER, $9::INTEGER, $10::INTEGER, $11::INTEGER, $12::INTEGER, $13::INTEGER, $14::INTEGER, $15::INTEGER, $16::INTEGER, $17::INTEGER, $18::INTEGER, $19::INTEGER, $20::INTEGER, $21::INTEGER, $22::INTEGER, $23::INTEGER, $24::INTEGER, $25::INTEGER, $26::INTEGER, $27::INTEGER, $28::INTEGER, $29::INTEGER, $30::INTEGER, $31::INTEGER, $32::INTEGER, $33::INTEGER, $34::INTEGER, $35::INTEGER, $36::INTEGER, $37::INTEGER, $38::INTEGER, $39::INTEGER, $40::INTEGER, $41::INTEGER, $42::INTEGER, $43::INTEGER)
2026-02-06 11:02:11,646 INFO sqlalchemy.engine.Engine [cached since 231.5s ago] (26, 27, 8, 7, 10, 11, 16, 17, 18, 19, 20, 21, 22, 23, 24, 25, 1, 2, 3, 4, 5, 6, 9, 12, 13, 14, 15, 28, 29, 30, 31, 32, 33, 34, 35, 36, 37, 38, 39, 40, 41, 42, 43)
2026-02-06 11:02:11,648 INFO sqlalchemy.engine.Engine COMMIT
2026-02-06 11:02:11 - app.main - INFO - ⚡ Completed in 0.0148s - Status: 200
INFO:     127.0.0.1:59925 - "GET /api/v1/audit/statistics HTTP/1.1" 200 OK
2026-02-06 11:02:11 - app.main - INFO - 📨 GET http://localhost:8000/api/v1/audit/top-vendors?limit=5
2026-02-06 11:02:11,654 INFO sqlalchemy.engine.Engine BEGIN (implicit)
2026-02-06 11:02:11,654 INFO sqlalchemy.engine.Engine SELECT vendors.id, vendors.name, vendors.description, vendors.category, vendors.contact_email, vendors.contact_phone, vendors.website, vendors.risk_level, vendors.last_risk_assessment, vendors.next_risk_assessment, vendors.contract_start_date, vendors.contract_end_date, vendors.contract_value, vendors.application_name, vendors.certificate_type, vendors.certificate_issue_date, vendors.certificate_expiry_date, vendors.compliance_status, vendors.compliance_rate, vendors.compliant_controls, vendors.non_compliant_controls, vendors.last_compliance_check, vendors.organization_id, vendors.created_at, vendors.updated_at 
FROM vendors
2026-02-06 11:02:11,654 INFO sqlalchemy.engine.Engine [cached since 231.5s ago] ()
2026-02-06 11:02:11,656 INFO sqlalchemy.engine.Engine SELECT vendor_certificates.vendor_id AS vendor_certificates_vendor_id, vendor_certificates.id AS vendor_certificates_id, vendor_certificates.certificate_type AS vendor_certificates_certificate_type, vendor_certificates.certificate_number AS vendor_certificates_certificate_number, vendor_certificates.issue_date AS vendor_certificates_issue_date, vendor_certificates.expiry_date AS vendor_certificates_expiry_date, vendor_certificates.status AS vendor_certificates_status, vendor_certificates.issuing_authority AS vendor_certificates_issuing_authority, vendor_certificates.certificate_url AS vendor_certificates_certificate_url, vendor_certificates.scope AS vendor_certificates_scope, vendor_certificates.notes AS vendor_certificates_notes, vendor_certificates.application_id AS vendor_certificates_application_id, vendor_certificates.created_at AS vendor_certificates_created_at, vendor_certificates.updated_at AS vendor_certificates_updated_at 
FROM vendor_certificates 
WHERE vendor_certificates.vendor_id IN ($1::INTEGER, $2::INTEGER, $3::INTEGER, $4::INTEGER, $5::INTEGER, $6::INTEGER, $7::INTEGER, $8::INTEGER, $9::INTEGER, $10::INTEGER, $11::INTEGER, $12::INTEGER, $13::INTEGER, $14::INTEGER, $15::INTEGER, $16::INTEGER, $17::INTEGER, $18::INTEGER, $19::INTEGER, $20::INTEGER, $21::INTEGER, $22::INTEGER, $23::INTEGER, $24::INTEGER, $25::INTEGER, $26::INTEGER, $27::INTEGER, $28::INTEGER, $29::INTEGER, $30::INTEGER, $31::INTEGER, $32::INTEGER, $33::INTEGER, $34::INTEGER, $35::INTEGER, $36::INTEGER, $37::INTEGER, $38::INTEGER, $39::INTEGER, $40::INTEGER, $41::INTEGER, $42::INTEGER, $43::INTEGER)
2026-02-06 11:02:11,656 INFO sqlalchemy.engine.Engine [cached since 231.5s ago] (26, 27, 8, 7, 10, 11, 16, 17, 18, 19, 20, 21, 22, 23, 24, 25, 1, 2, 3, 4, 5, 6, 9, 12, 13, 14, 15, 28, 29, 30, 31, 32, 33, 34, 35, 36, 37, 38, 39, 40, 41, 42, 43)
2026-02-06 11:02:11,658 INFO sqlalchemy.engine.Engine SELECT vendor_certificates.application_id AS vendor_certificates_application_id, vendor_certificates.id AS vendor_certificates_id, vendor_certificates.certificate_type AS vendor_certificates_certificate_type, vendor_certificates.certificate_number AS vendor_certificates_certificate_number, vendor_certificates.issue_date AS vendor_certificates_issue_date, vendor_certificates.expiry_date AS vendor_certificates_expiry_date, vendor_certificates.status AS vendor_certificates_status, vendor_certificates.issuing_authority AS vendor_certificates_issuing_authority, vendor_certificates.certificate_url AS vendor_certificates_certificate_url, vendor_certificates.scope AS vendor_certificates_scope, vendor_certificates.notes AS vendor_certificates_notes, vendor_certificates.vendor_id AS vendor_certificates_vendor_id, vendor_certificates.created_at AS vendor_certificates_created_at, vendor_certificates.updated_at AS vendor_certificates_updated_at 
FROM vendor_certificates 
WHERE vendor_certificates.application_id IN ($1::INTEGER, $2::INTEGER, $3::INTEGER, $4::INTEGER, $5::INTEGER, $6::INTEGER, $7::INTEGER, $8::INTEGER, $9::INTEGER, $10::INTEGER, $11::INTEGER, $12::INTEGER, $13::INTEGER, $14::INTEGER, $15::INTEGER, $16::INTEGER, $17::INTEGER, $18::INTEGER, $19::INTEGER, $20::INTEGER, $21::INTEGER, $22::INTEGER, $23::INTEGER, $24::INTEGER, $25::INTEGER, $26::INTEGER, $27::INTEGER, $28::INTEGER, $29::INTEGER, $30::INTEGER, $31::INTEGER, $32::INTEGER, $33::INTEGER, $34::INTEGER, $35::INTEGER, $36::INTEGER)
2026-02-06 11:02:11,658 INFO sqlalchemy.engine.Engine [generated in 0.00016s] (1, 2, 3, 4, 5, 6, 7, 8, 9, 10, 11, 12, 13, 14, 15, 16, 17, 18, 19, 20, 21, 22, 23, 24, 25, 26, 27, 28, 29, 30, 31, 32, 33, 34, 35, 36)
2026-02-06 11:02:11,659 INFO sqlalchemy.engine.Engine COMMIT
2026-02-06 11:02:11,660 INFO sqlalchemy.engine.Engine COMMIT
2026-02-06 11:02:11 - app.main - INFO - ⚡ Completed in 0.0105s - Status: 200
INFO:     127.0.0.1:59925 - "GET /api/v1/audit/top-vendors?limit=5 HTTP/1.1" 200 OK
2026-02-06 11:02:11 - app.main - INFO - 📨 GET http://localhost:8000/api/v1/audit/pcidss-compliance
2026-02-06 11:02:11 - app.main - INFO - ⚡ Completed in 0.0248s - Status: 200
INFO:     127.0.0.1:59926 - "GET /api/v1/audit/iso27001-compliance HTTP/1.1" 200 OK
2026-02-06 11:02:11,662 INFO sqlalchemy.engine.Engine BEGIN (implicit)
2026-02-06 11:02:11,663 INFO sqlalchemy.engine.Engine SELECT applications.id, applications.name, applications.description, applications.application_type, applications.version, applications.url, applications.risk_level, applications.business_criticality, applications.data_classification, applications.owner, applications.vendor_name, applications.owner_id, applications.organization_id, applications.technology_stack, applications.environment, applications.hosting_type, applications.compliance_requirements, applications.last_security_review, applications.next_security_review, applications.created_at, applications.updated_at 
FROM applications
2026-02-06 11:02:11,663 INFO sqlalchemy.engine.Engine [cached since 0.0196s ago] ()
2026-02-06 11:02:11,672 INFO sqlalchemy.engine.Engine SELECT vendor_certificates.application_id AS vendor_certificates_application_id, vendor_certificates.id AS vendor_certificates_id, vendor_certificates.certificate_type AS vendor_certificates_certificate_type, vendor_certificates.certificate_number AS vendor_certificates_certificate_number, vendor_certificates.issue_date AS vendor_certificates_issue_date, vendor_certificates.expiry_date AS vendor_certificates_expiry_date, vendor_certificates.status AS vendor_certificates_status, vendor_certificates.issuing_authority AS vendor_certificates_issuing_authority, vendor_certificates.certificate_url AS vendor_certificates_certificate_url, vendor_certificates.scope AS vendor_certificates_scope, vendor_certificates.notes AS vendor_certificates_notes, vendor_certificates.vendor_id AS vendor_certificates_vendor_id, vendor_certificates.created_at AS vendor_certificates_created_at, vendor_certificates.updated_at AS vendor_certificates_updated_at 
FROM vendor_certificates 
WHERE vendor_certificates.application_id IN ($1::INTEGER, $2::INTEGER, $3::INTEGER, $4::INTEGER, $5::INTEGER, $6::INTEGER, $7::INTEGER, $8::INTEGER, $9::INTEGER, $10::INTEGER, $11::INTEGER, $12::INTEGER, $13::INTEGER, $14::INTEGER, $15::INTEGER, $16::INTEGER, $17::INTEGER, $18::INTEGER, $19::INTEGER, $20::INTEGER, $21::INTEGER, $22::INTEGER, $23::INTEGER, $24::INTEGER, $25::INTEGER, $26::INTEGER, $27::INTEGER, $28::INTEGER, $29::INTEGER, $30::INTEGER, $31::INTEGER, $32::INTEGER, $33::INTEGER, $34::INTEGER, $35::INTEGER, $36::INTEGER)
2026-02-06 11:02:11,672 INFO sqlalchemy.engine.Engine [cached since 0.01413s ago] (1, 2, 3, 4, 5, 6, 7, 8, 9, 10, 11, 12, 13, 14, 15, 16, 17, 18, 19, 20, 21, 22, 23, 24, 25, 26, 27, 28, 29, 30, 31, 32, 33, 34, 35, 36)
2026-02-06 11:02:11,674 INFO sqlalchemy.engine.Engine COMMIT
2026-02-06 11:02:11 - app.main - INFO - ⚡ Completed in 0.0149s - Status: 200
INFO:     127.0.0.1:59925 - "GET /api/v1/audit/pcidss-compliance HTTP/1.1" 200 OK
2026-02-06 11:02:11,688 INFO sqlalchemy.engine.Engine BEGIN (implicit)
2026-02-06 11:02:11,688 INFO sqlalchemy.engine.Engine SELECT applications.id, applications.name, applications.description, applications.application_type, applications.version, applications.url, applications.risk_level, applications.business_criticality, applications.data_classification, applications.owner, applications.vendor_name, applications.owner_id, applications.organization_id, applications.technology_stack, applications.environment, applications.hosting_type, applications.compliance_requirements, applications.last_security_review, applications.next_security_review, applications.created_at, applications.updated_at 
FROM applications
2026-02-06 11:02:11,688 INFO sqlalchemy.engine.Engine [cached since 0.04512s ago] ()
2026-02-06 11:02:11,688 INFO sqlalchemy.engine.Engine BEGIN (implicit)
2026-02-06 11:02:11,688 INFO sqlalchemy.engine.Engine SELECT vendors.id, vendors.name, vendors.description, vendors.category, vendors.contact_email, vendors.contact_phone, vendors.website, vendors.risk_level, vendors.last_risk_assessment, vendors.next_risk_assessment, vendors.contract_start_date, vendors.contract_end_date, vendors.contract_value, vendors.application_name, vendors.certificate_type, vendors.certificate_issue_date, vendors.certificate_expiry_date, vendors.compliance_status, vendors.compliance_rate, vendors.compliant_controls, vendors.non_compliant_controls, vendors.last_compliance_check, vendors.organization_id, vendors.created_at, vendors.updated_at 
FROM vendors
2026-02-06 11:02:11,688 INFO sqlalchemy.engine.Engine [cached since 231.5s ago] ()
2026-02-06 11:02:11,688 INFO sqlalchemy.engine.Engine BEGIN (implicit)
2026-02-06 11:02:11,688 INFO sqlalchemy.engine.Engine SELECT vendors.id, vendors.name, vendors.description, vendors.category, vendors.contact_email, vendors.contact_phone, vendors.website, vendors.risk_level, vendors.last_risk_assessment, vendors.next_risk_assessment, vendors.contract_start_date, vendors.contract_end_date, vendors.contract_value, vendors.application_name, vendors.certificate_type, vendors.certificate_issue_date, vendors.certificate_expiry_date, vendors.compliance_status, vendors.compliance_rate, vendors.compliant_controls, vendors.non_compliant_controls, vendors.last_compliance_check, vendors.organization_id, vendors.created_at, vendors.updated_at 
FROM vendors
2026-02-06 11:02:11,688 INFO sqlalchemy.engine.Engine [cached since 231.5s ago] ()
2026-02-06 11:02:11,689 INFO sqlalchemy.engine.Engine BEGIN (implicit)
2026-02-06 11:02:11,689 INFO sqlalchemy.engine.Engine SELECT applications.id, applications.name, applications.description, applications.application_type, applications.version, applications.url, applications.risk_level, applications.business_criticality, applications.data_classification, applications.owner, applications.vendor_name, applications.owner_id, applications.organization_id, applications.technology_stack, applications.environment, applications.hosting_type, applications.compliance_requirements, applications.last_security_review, applications.next_security_review, applications.created_at, applications.updated_at 
FROM applications
2026-02-06 11:02:11,689 INFO sqlalchemy.engine.Engine [cached since 0.04555s ago] ()
2026-02-06 11:02:11,698 INFO sqlalchemy.engine.Engine SELECT vendor_certificates.application_id AS vendor_certificates_application_id, vendor_certificates.id AS vendor_certificates_id, vendor_certificates.certificate_type AS vendor_certificates_certificate_type, vendor_certificates.certificate_number AS vendor_certificates_certificate_number, vendor_certificates.issue_date AS vendor_certificates_issue_date, vendor_certificates.expiry_date AS vendor_certificates_expiry_date, vendor_certificates.status AS vendor_certificates_status, vendor_certificates.issuing_authority AS vendor_certificates_issuing_authority, vendor_certificates.certificate_url AS vendor_certificates_certificate_url, vendor_certificates.scope AS vendor_certificates_scope, vendor_certificates.notes AS vendor_certificates_notes, vendor_certificates.vendor_id AS vendor_certificates_vendor_id, vendor_certificates.created_at AS vendor_certificates_created_at, vendor_certificates.updated_at AS vendor_certificates_updated_at 
FROM vendor_certificates 
WHERE vendor_certificates.application_id IN ($1::INTEGER, $2::INTEGER, $3::INTEGER, $4::INTEGER, $5::INTEGER, $6::INTEGER, $7::INTEGER, $8::INTEGER, $9::INTEGER, $10::INTEGER, $11::INTEGER, $12::INTEGER, $13::INTEGER, $14::INTEGER, $15::INTEGER, $16::INTEGER, $17::INTEGER, $18::INTEGER, $19::INTEGER, $20::INTEGER, $21::INTEGER, $22::INTEGER, $23::INTEGER, $24::INTEGER, $25::INTEGER, $26::INTEGER, $27::INTEGER, $28::INTEGER, $29::INTEGER, $30::INTEGER, $31::INTEGER, $32::INTEGER, $33::INTEGER, $34::INTEGER, $35::INTEGER, $36::INTEGER)
2026-02-06 11:02:11,698 INFO sqlalchemy.engine.Engine [cached since 0.04005s ago] (1, 2, 3, 4, 5, 6, 7, 8, 9, 10, 11, 12, 13, 14, 15, 16, 17, 18, 19, 20, 21, 22, 23, 24, 25, 26, 27, 28, 29, 30, 31, 32, 33, 34, 35, 36)
2026-02-06 11:02:11,698 INFO sqlalchemy.engine.Engine SELECT vendor_certificates.application_id AS vendor_certificates_application_id, vendor_certificates.id AS vendor_certificates_id, vendor_certificates.certificate_type AS vendor_certificates_certificate_type, vendor_certificates.certificate_number AS vendor_certificates_certificate_number, vendor_certificates.issue_date AS vendor_certificates_issue_date, vendor_certificates.expiry_date AS vendor_certificates_expiry_date, vendor_certificates.status AS vendor_certificates_status, vendor_certificates.issuing_authority AS vendor_certificates_issuing_authority, vendor_certificates.certificate_url AS vendor_certificates_certificate_url, vendor_certificates.scope AS vendor_certificates_scope, vendor_certificates.notes AS vendor_certificates_notes, vendor_certificates.vendor_id AS vendor_certificates_vendor_id, vendor_certificates.created_at AS vendor_certificates_created_at, vendor_certificates.updated_at AS vendor_certificates_updated_at 
FROM vendor_certificates 
WHERE vendor_certificates.application_id IN ($1::INTEGER, $2::INTEGER, $3::INTEGER, $4::INTEGER, $5::INTEGER, $6::INTEGER, $7::INTEGER, $8::INTEGER, $9::INTEGER, $10::INTEGER, $11::INTEGER, $12::INTEGER, $13::INTEGER, $14::INTEGER, $15::INTEGER, $16::INTEGER, $17::INTEGER, $18::INTEGER, $19::INTEGER, $20::INTEGER, $21::INTEGER, $22::INTEGER, $23::INTEGER, $24::INTEGER, $25::INTEGER, $26::INTEGER, $27::INTEGER, $28::INTEGER, $29::INTEGER, $30::INTEGER, $31::INTEGER, $32::INTEGER, $33::INTEGER, $34::INTEGER, $35::INTEGER, $36::INTEGER)
2026-02-06 11:02:11,698 INFO sqlalchemy.engine.Engine [cached since 0.04081s ago] (1, 2, 3, 4, 5, 6, 7, 8, 9, 10, 11, 12, 13, 14, 15, 16, 17, 18, 19, 20, 21, 22, 23, 24, 25, 26, 27, 28, 29, 30, 31, 32, 33, 34, 35, 36)
2026-02-06 11:02:11,699 INFO sqlalchemy.engine.Engine SELECT vendor_certificates.vendor_id AS vendor_certificates_vendor_id, vendor_certificates.id AS vendor_certificates_id, vendor_certificates.certificate_type AS vendor_certificates_certificate_type, vendor_certificates.certificate_number AS vendor_certificates_certificate_number, vendor_certificates.issue_date AS vendor_certificates_issue_date, vendor_certificates.expiry_date AS vendor_certificates_expiry_date, vendor_certificates.status AS vendor_certificates_status, vendor_certificates.issuing_authority AS vendor_certificates_issuing_authority, vendor_certificates.certificate_url AS vendor_certificates_certificate_url, vendor_certificates.scope AS vendor_certificates_scope, vendor_certificates.notes AS vendor_certificates_notes, vendor_certificates.application_id AS vendor_certificates_application_id, vendor_certificates.created_at AS vendor_certificates_created_at, vendor_certificates.updated_at AS vendor_certificates_updated_at 
FROM vendor_certificates 
WHERE vendor_certificates.vendor_id IN ($1::INTEGER, $2::INTEGER, $3::INTEGER, $4::INTEGER, $5::INTEGER, $6::INTEGER, $7::INTEGER, $8::INTEGER, $9::INTEGER, $10::INTEGER, $11::INTEGER, $12::INTEGER, $13::INTEGER, $14::INTEGER, $15::INTEGER, $16::INTEGER, $17::INTEGER, $18::INTEGER, $19::INTEGER, $20::INTEGER, $21::INTEGER, $22::INTEGER, $23::INTEGER, $24::INTEGER, $25::INTEGER, $26::INTEGER, $27::INTEGER, $28::INTEGER, $29::INTEGER, $30::INTEGER, $31::INTEGER, $32::INTEGER, $33::INTEGER, $34::INTEGER, $35::INTEGER, $36::INTEGER, $37::INTEGER, $38::INTEGER, $39::INTEGER, $40::INTEGER, $41::INTEGER, $42::INTEGER, $43::INTEGER)
2026-02-06 11:02:11,700 INFO sqlalchemy.engine.Engine [cached since 231.5s ago] (26, 27, 8, 7, 10, 11, 16, 17, 18, 19, 20, 21, 22, 23, 24, 25, 1, 2, 3, 4, 5, 6, 9, 12, 13, 14, 15, 28, 29, 30, 31, 32, 33, 34, 35, 36, 37, 38, 39, 40, 41, 42, 43)
2026-02-06 11:02:11,700 INFO sqlalchemy.engine.Engine SELECT vendor_certificates.vendor_id AS vendor_certificates_vendor_id, vendor_certificates.id AS vendor_certificates_id, vendor_certificates.certificate_type AS vendor_certificates_certificate_type, vendor_certificates.certificate_number AS vendor_certificates_certificate_number, vendor_certificates.issue_date AS vendor_certificates_issue_date, vendor_certificates.expiry_date AS vendor_certificates_expiry_date, vendor_certificates.status AS vendor_certificates_status, vendor_certificates.issuing_authority AS vendor_certificates_issuing_authority, vendor_certificates.certificate_url AS vendor_certificates_certificate_url, vendor_certificates.scope AS vendor_certificates_scope, vendor_certificates.notes AS vendor_certificates_notes, vendor_certificates.application_id AS vendor_certificates_application_id, vendor_certificates.created_at AS vendor_certificates_created_at, vendor_certificates.updated_at AS vendor_certificates_updated_at 
FROM vendor_certificates 
WHERE vendor_certificates.vendor_id IN ($1::INTEGER, $2::INTEGER, $3::INTEGER, $4::INTEGER, $5::INTEGER, $6::INTEGER, $7::INTEGER, $8::INTEGER, $9::INTEGER, $10::INTEGER, $11::INTEGER, $12::INTEGER, $13::INTEGER, $14::INTEGER, $15::INTEGER, $16::INTEGER, $17::INTEGER, $18::INTEGER, $19::INTEGER, $20::INTEGER, $21::INTEGER, $22::INTEGER, $23::INTEGER, $24::INTEGER, $25::INTEGER, $26::INTEGER, $27::INTEGER, $28::INTEGER, $29::INTEGER, $30::INTEGER, $31::INTEGER, $32::INTEGER, $33::INTEGER, $34::INTEGER, $35::INTEGER, $36::INTEGER, $37::INTEGER, $38::INTEGER, $39::INTEGER, $40::INTEGER, $41::INTEGER, $42::INTEGER, $43::INTEGER)
2026-02-06 11:02:11,700 INFO sqlalchemy.engine.Engine [cached since 231.5s ago] (26, 27, 8, 7, 10, 11, 16, 17, 18, 19, 20, 21, 22, 23, 24, 25, 1, 2, 3, 4, 5, 6, 9, 12, 13, 14, 15, 28, 29, 30, 31, 32, 33, 34, 35, 36, 37, 38, 39, 40, 41, 42, 43)
2026-02-06 11:02:11,702 INFO sqlalchemy.engine.Engine COMMIT
2026-02-06 11:02:11,703 INFO sqlalchemy.engine.Engine COMMIT
2026-02-06 11:02:11,704 INFO sqlalchemy.engine.Engine COMMIT
2026-02-06 11:02:11,704 INFO sqlalchemy.engine.Engine COMMIT
2026-02-06 11:02:11 - app.main - INFO - ⚡ Completed in 0.0634s - Status: 200
INFO:     127.0.0.1:59923 - "GET /api/v1/audit/iso27001-compliance HTTP/1.1" 200 OK
2026-02-06 11:02:11 - app.main - INFO - ⚡ Completed in 0.0649s - Status: 200
INFO:     127.0.0.1:59924 - "GET /api/v1/audit/statistics HTTP/1.1" 200 OK
2026-02-06 11:02:11 - app.main - INFO - ⚡ Completed in 0.0651s - Status: 200
INFO:     127.0.0.1:59921 - "GET /api/v1/audit/top-vendors?limit=5 HTTP/1.1" 200 OK
2026-02-06 11:02:11 - app.main - INFO - ⚡ Completed in 0.0664s - Status: 200
INFO:     127.0.0.1:59922 - "GET /api/v1/audit/pcidss-compliance HTTP/1.1" 200 OK
